-43.5,146.0,2024-05-10,2024-05-10
-43.5,146.0,2024-10-21,2024-10-21
-43.5,146.0,2025-08-11,2025-08-11
-43.5,146.5,2024-11-11,2024-11-11
-43.5,146.5,2025-03-19,2025-03-19
-43.5,147.0,2024-04-11,2024-04-14
-43.5,147.0,2024-04-27,2024-05-04
-43.5,147.0,2024-05-25,2024-05-28
-43.5,147.0,2024-09-05,2024-09-05
-43.5,147.0,2024-10-09,2024-10-09
-43.5,147.0,2024-11-11,2024-11-11
-43.5,147.0,2025-05-12,2025-05-21
-43.5,147.0,2025-05-31,2025-05-31
-43.5,147.0,2025-08-21,2025-08-21
-43.5,147.0,2025-10-30,2025-11-02
-43.5,147.0,2026-03-18,2026-03-18
-43.5,147.0,2026-04-21,2026-04-21
-43.5,147.5,2024-10-16,2024-10-16
-43.5,147.5,2025-05-22,2025-05-23
-43.5,147.5,2026-04-15,2026-04-15
-43.0,146.0,2024-11-26,2024-11-26
-43.0,146.0,2025-04-24,2025-04-24
-43.0,146.0,2025-11-01,2025-11-01
-43.0,146.0,2026-04-21,2026-04-26
-43.0,146.5,2024-03-29,2024-04-06
-43.0,146.5,2024-04-27,2024-04-28
-43.0,146.5,2024-10-15,2024-10-21
-43.0,146.5,2025-04-30,2025-05-04
-43.0,146.5,2025-11-22,2025-11-22
-43.0,147.0,2024-04-05,2024-04-17
-43.0,147.0,2024-04-21,2024-05-04
-43.0,147.0,2024-05-06,2024-05-17
-43.0,147.0,2024-05-22,2024-05-29
-43.0,147.0,2024-07-24,2024-07-24
-43.0,147.0,2024-08-11,2024-08-11
-43.0,147.0,2024-10-09,2024-10-16
-43.0,147.0,2024-11-10,2024-11-10
-43.0,147.0,2025-01-28,2025-02-06
-43.0,147.0,2025-04-12,2025-04-24
-43.0,147.0,2025-05-01,2025-05-14
-43.0,147.0,2025-05-15,2025-05-24
-43.0,147.0,2025-06-21,2025-07-01
-43.0,147.0,2025-07-07,2025-07-07
-43.0,147.0,2025-08-16,2025-08-23
-43.0,147.0,2025-10-30,2025-11-08
-43.0,147.0,2025-12-04,2025-12-10
-43.0,147.0,2026-04-21,2026-04-26
-43.0,147.5,2024-05-01,2024-05-01
-43.0,147.5,2024-05-26,2024-05-26
-43.0,147.5,2024-09-23,2024-10-03
-43.0,147.5,2024-10-08,2024-10-15
-43.0,147.5,2024-10-23,2024-10-23
-43.0,147.5,2024-11-12,2024-11-12
-43.0,147.5,2025-02-23,2025-02-23
-43.0,147.5,2025-03-11,2025-03-11
-43.0,147.5,2025-03-27,2025-03-27
-43.0,147.5,2025-05-01,2025-05-01
-43.0,147.5,2025-05-15,2025-05-24
-43.0,147.5,2025-06-12,2025-06-12
-43.0,147.5,2025-07-16,2025-07-16
-43.0,147.5,2025-08-24,2025-08-24
-43.0,147.5,2025-10-05,2025-10-05
-43.0,147.5,2025-10-30,2025-11-02
-43.0,147.5,2025-11-22,2025-12-04
-43.0,147.5,2026-02-24,2026-02-24
-43.0,147.5,2026-03-21,2026-03-22
-43.0,147.5,2026-04-21,2026-04-21
-43.0,148.0,2024-04-06,2024-04-17
-43.0,148.0,2024-04-21,2024-04-25
-43.0,148.0,2024-10-01,2024-10-01
-43.0,148.0,2025-03-27,2025-03-27
-43.0,148.0,2025-05-02,2025-05-15
-43.0,148.0,2025-05-30,2025-05-30
-43.0,148.0,2025-10-05,2025-10-05
-43.0,148.0,2025-10-21,2025-10-21
-43.0,148.0,2025-11-21,2025-11-21
-43.0,148.0,2026-01-16,2026-01-16
-43.0,148.0,2026-04-20,2026-04-21
-42.5,145.5,2024-10-14,2024-10-15
-42.5,146.0,2024-05-12,2024-05-12
-42.5,146.0,2024-10-09,2024-10-09
-42.5,146.0,2026-04-21,2026-04-21
-42.5,146.5,2024-02-21,2024-02-27
-42.5,146.5,2024-04-05,2024-04-18
-42.5,146.5,2024-04-20,2024-05-03
-42.5,146.5,2024-05-05,2024-05-06
-42.5,146.5,2024-05-29,2024-06-06
-42.5,146.5,2024-11-15,2024-11-15
-42.5,146.5,2025-01-20,2025-01-20
-42.5,146.5,2025-04-02,2025-04-12
-42.5,146.5,2025-04-23,2025-05-05
-42.5,146.5,2025-05-29,2025-06-04
-42.5,146.5,2025-06-12,2025-06-13
-42.5,146.5,2025-08-18,2025-08-18
-42.5,146.5,2025-10-30,2025-10-30
-42.5,146.5,2025-11-15,2025-11-15
-42.5,146.5,2026-03-30,2026-03-30
-42.5,146.5,2026-04-20,2026-04-27
-42.5,147.0,2024-04-05,2024-04-17
-42.5,147.0,2024-04-28,2024-05-07
-42.5,147.0,2024-05-15,2024-05-28
-42.5,147.0,2024-05-29,2024-05-29
-42.5,147.0,2024-06-23,2024-07-03
-42.5,147.0,2024-08-05,2024-08-05
-42.5,147.0,2024-08-27,2024-08-27
-42.5,147.0,2024-09-28,2024-10-03
-42.5,147.0,2024-10-15,2024-10-25
-42.5,147.0,2024-10-30,2024-11-07
-42.5,147.0,2024-11-18,2024-11-21
-42.5,147.0,2024-12-12,2024-12-12
-42.5,147.0,2025-02-21,2025-02-21
-42.5,147.0,2025-03-27,2025-04-08
-42.5,147.0,2025-04-10,2025-04-23
-42.5,147.0,2025-04-24,2025-05-03
-42.5,147.0,2025-05-12,2025-05-23
-42.5,147.0,2025-06-01,2025-06-04
-42.5,147.0,2025-07-31,2025-07-31
-42.5,147.0,2025-08-14,2025-08-14
-42.5,147.0,2025-09-01,2025-09-01
-42.5,147.0,2025-10-15,2025-10-21
-42.5,147.0,2025-10-30,2025-11-06
-42.5,147.0,2025-11-15,2025-11-21
-42.5,147.0,2025-12-03,2025-12-04
-42.5,147.0,2026-04-08,2026-04-21
-42.5,147.0,2026-04-25,2026-04-25
-42.5,147.5,2024-01-29,2024-02-08
-42.5,147.5,2024-02-29,2024-02-29
-42.5,147.5,2024-04-21,2024-05-01
-42.5,147.5,2024-05-05,2024-05-14
-42.5,147.5,2024-05-27,2024-05-28
-42.5,147.5,2024-06-21,2024-07-03
-42.5,147.5,2024-07-06,2024-07-06
-42.5,147.5,2024-07-21,2024-07-24
-42.5,147.5,2024-08-04,2024-08-10
-42.5,147.5,2024-08-22,2024-08-22
-42.5,147.5,2024-09-10,2024-09-23
-42.5,147.5,2024-09-28,2024-10-09
-42.5,147.5,2024-10-15,2024-10-28
-42.5,147.5,2024-10-29,2024-11-11
-42.5,147.5,2024-11-12,2024-11-21
-42.5,147.5,2024-12-17,2024-12-17
-42.5,147.5,2025-02-28,2025-02-28
-42.5,147.5,2025-03-24,2025-03-24
-42.5,147.5,2025-04-17,2025-04-24
-42.5,147.5,2025-05-01,2025-05-14
-42.5,147.5,2025-05-15,2025-05-22
-42.5,147.5,2025-06-05,2025-06-05
-42.5,147.5,2025-06-25,2025-06-26
-42.5,147.5,2025-07-14,2025-07-24
-42.5,147.5,2025-08-07,2025-08-19
-42.5,147.5,2025-08-21,2025-08-31
-42.5,147.5,2025-09-06,2025-09-18
-42.5,147.5,2025-09-28,2025-10-05
-42.5,147.5,2025-10-15,2025-10-28
-42.5,147.5,2025-11-01,2025-11-11
-42.5,147.5,2025-11-19,2025-11-22
-42.5,147.5,2025-12-03,2025-12-10
-42.5,147.5,2026-02-10,2026-02-20
-42.5,147.5,2026-04-09,2026-04-21
-42.5,147.5,2026-04-23,2026-04-27
-42.5,148.0,2024-04-17,2024-04-27
-42.5,148.0,2024-05-01,2024-05-07
-42.5,148.0,2024-05-27,2024-05-27
-42.5,148.0,2024-06-24,2024-06-24
-42.5,148.0,2024-08-01,2024-08-11
-42.5,148.0,2024-10-02,2024-10-11
-42.5,148.0,2024-10-19,2024-10-19
-42.5,148.0,2024-11-02,2024-11-10
-42.5,148.0,2024-11-19,2024-11-19
-42.5,148.0,2025-03-26,2025-03-27
-42.5,148.0,2025-05-01,2025-05-14
-42.5,148.0,2025-05-15,2025-05-22
-42.5,148.0,2025-05-29,2025-06-05
-42.5,148.0,2025-07-14,2025-07-24
-42.5,148.0,2025-08-13,2025-08-18
-42.5,148.0,2025-10-05,2025-10-18
-42.5,148.0,2025-10-19,2025-10-25
-42.5,148.0,2025-11-02,2025-11-11
-42.5,148.0,2025-12-03,2025-12-11
-42.0,145.0,2024-10-14,2024-10-14
-42.0,145.0,2025-02-13,2025-02-23
-42.0,145.0,2026-04-25,2026-04-25
-42.0,145.5,2024-05-03,2024-05-05
-42.0,145.5,2024-08-12,2024-08-12
-42.0,145.5,2024-10-14,2024-10-21
-42.0,145.5,2025-02-03,2025-02-03
-42.0,145.5,2025-08-20,2025-08-20
-42.0,145.5,2025-10-28,2025-10-29
-42.0,145.5,2026-04-21,2026-04-21
-42.0,146.0,2025-02-03,2025-02-13
-42.0,146.0,2025-02-21,2025-03-05
-42.0,146.0,2025-03-07,2025-03-11
-42.0,146.0,2025-10-29,2025-10-30
-42.0,146.0,2026-04-21,2026-04-21
-42.0,146.5,2024-02-17,2024-02-27
-42.0,146.5,2024-03-31,2024-03-31
-42.0,146.5,2024-04-14,2024-04-14
-42.0,146.5,2024-05-03,2024-05-06
-42.0,146.5,2024-10-20,2024-10-21
-42.0,146.5,2024-11-12,2024-11-12
-42.0,146.5,2026-03-30,2026-03-31
-42.0,146.5,2026-04-21,2026-04-25
-42.0,147.0,2024-02-15,2024-02-26
-42.0,147.0,2024-03-27,2024-03-27
-42.0,147.0,2024-04-17,2024-04-30
-42.0,147.0,2024-05-01,2024-05-14
-42.0,147.0,2024-05-22,2024-05-28
-42.0,147.0,2024-06-07,2024-06-18
-42.0,147.0,2024-06-25,2024-06-27
-42.0,147.0,2024-07-18,2024-07-23
-42.0,147.0,2024-09-07,2024-09-16
-42.0,147.0,2024-10-01,2024-10-12
-42.0,147.0,2024-10-15,2024-10-22
-42.0,147.0,2024-10-31,2024-11-12
-42.0,147.0,2025-02-06,2025-02-06
-42.0,147.0,2025-02-25,2025-02-25
-42.0,147.0,2025-04-01,2025-04-12
-42.0,147.0,2025-04-23,2025-05-02
-42.0,147.0,2025-05-07,2025-05-20
-42.0,147.0,2025-05-21,2025-05-29
-42.0,147.0,2025-06-27,2025-06-27
-42.0,147.0,2025-08-18,2025-08-28
-42.0,147.0,2025-09-01,2025-09-06
-42.0,147.0,2025-10-18,2025-10-18
-42.0,147.0,2025-11-02,2025-11-02
-42.0,147.0,2025-11-22,2025-12-04
-42.0,147.0,2026-03-31,2026-04-12
-42.0,147.0,2026-04-16,2026-04-27
-42.0,147.5,2024-02-03,2024-02-14
-42.0,147.5,2024-03-07,2024-03-13
-42.0,147.5,2024-03-27,2024-04-05
-42.0,147.5,2024-04-10,2024-04-21
-42.0,147.5,2024-04-26,2024-05-08
-42.0,147.5,2024-05-14,2024-05-25
-42.0,147.5,2024-05-28,2024-05-28
-42.0,147.5,2024-08-03,2024-08-15
-42.0,147.5,2024-10-02,2024-10-14
-42.0,147.5,2024-10-16,2024-10-22
-42.0,147.5,2024-11-01,2024-11-10
-42.0,147.5,2025-03-14,2025-03-18
-42.0,147.5,2025-04-02,2025-04-11
-42.0,147.5,2025-04-24,2025-05-06
-42.0,147.5,2025-05-09,2025-05-22
-42.0,147.5,2025-05-23,2025-06-04
-42.0,147.5,2025-06-21,2025-06-27
-42.0,147.5,2025-07-06,2025-07-06
-42.0,147.5,2025-08-18,2025-08-24
-42.0,147.5,2025-09-01,2025-09-14
-42.0,147.5,2025-09-24,2025-10-05
-42.0,147.5,2025-10-15,2025-10-21
-42.0,147.5,2025-10-29,2025-10-30
-42.0,147.5,2025-11-18,2025-11-18
-42.0,147.5,2026-01-06,2026-01-06
-42.0,147.5,2026-03-18,2026-03-31
-42.0,147.5,2026-04-13,2026-04-23
-42.0,147.5,2026-04-27,2026-04-27
-42.0,148.0,2024-04-09,2024-04-12
-42.0,148.0,2024-05-06,2024-05-07
-42.0,148.0,2024-05-22,2024-05-25
-42.0,148.0,2024-06-29,2024-07-07
-42.0,148.0,2024-08-09,2024-08-10
-42.0,148.0,2024-09-16,2024-09-23
-42.0,148.0,2024-10-01,2024-10-09
-42.0,148.0,2024-10-19,2024-10-24
-42.0,148.0,2024-11-11,2024-11-11
-42.0,148.0,2025-04-10,2025-04-17
-42.0,148.0,2025-04-27,2025-04-27
-42.0,148.0,2025-05-12,2025-05-24
-42.0,148.0,2025-05-30,2025-06-07
-42.0,148.0,2025-06-14,2025-06-14
-42.0,148.0,2025-07-24,2025-07-24
-42.0,148.0,2025-08-08,2025-08-08
-42.0,148.0,2025-08-23,2025-08-23
-42.0,148.0,2025-09-14,2025-09-24
-42.0,148.0,2025-10-05,2025-10-18
-42.0,148.0,2025-10-21,2025-10-30
-42.0,148.0,2025-12-04,2025-12-04
-42.0,148.0,2026-04-23,2026-04-27
-42.0,148.5,2024-05-25,2024-05-25
-42.0,148.5,2024-07-05,2024-07-05
-42.0,148.5,2024-11-12,2024-11-12
-42.0,148.5,2025-04-22,2025-04-22
-42.0,148.5,2025-06-26,2025-06-26
-42.0,148.5,2025-11-20,2025-11-20
-42.0,148.5,2026-04-22,2026-04-22
-41.5,145.0,2024-05-06,2024-05-09
-41.5,145.0,2024-06-14,2024-06-14
-41.5,145.0,2024-10-03,2024-10-09
-41.5,145.0,2025-02-03,2025-02-15
-41.5,145.0,2025-02-17,2025-02-26
-41.5,145.0,2025-03-04,2025-03-12
-41.5,145.0,2025-08-18,2025-08-19
-41.5,145.0,2026-03-14,2026-03-14
-41.5,145.0,2026-03-31,2026-03-31
-41.5,145.5,2024-10-03,2024-10-09
-41.5,145.5,2025-02-03,2025-02-13
-41.5,145.5,2025-03-08,2025-03-09
-41.5,145.5,2025-04-10,2025-04-11
-41.5,145.5,2026-03-31,2026-04-08
-41.5,145.5,2026-04-27,2026-04-27
-41.5,146.0,2024-03-28,2024-04-05
-41.5,146.0,2024-04-11,2024-04-22
-41.5,146.0,2024-04-27,2024-05-09
-41.5,146.0,2024-05-11,2024-05-22
-41.5,146.0,2024-05-25,2024-06-07
-41.5,146.0,2024-09-30,2024-10-12
-41.5,146.0,2024-11-14,2024-11-14
-41.5,146.0,2025-03-13,2025-03-13
-41.5,146.0,2025-03-31,2025-03-31
-41.5,146.0,2025-04-15,2025-04-23
-41.5,146.0,2025-04-30,2025-05-13
-41.5,146.0,2025-05-14,2025-05-21
-41.5,146.0,2025-06-04,2025-06-04
-41.5,146.0,2025-06-21,2025-06-27
-41.5,146.0,2025-08-07,2025-08-07
-41.5,146.0,2025-10-28,2025-10-29
-41.5,146.0,2025-12-05,2025-12-05
-41.5,146.0,2026-03-18,2026-03-30
-41.5,146.0,2026-04-12,2026-04-25
-41.5,146.5,2024-02-26,2024-02-26
-41.5,146.5,2024-03-29,2024-04-11
-41.5,146.5,2024-04-12,2024-04-19
-41.5,146.5,2024-04-30,2024-05-13
-41.5,146.5,2024-05-14,2024-05-27
-41.5,146.5,2024-05-28,2024-06-10
-41.5,146.5,2024-06-15,2024-06-21
-41.5,146.5,2024-06-30,2024-07-04
-41.5,146.5,2024-07-23,2024-08-05
-41.5,146.5,2024-08-15,2024-08-15
-41.5,146.5,2024-09-02,2024-09-02
-41.5,146.5,2024-10-03,2024-10-15
-41.5,146.5,2024-10-25,2024-10-31
-41.5,146.5,2024-11-11,2024-11-18
-41.5,146.5,2024-12-03,2024-12-03
-41.5,146.5,2025-01-25,2025-01-25
-41.5,146.5,2025-02-20,2025-03-05
-41.5,146.5,2025-03-18,2025-03-31
-41.5,146.5,2025-04-02,2025-04-09
-41.5,146.5,2025-04-21,2025-05-03
-41.5,146.5,2025-05-07,2025-05-16
-41.5,146.5,2025-05-21,2025-05-24
-41.5,146.5,2025-06-04,2025-06-12
-41.5,146.5,2025-07-31,2025-08-07
-41.5,146.5,2025-09-01,2025-09-04
-41.5,146.5,2025-09-24,2025-09-26
-41.5,146.5,2025-10-13,2025-10-15
-41.5,146.5,2025-10-30,2025-11-11
-41.5,146.5,2025-11-14,2025-11-21
-41.5,146.5,2025-12-10,2025-12-10
-41.5,146.5,2026-02-21,2026-02-21
-41.5,146.5,2026-03-19,2026-03-20
-41.5,146.5,2026-04-13,2026-04-25
-41.5,146.5,2026-04-27,2026-04-27
-41.5,147.0,2024-01-08,2024-01-09
-41.5,147.0,2024-01-29,2024-02-09
-41.5,147.0,2024-02-15,2024-02-26
-41.5,147.0,2024-03-06,2024-03-15
-41.5,147.0,2024-03-21,2024-03-29
-41.5,147.0,2024-04-04,2024-04-16
-41.5,147.0,2024-04-19,2024-05-01
-41.5,147.0,2024-05-03,2024-05-14
-41.5,147.0,2024-05-17,2024-05-29
-41.5,147.0,2024-06-05,2024-06-18
-41.5,147.0,2024-06-21,2024-07-01
-41.5,147.0,2024-07-17,2024-07-17
-41.5,147.0,2024-08-17,2024-08-22
-41.5,147.0,2024-10-03,2024-10-15
-41.5,147.0,2024-10-19,2024-11-01
-41.5,147.0,2024-11-02,2024-11-14
-41.5,147.0,2024-11-18,2024-11-26
-41.5,147.0,2024-12-10,2024-12-20
-41.5,147.0,2025-01-02,2025-01-02
-41.5,147.0,2025-01-31,2025-02-05
-41.5,147.0,2025-02-20,2025-02-27
-41.5,147.0,2025-03-21,2025-04-02
-41.5,147.0,2025-04-05,2025-04-15
-41.5,147.0,2025-04-21,2025-05-04
-41.5,147.0,2025-05-05,2025-05-17
-41.5,147.0,2025-05-19,2025-05-31
-41.5,147.0,2025-06-03,2025-06-09
-41.5,147.0,2025-06-22,2025-06-27
-41.5,147.0,2025-07-18,2025-07-29
-41.5,147.0,2025-08-14,2025-08-24
-41.5,147.0,2025-08-31,2025-09-12
-41.5,147.0,2025-09-15,2025-09-28
-41.5,147.0,2025-10-15,2025-10-28
-41.5,147.0,2025-10-30,2025-11-10
-41.5,147.0,2025-11-15,2025-11-26
-41.5,147.0,2025-12-03,2025-12-16
-41.5,147.0,2026-01-24,2026-02-03
-41.5,147.0,2026-02-10,2026-02-17
-41.5,147.0,2026-02-27,2026-03-07
-41.5,147.0,2026-03-19,2026-03-31
-41.5,147.0,2026-04-08,2026-04-20
-41.5,147.0,2026-04-22,2026-04-27
-41.5,147.5,2024-03-12,2024-03-21
-41.5,147.5,2024-03-27,2024-04-04
-41.5,147.5,2024-04-10,2024-04-21
-41.5,147.5,2024-05-01,2024-05-14
-41.5,147.5,2024-05-17,2024-05-27
-41.5,147.5,2024-06-04,2024-06-10
-41.5,147.5,2024-06-18,2024-06-19
-41.5,147.5,2024-08-05,2024-08-18
-41.5,147.5,2024-09-20,2024-10-01
-41.5,147.5,2024-10-10,2024-10-20
-41.5,147.5,2024-10-27,2024-11-07
-41.5,147.5,2024-11-26,2024-11-26
-41.5,147.5,2025-01-03,2025-01-03
-41.5,147.5,2025-01-28,2025-01-28
-41.5,147.5,2025-03-19,2025-03-26
-41.5,147.5,2025-04-23,2025-05-03
-41.5,147.5,2025-05-09,2025-05-21
-41.5,147.5,2025-05-28,2025-05-28
-41.5,147.5,2025-06-24,2025-06-24
-41.5,147.5,2025-10-17,2025-10-17
-41.5,147.5,2025-11-02,2025-11-14
-41.5,147.5,2025-11-21,2025-11-21
-41.5,147.5,2026-02-10,2026-02-23
-41.5,147.5,2026-03-19,2026-03-31
-41.5,147.5,2026-04-10,2026-04-21
-41.5,147.5,2026-04-26,2026-04-26
-41.5,148.0,2024-04-11,2024-04-20
-41.5,148.0,2024-05-01,2024-05-07
-41.5,148.0,2024-05-28,2024-06-08
-41.5,148.0,2024-06-19,2024-07-01
-41.5,148.0,2024-08-06,2024-08-06
-41.5,148.0,2024-08-24,2024-08-24
-41.5,148.0,2024-09-09,2024-09-16
-41.5,148.0,2024-09-23,2024-10-03
-41.5,148.0,2024-10-08,2024-10-11
-41.5,148.0,2024-10-22,2024-10-30
-41.5,148.0,2024-11-11,2024-11-18
-41.5,148.0,2025-03-25,2025-03-28
-41.5,148.0,2025-04-09,2025-04-12
-41.5,148.0,2025-04-23,2025-05-01
-41.5,148.0,2025-05-09,2025-05-21
-41.5,148.0,2025-05-31,2025-06-01
-41.5,148.0,2025-07-11,2025-07-24
-41.5,148.0,2025-07-29,2025-08-07
-41.5,148.0,2025-09-09,2025-09-20
-41.5,148.0,2025-10-02,2025-10-13
-41.5,148.0,2025-10-23,2025-10-23
-41.5,148.0,2025-11-24,2025-12-03
-41.5,148.0,2025-12-11,2025-12-16
-41.5,148.0,2026-03-21,2026-04-02
-41.5,148.0,2026-04-13,2026-04-25
-41.5,148.5,2024-10-03,2024-10-03
-41.5,148.5,2025-04-09,2025-04-10
-41.5,148.5,2025-12-09,2025-12-09
-41.0,144.5,2024-04-30,2024-04-30
-41.0,144.5,2024-05-29,2024-05-29
-41.0,144.5,2024-07-09,2024-07-09
-41.0,144.5,2024-10-02,2024-10-02
-41.0,144.5,2024-10-20,2024-10-25
-41.0,144.5,2025-04-20,2025-05-03
-41.0,144.5,2025-05-04,2025-05-04
-41.0,144.5,2025-05-20,2025-05-20
-41.0,145.0,2024-02-06,2024-02-10
-41.0,145.0,2024-03-14,2024-03-22
-41.0,145.0,2024-04-04,2024-04-17
-41.0,145.0,2024-04-18,2024-05-01
-41.0,145.0,2024-05-02,2024-05-14
-41.0,145.0,2024-05-16,2024-05-29
-41.0,145.0,2024-06-04,2024-06-17
-41.0,145.0,2024-06-18,2024-06-30
-41.0,145.0,2024-07-02,2024-07-02
-41.0,145.0,2024-07-18,2024-07-18
-41.0,145.0,2024-09-28,2024-10-09
-41.0,145.0,2024-10-14,2024-10-22
-41.0,145.0,2024-11-25,2024-11-25
-41.0,145.0,2024-12-18,2024-12-18
-41.0,145.0,2025-03-24,2025-04-02
-41.0,145.0,2025-04-08,2025-04-21
-41.0,145.0,2025-04-22,2025-05-05
-41.0,145.0,2025-05-07,2025-05-20
-41.0,145.0,2025-05-21,2025-06-02
-41.0,145.0,2025-06-04,2025-06-12
-41.0,145.0,2025-06-20,2025-07-01
-41.0,145.0,2025-08-08,2025-08-18
-41.0,145.0,2025-09-05,2025-09-05
-41.0,145.0,2025-10-18,2025-10-30
-41.0,145.0,2025-11-23,2025-12-05
-41.0,145.0,2025-12-10,2025-12-18
-41.0,145.0,2026-01-02,2026-01-14
-41.0,145.0,2026-01-30,2026-01-30
-41.0,145.0,2026-03-13,2026-03-21
-41.0,145.0,2026-04-04,2026-04-17
-41.0,145.0,2026-04-18,2026-04-27
-41.0,145.5,2024-01-01,2024-01-14
-41.0,145.5,2024-01-15,2024-01-28
-41.0,145.5,2024-01-29,2024-02-10
-41.0,145.5,2024-02-12,2024-02-23
-41.0,145.5,2024-02-27,2024-03-09
-41.0,145.5,2024-03-12,2024-03-24
-41.0,145.5,2024-03-26,2024-04-08
-41.0,145.5,2024-04-09,2024-04-22
-41.0,145.5,2024-04-23,2024-05-06
-41.0,145.5,2024-05-07,2024-05-20
-41.0,145.5,2024-05-21,2024-05-29
-41.0,145.5,2024-06-04,2024-06-17
-41.0,145.5,2024-06-18,2024-07-01
-41.0,145.5,2024-07-02,2024-07-07
-41.0,145.5,2024-07-17,2024-07-30
-41.0,145.5,2024-08-01,2024-08-14
-41.0,145.5,2024-08-17,2024-08-21
-41.0,145.5,2024-09-02,2024-09-14
-41.0,145.5,2024-09-18,2024-10-01
-41.0,145.5,2024-10-04,2024-10-15
-41.0,145.5,2024-10-19,2024-11-01
-41.0,145.5,2024-11-08,2024-11-19
-41.0,145.5,2024-11-22,2024-12-05
-41.0,145.5,2024-12-07,2024-12-20
-41.0,145.5,2024-12-21,2025-01-03
-41.0,145.5,2025-01-04,2025-01-17
-41.0,145.5,2025-01-18,2025-01-31
-41.0,145.5,2025-02-01,2025-02-13
-41.0,145.5,2025-02-15,2025-02-28
-41.0,145.5,2025-03-02,2025-03-13
-41.0,145.5,2025-03-16,2025-03-29
-41.0,145.5,2025-03-30,2025-04-12
-41.0,145.5,2025-04-14,2025-04-27
-41.0,145.5,2025-04-28,2025-05-11
-41.0,145.5,2025-05-12,2025-05-25
-41.0,145.5,2025-05-27,2025-06-09
-41.0,145.5,2025-06-10,2025-06-23
-41.0,145.5,2025-06-25,2025-07-08
-41.0,145.5,2025-07-11,2025-07-20
-41.0,145.5,2025-07-27,2025-08-08
-41.0,145.5,2025-08-10,2025-08-23
-41.0,145.5,2025-08-24,2025-09-05
-41.0,145.5,2025-09-08,2025-09-21
-41.0,145.5,2025-09-26,2025-10-08
-41.0,145.5,2025-10-10,2025-10-23
-41.0,145.5,2025-10-24,2025-11-01
-41.0,145.5,2025-11-08,2025-11-21
-41.0,145.5,2025-11-23,2025-12-04
-41.0,145.5,2025-12-08,2025-12-20
-41.0,145.5,2025-12-22,2026-01-04
-41.0,145.5,2026-01-05,2026-01-15
-41.0,145.5,2026-01-21,2026-02-03
-41.0,145.5,2026-02-04,2026-02-17
-41.0,145.5,2026-02-18,2026-03-03
-41.0,145.5,2026-03-04,2026-03-17
-41.0,145.5,2026-03-18,2026-03-31
-41.0,145.5,2026-04-01,2026-04-14
-41.0,145.5,2026-04-15,2026-04-27
-41.0,146.0,2024-03-13,2024-03-13
-41.0,146.0,2024-04-05,2024-04-17
-41.0,146.0,2024-04-30,2024-05-11
-41.0,146.0,2024-05-17,2024-05-29
-41.0,146.0,2024-06-07,2024-06-12
-41.0,146.0,2024-07-05,2024-07-18
-41.0,146.0,2024-08-08,2024-08-08
-41.0,146.0,2024-09-11,2024-09-11
-41.0,146.0,2024-10-01,2024-10-02
-41.0,146.0,2024-10-25,2024-10-25
-41.0,146.0,2024-11-11,2024-11-14
-41.0,146.0,2025-01-08,2025-01-08
-41.0,146.0,2025-02-21,2025-02-21
-41.0,146.0,2025-04-11,2025-04-23
-41.0,146.0,2025-04-26,2025-05-02
-41.0,146.0,2025-05-13,2025-05-24
-41.0,146.0,2025-05-29,2025-06-10
-41.0,146.0,2025-06-29,2025-07-06
-41.0,146.0,2025-08-28,2025-08-28
-41.0,146.0,2025-11-08,2025-11-08
-41.0,146.0,2026-02-25,2026-02-25
-41.0,146.0,2026-03-28,2026-03-30
-41.0,146.0,2026-04-13,2026-04-24
-41.0,146.5,2024-03-08,2024-03-15
-41.0,146.5,2024-04-30,2024-05-10
-41.0,146.5,2024-05-22,2024-05-27
-41.0,146.5,2024-06-13,2024-06-23
-41.0,146.5,2024-07-05,2024-07-18
-41.0,146.5,2024-07-30,2024-07-30
-41.0,146.5,2024-08-14,2024-08-14
-41.0,146.5,2024-09-08,2024-09-08
-41.0,146.5,2024-10-04,2024-10-14
-41.0,146.5,2025-02-01,2025-02-01
-41.0,146.5,2025-04-27,2025-05-09
-41.0,146.5,2025-05-13,2025-05-15
-41.0,146.5,2025-05-27,2025-05-29
-41.0,146.5,2025-06-13,2025-06-20
-41.0,146.5,2025-06-30,2025-06-30
-41.0,146.5,2025-08-11,2025-08-11
-41.0,146.5,2025-09-29,2025-09-29
-41.0,146.5,2026-02-04,2026-02-04
-41.0,146.5,2026-03-19,2026-03-19
-41.0,146.5,2026-04-27,2026-04-27
-41.0,147.0,2024-01-05,2024-01-18
-41.0,147.0,2024-01-19,2024-02-01
-41.0,147.0,2024-02-02,2024-02-15
-41.0,147.0,2024-02-16,2024-02-29
-41.0,147.0,2024-03-01,2024-03-14
-41.0,147.0,2024-03-15,2024-03-28
-41.0,147.0,2024-03-29,2024-04-11
-41.0,147.0,2024-04-13,2024-04-26
-41.0,147.0,2024-04-27,2024-05-10
-41.0,147.0,2024-05-13,2024-05-26
-41.0,147.0,2024-05-27,2024-06-09
-41.0,147.0,2024-06-10,2024-06-23
-41.0,147.0,2024-06-24,2024-07-06
-41.0,147.0,2024-07-08,2024-07-20
-41.0,147.0,2024-07-23,2024-08-05
-41.0,147.0,2024-08-06,2024-08-17
-41.0,147.0,2024-08-21,2024-09-02
-41.0,147.0,2024-09-06,2024-09-19
-41.0,147.0,2024-09-21,2024-10-02
-41.0,147.0,2024-10-08,2024-10-20
-41.0,147.0,2024-10-23,2024-11-01
-41.0,147.0,2024-11-07,2024-11-19
-41.0,147.0,2024-11-21,2024-12-04
-41.0,147.0,2024-12-05,2024-12-18
-41.0,147.0,2024-12-20,2025-01-01
-41.0,147.0,2025-01-06,2025-01-07
-41.0,147.0,2025-02-20,2025-03-04
-41.0,147.0,2025-03-07,2025-03-19
-41.0,147.0,2025-03-21,2025-04-03
-41.0,147.0,2025-04-04,2025-04-14
-41.0,147.0,2025-04-18,2025-05-01
-41.0,147.0,2025-05-03,2025-05-16
-41.0,147.0,2025-05-17,2025-05-29
-41.0,147.0,2025-06-11,2025-06-23
-41.0,147.0,2025-07-16,2025-07-24
-41.0,147.0,2025-08-13,2025-08-24
-41.0,147.0,2025-09-12,2025-09-12
-41.0,147.0,2025-10-03,2025-10-11
-41.0,147.0,2025-10-18,2025-10-30
-41.0,147.0,2025-11-11,2025-11-21
-41.0,147.0,2025-11-30,2025-12-04
-41.0,147.0,2025-12-30,2025-12-30
-41.0,147.0,2026-02-20,2026-02-20
-41.0,147.0,2026-04-13,2026-04-20
-41.0,147.5,2024-01-24,2024-02-06
-41.0,147.5,2024-02-09,2024-02-15
-41.0,147.5,2024-03-06,2024-03-06
-41.0,147.5,2024-03-21,2024-03-21
-41.0,147.5,2024-04-04,2024-04-17
-41.0,147.5,2024-04-25,2024-05-08
-41.0,147.5,2024-05-09,2024-05-22
-41.0,147.5,2024-05-23,2024-06-05
-41.0,147.5,2024-06-06,2024-06-18
-41.0,147.5,2024-06-24,2024-07-05
-41.0,147.5,2024-07-08,2024-07-08
-41.0,147.5,2024-07-23,2024-08-05
-41.0,147.5,2024-08-13,2024-08-18
-41.0,147.5,2024-10-03,2024-10-15
-41.0,147.5,2024-10-19,2024-10-30
-41.0,147.5,2024-11-12,2024-11-19
-41.0,147.5,2024-11-26,2024-12-05
-41.0,147.5,2024-12-10,2024-12-10
-41.0,147.5,2025-01-29,2025-01-29
-41.0,147.5,2025-02-18,2025-02-18
-41.0,147.5,2025-03-19,2025-03-28
-41.0,147.5,2025-04-02,2025-04-10
-41.0,147.5,2025-04-22,2025-05-05
-41.0,147.5,2025-05-07,2025-05-20
-41.0,147.5,2025-05-21,2025-06-01
-41.0,147.5,2025-06-04,2025-06-11
-41.0,147.5,2025-06-19,2025-06-23
-41.0,147.5,2025-07-17,2025-07-30
-41.0,147.5,2025-07-31,2025-08-09
-41.0,147.5,2025-08-24,2025-08-24
-41.0,147.5,2025-09-09,2025-09-11
-41.0,147.5,2025-09-29,2025-09-29
-41.0,147.5,2025-10-15,2025-10-27
-41.0,147.5,2025-11-04,2025-11-14
-41.0,147.5,2025-11-20,2025-12-03
-41.0,147.5,2026-03-06,2026-03-19
-41.0,147.5,2026-03-20,2026-03-20
-41.0,147.5,2026-04-13,2026-04-26
-41.0,147.5,2026-04-27,2026-04-27
-41.0,148.0,2024-01-24,2024-01-24
-41.0,148.0,2024-03-23,2024-04-05
-41.0,148.0,2024-04-12,2024-04-15
-41.0,148.0,2024-05-05,2024-05-07
-41.0,148.0,2024-05-20,2024-05-22
-41.0,148.0,2024-06-04,2024-06-07
-41.0,148.0,2024-06-18,2024-06-19
-41.0,148.0,2024-07-04,2024-07-17
-41.0,148.0,2024-07-29,2024-08-09
-41.0,148.0,2024-08-14,2024-08-14
-41.0,148.0,2024-09-25,2024-10-08
-41.0,148.0,2024-10-09,2024-10-16
-41.0,148.0,2024-10-25,2024-10-30
-41.0,148.0,2024-11-11,2024-11-15
-41.0,148.0,2025-02-17,2025-02-25
-41.0,148.0,2025-03-19,2025-03-31
-41.0,148.0,2025-04-22,2025-05-02
-41.0,148.0,2025-05-07,2025-05-19
-41.0,148.0,2025-05-22,2025-06-04
-41.0,148.0,2025-06-06,2025-06-16
-41.0,148.0,2025-07-04,2025-07-04
-41.0,148.0,2025-08-08,2025-08-08
-41.0,148.0,2025-09-10,2025-09-10
-41.0,148.0,2025-10-16,2025-10-29
-41.0,148.0,2026-03-06,2026-03-18
-41.0,148.0,2026-03-31,2026-04-13
-41.0,148.0,2026-04-15,2026-04-27
-41.0,148.5,2024-04-14,2024-04-15
-41.0,148.5,2024-05-02,2024-05-03
-41.0,148.5,2024-10-29,2024-10-29
-40.5,145.0,2024-06-05,2024-06-05
-40.5,145.0,2024-08-02,2024-08-02
-40.5,145.0,2024-10-21,2024-10-21
-40.5,145.0,2024-11-10,2024-11-10
-40.5,148.0,2024-04-26,2024-04-26
-40.5,148.0,2024-06-12,2024-06-22
-40.5,148.0,2024-07-23,2024-07-31
-40.5,148.0,2024-08-09,2024-08-15
-40.5,148.0,2025-02-23,2025-03-04
-40.5,148.0,2025-06-19,2025-06-19
-40.5,148.0,2025-07-30,2025-07-30
-40.5,148.0,2025-09-16,2025-09-16
-40.5,148.0,2025-11-22,2025-11-29
-40.5,148.5,2024-06-05,2024-06-18
-40.5,148.5,2025-06-04,2025-06-12
-40.0,144.0,2024-05-02,2024-05-02
-40.0,144.0,2024-05-25,2024-05-28
-40.0,144.0,2024-10-09,2024-10-09
-40.0,144.0,2024-11-10,2024-11-10
-40.0,144.0,2025-01-18,2025-01-18
-40.0,144.0,2025-04-10,2025-04-10
-40.0,144.0,2025-05-04,2025-05-04
-40.0,144.0,2025-05-20,2025-06-01
-40.0,144.0,2025-07-20,2025-07-20
-40.0,144.0,2025-08-06,2025-08-07
-40.0,144.0,2025-09-19,2025-09-19
-40.0,144.0,2025-11-21,2025-11-21
-40.0,144.0,2025-12-09,2025-12-09
-40.0,144.0,2026-04-15,2026-04-18
-40.0,148.0,2024-05-11,2024-05-22
-40.0,148.0,2024-05-28,2024-06-08
-40.0,148.0,2024-06-18,2024-06-21
-40.0,148.0,2024-07-04,2024-07-05
-40.0,148.0,2024-07-18,2024-07-23
-40.0,148.0,2024-08-15,2024-08-24
-40.0,148.0,2024-10-23,2024-10-27
-40.0,148.0,2025-04-03,2025-04-16
-40.0,148.0,2025-04-17,2025-04-24
-40.0,148.0,2025-05-02,2025-05-04
-40.0,148.0,2025-05-22,2025-06-04
-40.0,148.0,2025-06-11,2025-06-22
-40.0,148.0,2025-08-13,2025-08-13
-40.0,148.0,2025-09-10,2025-09-10
-40.0,148.0,2025-10-30,2025-10-30
-40.0,148.0,2026-03-24,2026-03-24
-40.0,148.0,2026-04-26,2026-04-26
-39.5,144.0,2025-05-02,2025-05-11
-39.5,144.0,2026-04-04,2026-04-04
-39.5,148.0,2025-05-30,2025-05-30
-39.0,142.5,2026-03-23,2026-03-23
-39.0,143.5,2024-05-28,2024-05-28
-39.0,143.5,2025-01-07,2025-01-07
-39.0,143.5,2026-04-21,2026-04-21
-39.0,146.0,2024-05-07,2024-05-07
-39.0,146.0,2025-01-03,2025-01-03
-39.0,146.0,2025-09-15,2025-09-15
-39.0,146.0,2026-03-14,2026-03-14
-39.0,146.0,2026-04-19,2026-04-26
-39.0,146.5,2024-08-15,2024-08-15
-39.0,146.5,2024-10-28,2024-10-28
-39.0,146.5,2025-08-20,2025-08-20
-38.5,141.5,2024-04-14,2024-04-14
-38.5,141.5,2024-05-17,2024-05-17
-38.5,141.5,2024-06-24,2024-07-05
-38.5,141.5,2024-07-08,2024-07-09
-38.5,141.5,2024-10-03,2024-10-12
-38.5,141.5,2024-11-11,2024-11-11
-38.5,141.5,2025-02-28,2025-02-28
-38.5,141.5,2025-05-19,2025-05-19
-38.5,141.5,2025-06-03,2025-06-11
-38.5,141.5,2025-06-18,2025-06-18
-38.5,141.5,2025-09-05,2025-09-05
-38.5,141.5,2025-10-20,2025-10-29
-38.5,141.5,2025-11-20,2025-12-03
-38.5,141.5,2026-03-19,2026-03-23
-38.5,142.0,2024-08-03,2024-08-03
-38.5,142.0,2025-09-04,2025-09-04
-38.5,142.0,2025-10-09,2025-10-09
-38.5,142.0,2026-04-23,2026-04-23
-38.5,142.5,2024-04-22,2024-05-02
-38.5,142.5,2024-05-06,2024-05-09
-38.5,142.5,2024-05-22,2024-05-28
-38.5,142.5,2024-06-05,2024-06-18
-38.5,142.5,2024-07-23,2024-08-03
-38.5,142.5,2024-08-10,2024-08-21
-38.5,142.5,2024-09-03,2024-09-03
-38.5,142.5,2024-09-25,2024-10-08
-38.5,142.5,2024-10-09,2024-10-21
-38.5,142.5,2024-10-27,2024-10-27
-38.5,142.5,2024-11-20,2024-11-21
-38.5,142.5,2025-03-16,2025-03-16
-38.5,142.5,2025-04-26,2025-04-26
-38.5,142.5,2025-05-13,2025-05-18
-38.5,142.5,2025-06-30,2025-07-12
-38.5,142.5,2025-08-14,2025-08-27
-38.5,142.5,2025-09-19,2025-09-19
-38.5,142.5,2025-10-04,2025-10-14
-38.5,142.5,2025-10-18,2025-10-30
-38.5,142.5,2025-12-02,2025-12-03
-38.5,142.5,2026-04-17,2026-04-27
-38.5,143.0,2024-04-22,2024-05-04
-38.5,143.0,2024-05-07,2024-05-16
-38.5,143.0,2024-05-24,2024-05-29
-38.5,143.0,2024-06-09,2024-06-19
-38.5,143.0,2024-06-23,2024-07-03
-38.5,143.0,2024-07-29,2024-08-10
-38.5,143.0,2024-08-12,2024-08-14
-38.5,143.0,2024-09-07,2024-09-07
-38.5,143.0,2024-09-22,2024-10-01
-38.5,143.0,2024-10-08,2024-10-21
-38.5,143.0,2024-11-09,2024-11-09
-38.5,143.0,2025-05-02,2025-05-14
-38.5,143.0,2025-05-20,2025-05-29
-38.5,143.0,2025-06-10,2025-06-23
-38.5,143.0,2025-06-27,2025-06-27
-38.5,143.0,2025-07-16,2025-07-16
-38.5,143.0,2025-08-07,2025-08-18
-38.5,143.0,2025-08-23,2025-08-23
-38.5,143.0,2025-09-09,2025-09-18
-38.5,143.0,2025-09-26,2025-09-26
-38.5,143.0,2025-10-18,2025-10-30
-38.5,143.0,2025-11-03,2025-11-05
-38.5,143.0,2025-12-09,2025-12-11
-38.5,143.0,2025-12-27,2026-01-06
-38.5,143.0,2026-01-20,2026-01-20
-38.5,143.0,2026-04-20,2026-04-25
-38.5,143.5,2024-03-01,2024-03-01
-38.5,143.5,2024-03-26,2024-03-31
-38.5,143.5,2024-04-22,2024-04-28
-38.5,143.5,2024-05-14,2024-05-27
-38.5,143.5,2024-05-28,2024-05-29
-38.5,143.5,2024-06-18,2024-06-18
-38.5,143.5,2024-07-18,2024-07-30
-38.5,143.5,2024-08-01,2024-08-13
-38.5,143.5,2024-09-14,2024-09-14
-38.5,143.5,2024-10-25,2024-10-25
-38.5,143.5,2025-01-02,2025-01-02
-38.5,143.5,2025-04-02,2025-04-02
-38.5,143.5,2025-04-16,2025-04-16
-38.5,143.5,2025-05-13,2025-05-25
-38.5,143.5,2025-05-30,2025-06-10
-38.5,143.5,2025-06-21,2025-06-30
-38.5,143.5,2025-07-21,2025-07-28
-38.5,143.5,2025-08-11,2025-08-21
-38.5,143.5,2025-10-01,2025-10-01
-38.5,143.5,2025-11-01,2025-11-05
-38.5,143.5,2025-11-20,2025-11-20
-38.5,143.5,2025-12-05,2025-12-05
-38.5,143.5,2026-01-09,2026-01-20
-38.5,143.5,2026-01-24,2026-01-30
-38.5,143.5,2026-04-23,2026-04-25
-38.5,144.0,2024-02-19,2024-02-19
-38.5,144.0,2024-03-22,2024-03-31
-38.5,144.0,2024-04-14,2024-04-23
-38.5,144.0,2024-04-30,2024-05-09
-38.5,144.0,2024-05-27,2024-05-27
-38.5,144.0,2024-07-07,2024-07-07
-38.5,144.0,2024-07-31,2024-08-12
-38.5,144.0,2024-10-23,2024-10-23
-38.5,144.0,2024-11-11,2024-11-11
-38.5,144.0,2025-03-26,2025-04-02
-38.5,144.0,2025-04-16,2025-04-16
-38.5,144.0,2025-05-02,2025-05-13
-38.5,144.0,2025-05-18,2025-05-18
-38.5,144.0,2025-06-11,2025-06-20
-38.5,144.0,2025-08-11,2025-08-23
-38.5,144.0,2025-09-13,2025-09-13
-38.5,144.0,2025-10-09,2025-10-14
-38.5,144.0,2026-03-21,2026-03-23
-38.5,144.0,2026-04-05,2026-04-05
-38.5,144.0,2026-04-20,2026-04-23
-38.5,144.5,2024-01-26,2024-01-26
-38.5,144.5,2024-08-09,2024-08-09
-38.5,144.5,2024-09-03,2024-09-03
-38.5,144.5,2024-10-14,2024-10-14
-38.5,144.5,2025-10-30,2025-10-30
-38.5,144.5,2025-12-31,2025-12-31
-38.5,145.0,2024-02-17,2024-02-17
-38.5,145.0,2024-03-07,2024-03-07
-38.5,145.0,2024-05-03,2024-05-08
-38.5,145.0,2024-05-21,2024-05-29
-38.5,145.0,2024-06-06,2024-06-06
-38.5,145.0,2024-07-06,2024-07-06
-38.5,145.0,2024-07-30,2024-08-10
-38.5,145.0,2024-08-13,2024-08-14
-38.5,145.0,2024-09-10,2024-09-22
-38.5,145.0,2024-09-30,2024-10-07
-38.5,145.0,2024-10-14,2024-10-16
-38.5,145.0,2024-11-07,2024-11-07
-38.5,145.0,2024-12-06,2024-12-14
-38.5,145.0,2025-01-02,2025-01-03
-38.5,145.0,2025-01-20,2025-01-26
-38.5,145.0,2025-02-21,2025-02-21
-38.5,145.0,2025-05-01,2025-05-14
-38.5,145.0,2025-05-19,2025-05-21
-38.5,145.0,2025-06-06,2025-06-13
-38.5,145.0,2025-06-20,2025-07-03
-38.5,145.0,2025-07-18,2025-07-18
-38.5,145.0,2025-09-02,2025-09-13
-38.5,145.0,2025-09-30,2025-09-30
-38.5,145.0,2025-10-31,2025-10-31
-38.5,145.0,2025-12-11,2025-12-11
-38.5,145.0,2026-02-26,2026-02-26
-38.5,145.0,2026-04-08,2026-04-20
-38.5,145.0,2026-04-26,2026-04-26
-38.5,145.5,2024-02-01,2024-02-14
-38.5,145.5,2024-03-18,2024-03-18
-38.5,145.5,2024-05-01,2024-05-12
-38.5,145.5,2024-05-18,2024-05-18
-38.5,145.5,2024-10-14,2024-10-14
-38.5,145.5,2024-11-26,2024-12-03
-38.5,145.5,2024-12-19,2024-12-20
-38.5,145.5,2025-05-10,2025-05-22
-38.5,145.5,2025-05-30,2025-05-30
-38.5,145.5,2025-06-16,2025-06-16
-38.5,145.5,2025-07-06,2025-07-12
-38.5,145.5,2025-08-04,2025-08-10
-38.5,145.5,2025-08-23,2025-08-23
-38.5,145.5,2025-09-18,2025-09-18
-38.5,145.5,2025-10-21,2025-11-01
-38.5,145.5,2025-12-09,2025-12-10
-38.5,145.5,2026-01-02,2026-01-02
-38.5,145.5,2026-01-26,2026-01-26
-38.5,145.5,2026-04-19,2026-04-25
-38.5,146.0,2024-01-20,2024-01-20
-38.5,146.0,2024-05-01,2024-05-08
-38.5,146.0,2024-05-16,2024-05-29
-38.5,146.0,2024-06-06,2024-06-17
-38.5,146.0,2024-06-22,2024-07-02
-38.5,146.0,2024-08-04,2024-08-15
-38.5,146.0,2024-08-22,2024-08-22
-38.5,146.0,2024-09-17,2024-09-30
-38.5,146.0,2024-10-02,2024-10-15
-38.5,146.0,2024-10-20,2024-10-27
-38.5,146.0,2024-11-11,2024-11-15
-38.5,146.0,2024-11-26,2024-12-07
-38.5,146.0,2025-02-25,2025-02-25
-38.5,146.0,2025-04-09,2025-04-15
-38.5,146.0,2025-04-23,2025-05-06
-38.5,146.0,2025-05-13,2025-05-21
-38.5,146.0,2025-05-29,2025-06-10
-38.5,146.0,2025-06-12,2025-06-21
-38.5,146.0,2025-08-02,2025-08-13
-38.5,146.0,2025-08-20,2025-08-24
-38.5,146.0,2025-09-13,2025-09-18
-38.5,146.0,2025-10-07,2025-10-20
-38.5,146.0,2025-11-01,2025-11-01
-38.5,146.0,2026-02-20,2026-02-20
-38.5,146.0,2026-03-14,2026-03-14
-38.5,146.0,2026-04-15,2026-04-27
-38.5,146.5,2024-04-15,2024-04-23
-38.5,146.5,2024-04-30,2024-05-04
-38.5,146.5,2024-05-26,2024-05-29
-38.5,146.5,2024-06-20,2024-06-30
-38.5,146.5,2024-08-05,2024-08-05
-38.5,146.5,2024-08-24,2024-08-28
-38.5,146.5,2024-09-12,2024-09-22
-38.5,146.5,2024-10-03,2024-10-03
-38.5,146.5,2024-11-08,2024-11-15
-38.5,146.5,2024-12-04,2024-12-04
-38.5,146.5,2025-01-22,2025-01-22
-38.5,146.5,2025-04-09,2025-04-18
-38.5,146.5,2025-04-28,2025-05-03
-38.5,146.5,2025-05-13,2025-05-20
-38.5,146.5,2025-06-11,2025-06-13
-38.5,146.5,2025-06-26,2025-06-30
-38.5,146.5,2025-07-19,2025-07-19
-38.5,146.5,2025-08-19,2025-08-23
-38.5,146.5,2025-09-24,2025-09-24
-38.5,146.5,2025-10-24,2025-10-24
-38.5,146.5,2026-04-05,2026-04-05
-38.5,146.5,2026-04-21,2026-04-24
-38.5,147.0,2024-04-13,2024-04-23
-38.5,147.0,2024-04-27,2024-04-27
-38.5,147.0,2024-05-13,2024-05-13
-38.5,147.0,2024-06-28,2024-06-28
-38.5,147.0,2024-08-10,2024-08-10
-38.5,147.0,2025-04-09,2025-04-18
-38.5,147.0,2025-04-23,2025-05-06
-38.5,147.0,2025-05-19,2025-05-21
-38.5,147.0,2025-06-11,2025-06-11
-38.5,147.0,2025-08-18,2025-08-19
-38.5,147.0,2026-03-22,2026-03-24
-38.5,147.0,2026-04-05,2026-04-05
-38.5,147.0,2026-04-20,2026-04-20
-38.5,147.5,2025-01-24,2025-01-24
-38.0,140.5,2024-05-05,2024-05-08
-38.0,140.5,2024-05-26,2024-05-26
-38.0,140.5,2024-08-19,2024-08-19
-38.0,140.5,2024-10-12,2024-10-12
-38.0,140.5,2025-06-03,2025-06-11
-38.0,140.5,2025-08-12,2025-08-12
-38.0,140.5,2025-09-30,2025-10-09
-38.0,140.5,2025-10-29,2025-10-29
-38.0,140.5,2025-11-17,2025-11-17
-38.0,140.5,2026-04-23,2026-04-23
-38.0,141.0,2024-01-24,2024-01-24
-38.0,141.0,2024-04-15,2024-04-28
-38.0,141.0,2024-05-09,2024-05-20
-38.0,141.0,2024-05-27,2024-06-05
-38.0,141.0,2024-08-19,2024-08-29
-38.0,141.0,2024-10-05,2024-10-09
-38.0,141.0,2025-05-01,2025-05-02
-38.0,141.0,2025-05-20,2025-05-27
-38.0,141.0,2025-06-12,2025-06-20
-38.0,141.0,2025-06-27,2025-07-08
-38.0,141.0,2025-08-02,2025-08-06
-38.0,141.0,2025-08-22,2025-09-04
-38.0,141.0,2025-09-05,2025-09-17
-38.0,141.0,2025-10-15,2025-10-15
-38.0,141.0,2026-01-20,2026-02-02
-38.0,141.0,2026-03-19,2026-03-30
-38.0,141.5,2024-01-24,2024-01-24
-38.0,141.5,2024-04-06,2024-04-14
-38.0,141.5,2024-04-22,2024-05-03
-38.0,141.5,2024-05-06,2024-05-18
-38.0,141.5,2024-05-20,2024-05-28
-38.0,141.5,2024-06-05,2024-06-06
-38.0,141.5,2024-06-21,2024-07-04
-38.0,141.5,2024-07-18,2024-07-31
-38.0,141.5,2024-09-25,2024-10-08
-38.0,141.5,2024-10-09,2024-10-21
-38.0,141.5,2024-10-28,2024-11-07
-38.0,141.5,2024-11-22,2024-11-22
-38.0,141.5,2025-03-09,2025-03-09
-38.0,141.5,2025-05-11,2025-05-22
-38.0,141.5,2025-05-28,2025-06-10
-38.0,141.5,2025-06-17,2025-06-23
-38.0,141.5,2025-07-01,2025-07-12
-38.0,141.5,2025-08-14,2025-08-27
-38.0,141.5,2025-10-09,2025-10-20
-38.0,141.5,2025-10-31,2025-11-05
-38.0,141.5,2025-12-05,2025-12-05
-38.0,141.5,2026-03-19,2026-03-19
-38.0,142.0,2024-03-25,2024-04-06
-38.0,142.0,2024-04-14,2024-04-27
-38.0,142.0,2024-04-28,2024-05-07
-38.0,142.0,2024-05-12,2024-05-17
-38.0,142.0,2024-05-27,2024-06-06
-38.0,142.0,2024-06-20,2024-07-03
-38.0,142.0,2024-07-04,2024-07-04
-38.0,142.0,2024-07-23,2024-08-05
-38.0,142.0,2024-08-24,2024-09-03
-38.0,142.0,2024-09-10,2024-09-20
-38.0,142.0,2024-10-04,2024-10-09
-38.0,142.0,2024-10-19,2024-10-29
-38.0,142.0,2024-11-15,2024-11-15
-38.0,142.0,2025-03-10,2025-03-18
-38.0,142.0,2025-03-25,2025-04-05
-38.0,142.0,2025-04-10,2025-04-11
-38.0,142.0,2025-04-24,2025-05-03
-38.0,142.0,2025-05-13,2025-05-25
-38.0,142.0,2025-05-29,2025-06-04
-38.0,142.0,2025-06-13,2025-06-25
-38.0,142.0,2025-07-01,2025-07-06
-38.0,142.0,2025-07-30,2025-08-08
-38.0,142.0,2025-08-20,2025-08-20
-38.0,142.0,2025-09-13,2025-09-26
-38.0,142.0,2025-10-09,2025-10-20
-38.0,142.0,2025-10-27,2025-11-01
-38.0,142.0,2025-12-02,2025-12-03
-38.0,142.0,2026-02-15,2026-02-15
-38.0,142.0,2026-03-18,2026-03-19
-38.0,142.0,2026-04-05,2026-04-05
-38.0,142.0,2026-04-20,2026-04-27
-38.0,142.5,2024-01-30,2024-02-09
-38.0,142.5,2024-02-13,2024-02-15
-38.0,142.5,2024-03-21,2024-03-30
-38.0,142.5,2024-04-05,2024-04-15
-38.0,142.5,2024-04-21,2024-04-28
-38.0,142.5,2024-05-06,2024-05-16
-38.0,142.5,2024-05-21,2024-05-28
-38.0,142.5,2024-06-05,2024-06-18
-38.0,142.5,2024-06-21,2024-06-26
-38.0,142.5,2024-07-09,2024-07-09
-38.0,142.5,2024-07-23,2024-08-05
-38.0,142.5,2024-08-09,2024-08-19
-38.0,142.5,2024-08-24,2024-08-30
-38.0,142.5,2024-09-08,2024-09-08
-38.0,142.5,2024-09-29,2024-10-09
-38.0,142.5,2024-11-11,2024-11-11
-38.0,142.5,2024-12-03,2024-12-14
-38.0,142.5,2025-01-13,2025-01-13
-38.0,142.5,2025-02-02,2025-02-02
-38.0,142.5,2025-03-18,2025-03-29
-38.0,142.5,2025-04-01,2025-04-11
-38.0,142.5,2025-04-15,2025-04-24
-38.0,142.5,2025-05-01,2025-05-14
-38.0,142.5,2025-05-20,2025-06-02
-38.0,142.5,2025-06-04,2025-06-17
-38.0,142.5,2025-06-19,2025-07-02
-38.0,142.5,2025-07-06,2025-07-12
-38.0,142.5,2025-08-07,2025-08-20
-38.0,142.5,2025-08-23,2025-09-05
-38.0,142.5,2025-09-14,2025-09-18
-38.0,142.5,2025-10-04,2025-10-14
-38.0,142.5,2025-10-20,2025-10-29
-38.0,142.5,2025-11-05,2025-11-05
-38.0,142.5,2025-12-17,2025-12-17
-38.0,142.5,2026-01-27,2026-02-05
-38.0,142.5,2026-02-19,2026-03-04
-38.0,142.5,2026-03-06,2026-03-19
-38.0,142.5,2026-03-20,2026-03-29
-38.0,142.5,2026-04-04,2026-04-15
-38.0,142.5,2026-04-21,2026-04-27
-38.0,143.0,2024-02-06,2024-02-18
-38.0,143.0,2024-03-18,2024-03-31
-38.0,143.0,2024-04-05,2024-04-15
-38.0,143.0,2024-04-21,2024-05-01
-38.0,143.0,2024-05-05,2024-05-16
-38.0,143.0,2024-05-20,2024-05-29
-38.0,143.0,2024-06-17,2024-06-21
-38.0,143.0,2024-07-09,2024-07-09
-38.0,143.0,2024-07-30,2024-08-05
-38.0,143.0,2024-08-21,2024-09-03
-38.0,143.0,2024-09-11,2024-09-22
-38.0,143.0,2024-09-28,2024-10-02
-38.0,143.0,2024-11-09,2024-11-10
-38.0,143.0,2025-02-28,2025-03-13
-38.0,143.0,2025-03-14,2025-03-27
-38.0,143.0,2025-03-28,2025-04-10
-38.0,143.0,2025-04-11,2025-04-24
-38.0,143.0,2025-05-01,2025-05-13
-38.0,143.0,2025-05-20,2025-06-02
-38.0,143.0,2025-06-04,2025-06-13
-38.0,143.0,2025-06-20,2025-06-27
-38.0,143.0,2025-07-08,2025-07-10
-38.0,143.0,2025-07-30,2025-08-05
-38.0,143.0,2025-09-14,2025-09-21
-38.0,143.0,2025-10-04,2025-10-17
-38.0,143.0,2025-11-27,2025-12-01
-38.0,143.0,2026-02-02,2026-02-02
-38.0,143.0,2026-02-23,2026-03-06
-38.0,143.0,2026-03-09,2026-03-22
-38.0,143.0,2026-03-23,2026-04-05
-38.0,143.0,2026-04-13,2026-04-26
-38.0,143.0,2026-04-27,2026-04-27
-38.0,143.5,2024-02-15,2024-02-28
-38.0,143.5,2024-03-14,2024-03-27
-38.0,143.5,2024-03-28,2024-04-10
-38.0,143.5,2024-04-14,2024-04-23
-38.0,143.5,2024-04-28,2024-05-08
-38.0,143.5,2024-05-16,2024-05-28
-38.0,143.5,2024-08-21,2024-08-21
-38.0,143.5,2024-09-07,2024-09-11
-38.0,143.5,2024-11-14,2024-11-14
-38.0,143.5,2025-03-13,2025-03-26
-38.0,143.5,2025-03-27,2025-04-02
-38.0,143.5,2025-04-10,2025-04-23
-38.0,143.5,2025-05-02,2025-05-13
-38.0,143.5,2025-05-19,2025-05-30
-38.0,143.5,2025-07-10,2025-07-10
-38.0,143.5,2025-07-24,2025-07-24
-38.0,143.5,2025-08-09,2025-08-21
-38.0,143.5,2025-09-08,2025-09-08
-38.0,143.5,2025-09-29,2025-09-29
-38.0,143.5,2025-11-20,2025-11-20
-38.0,143.5,2026-01-27,2026-01-27
-38.0,143.5,2026-03-06,2026-03-19
-38.0,143.5,2026-03-20,2026-04-02
-38.0,143.5,2026-04-03,2026-04-15
-38.0,143.5,2026-04-17,2026-04-27
-38.0,144.0,2024-02-16,2024-02-16
-38.0,144.0,2024-03-23,2024-03-31
-38.0,144.0,2024-04-11,2024-04-22
-38.0,144.0,2024-04-28,2024-05-08
-38.0,144.0,2024-05-15,2024-05-28
-38.0,144.0,2024-07-01,2024-07-01
-38.0,144.0,2024-07-17,2024-07-23
-38.0,144.0,2024-08-01,2024-08-14
-38.0,144.0,2024-09-17,2024-09-29
-38.0,144.0,2024-10-12,2024-10-12
-38.0,144.0,2024-11-16,2024-11-16
-38.0,144.0,2025-03-18,2025-03-29
-38.0,144.0,2025-04-02,2025-04-15
-38.0,144.0,2025-04-17,2025-04-24
-38.0,144.0,2025-05-02,2025-05-13
-38.0,144.0,2025-05-19,2025-05-31
-38.0,144.0,2025-06-03,2025-06-13
-38.0,144.0,2025-07-17,2025-07-29
-38.0,144.0,2025-08-03,2025-08-09
-38.0,144.0,2025-08-19,2025-08-31
-38.0,144.0,2025-10-03,2025-10-06
-38.0,144.0,2025-10-18,2025-10-18
-38.0,144.0,2025-11-01,2025-11-01
-38.0,144.0,2025-12-31,2026-01-11
-38.0,144.0,2026-03-14,2026-03-23
-38.0,144.0,2026-03-29,2026-04-05
-38.0,144.0,2026-04-17,2026-04-27
-38.0,144.5,2024-01-04,2024-01-09
-38.0,144.5,2024-01-20,2024-02-02
-38.0,144.5,2024-02-03,2024-02-16
-38.0,144.5,2024-02-21,2024-03-05
-38.0,144.5,2024-03-09,2024-03-21
-38.0,144.5,2024-03-23,2024-03-31
-38.0,144.5,2024-04-14,2024-04-23
-38.0,144.5,2024-04-28,2024-05-11
-38.0,144.5,2024-05-12,2024-05-23
-38.0,144.5,2024-05-26,2024-06-07
-38.0,144.5,2024-06-10,2024-06-23
-38.0,144.5,2024-06-29,2024-07-03
-38.0,144.5,2024-07-20,2024-07-31
-38.0,144.5,2024-08-05,2024-08-18
-38.0,144.5,2024-08-22,2024-09-01
-38.0,144.5,2024-09-07,2024-09-17
-38.0,144.5,2024-09-21,2024-10-02
-38.0,144.5,2024-10-07,2024-10-20
-38.0,144.5,2024-10-23,2024-11-01
-38.0,144.5,2024-11-07,2024-11-15
-38.0,144.5,2024-11-21,2024-12-04
-38.0,144.5,2024-12-05,2024-12-18
-38.0,144.5,2024-12-19,2025-01-01
-38.0,144.5,2025-01-02,2025-01-12
-38.0,144.5,2025-01-17,2025-01-26
-38.0,144.5,2025-02-01,2025-02-14
-38.0,144.5,2025-02-23,2025-03-08
-38.0,144.5,2025-03-11,2025-03-24
-38.0,144.5,2025-03-25,2025-04-07
-38.0,144.5,2025-04-10,2025-04-23
-38.0,144.5,2025-04-30,2025-05-13
-38.0,144.5,2025-05-14,2025-05-26
-38.0,144.5,2025-05-31,2025-06-11
-38.0,144.5,2025-06-16,2025-06-26
-38.0,144.5,2025-07-01,2025-07-13
-38.0,144.5,2025-07-17,2025-07-28
-38.0,144.5,2025-08-01,2025-08-14
-38.0,144.5,2025-08-18,2025-08-24
-38.0,144.5,2025-09-04,2025-09-14
-38.0,144.5,2025-09-18,2025-09-30
-38.0,144.5,2025-10-07,2025-10-17
-38.0,144.5,2025-10-23,2025-11-05
-38.0,144.5,2025-11-18,2025-11-27
-38.0,144.5,2025-12-02,2025-12-14
-38.0,144.5,2025-12-16,2025-12-27
-38.0,144.5,2026-01-02,2026-01-10
-38.0,144.5,2026-01-16,2026-01-27
-38.0,144.5,2026-02-05,2026-02-16
-38.0,144.5,2026-02-19,2026-03-04
-38.0,144.5,2026-03-05,2026-03-14
-38.0,144.5,2026-03-20,2026-04-02
-38.0,144.5,2026-04-06,2026-04-16
-38.0,144.5,2026-04-20,2026-04-27
-38.0,145.0,2024-01-12,2024-01-23
-38.0,145.0,2024-01-26,2024-02-08
-38.0,145.0,2024-02-09,2024-02-22
-38.0,145.0,2024-02-24,2024-03-08
-38.0,145.0,2024-03-09,2024-03-22
-38.0,145.0,2024-03-23,2024-04-05
-38.0,145.0,2024-04-07,2024-04-19
-38.0,145.0,2024-04-21,2024-05-04
-38.0,145.0,2024-05-05,2024-05-16
-38.0,145.0,2024-05-21,2024-05-29
-38.0,145.0,2024-06-06,2024-06-18
-38.0,145.0,2024-06-20,2024-07-03
-38.0,145.0,2024-07-06,2024-07-06
-38.0,145.0,2024-07-20,2024-08-02
-38.0,145.0,2024-08-03,2024-08-15
-38.0,145.0,2024-08-17,2024-08-30
-38.0,145.0,2024-08-31,2024-09-12
-38.0,145.0,2024-09-14,2024-09-25
-38.0,145.0,2024-09-28,2024-10-10
-38.0,145.0,2024-10-12,2024-10-25
-38.0,145.0,2024-10-26,2024-11-08
-38.0,145.0,2024-11-09,2024-11-21
-38.0,145.0,2024-11-28,2024-12-11
-38.0,145.0,2024-12-12,2024-12-25
-38.0,145.0,2025-01-08,2025-01-21
-38.0,145.0,2025-01-22,2025-02-02
-38.0,145.0,2025-02-05,2025-02-17
-38.0,145.0,2025-02-20,2025-03-04
-38.0,145.0,2025-03-06,2025-03-18
-38.0,145.0,2025-03-21,2025-04-01
-38.0,145.0,2025-04-05,2025-04-18
-38.0,145.0,2025-04-21,2025-05-04
-38.0,145.0,2025-05-05,2025-05-18
-38.0,145.0,2025-05-19,2025-06-01
-38.0,145.0,2025-06-02,2025-06-15
-38.0,145.0,2025-06-16,2025-06-28
-38.0,145.0,2025-06-30,2025-07-13
-38.0,145.0,2025-07-15,2025-07-28
-38.0,145.0,2025-07-29,2025-08-11
-38.0,145.0,2025-08-12,2025-08-24
-38.0,145.0,2025-08-28,2025-09-09
-38.0,145.0,2025-09-11,2025-09-22
-38.0,145.0,2025-09-27,2025-10-09
-38.0,145.0,2025-10-11,2025-10-18
-38.0,145.0,2025-10-28,2025-11-05
-38.0,145.0,2025-11-11,2025-11-24
-38.0,145.0,2025-11-25,2025-12-02
-38.0,145.0,2025-12-09,2025-12-13
-38.0,145.0,2025-12-27,2025-12-28
-38.0,145.0,2026-01-18,2026-01-30
-38.0,145.0,2026-02-01,2026-02-14
-38.0,145.0,2026-02-15,2026-02-26
-38.0,145.0,2026-03-04,2026-03-17
-38.0,145.0,2026-03-20,2026-04-02
-38.0,145.0,2026-04-03,2026-04-15
-38.0,145.0,2026-04-18,2026-04-27
-38.0,145.5,2024-03-16,2024-03-29
-38.0,145.5,2024-05-01,2024-05-05
-38.0,145.5,2024-05-17,2024-05-17
-38.0,145.5,2024-06-09,2024-06-09
-38.0,145.5,2024-08-22,2024-08-22
-38.0,145.5,2024-10-05,2024-10-08
-38.0,145.5,2024-11-09,2024-11-15
-38.0,145.5,2024-11-28,2024-12-11
-38.0,145.5,2024-12-15,2024-12-21
-38.0,145.5,2024-12-31,2024-12-31
-38.0,145.5,2025-01-31,2025-01-31
-38.0,145.5,2025-04-01,2025-04-13
-38.0,145.5,2025-04-19,2025-05-01
-38.0,145.5,2025-05-03,2025-05-14
-38.0,145.5,2025-05-19,2025-05-25
-38.0,145.5,2025-06-05,2025-06-05
-38.0,145.5,2025-06-28,2025-06-28
-38.0,145.5,2025-07-18,2025-07-18
-38.0,145.5,2025-08-11,2025-08-23
-38.0,145.5,2025-08-25,2025-09-01
-38.0,145.5,2025-09-15,2025-09-15
-38.0,145.5,2025-10-11,2025-10-11
-38.0,145.5,2025-12-17,2025-12-18
-38.0,145.5,2026-04-04,2026-04-12
-38.0,145.5,2026-04-20,2026-04-26
-38.0,146.0,2024-03-26,2024-03-31
-38.0,146.0,2024-04-30,2024-05-07
-38.0,146.0,2024-05-14,2024-05-16
-38.0,146.0,2024-07-30,2024-08-11
-38.0,146.0,2024-08-14,2024-08-14
-38.0,146.0,2024-09-17,2024-09-17
-38.0,146.0,2024-10-02,2024-10-08
-38.0,146.0,2024-10-27,2024-10-27
-38.0,146.0,2024-12-01,2024-12-01
-38.0,146.0,2025-03-12,2025-03-12
-38.0,146.0,2025-03-27,2025-04-09
-38.0,146.0,2025-04-10,2025-04-13
-38.0,146.0,2025-04-24,2025-05-05
-38.0,146.0,2025-05-08,2025-05-20
-38.0,146.0,2025-05-25,2025-05-25
-38.0,146.0,2025-06-12,2025-06-21
-38.0,146.0,2025-07-07,2025-07-18
-38.0,146.0,2025-08-02,2025-08-11
-38.0,146.0,2025-08-24,2025-09-05
-38.0,146.0,2025-10-10,2025-10-23
-38.0,146.0,2025-10-24,2025-10-24
-38.0,146.0,2025-11-20,2025-11-20
-38.0,146.0,2026-04-05,2026-04-08
-38.0,146.0,2026-04-20,2026-04-27
-38.0,146.5,2024-03-26,2024-03-31
-38.0,146.5,2024-04-15,2024-04-23
-38.0,146.5,2024-04-30,2024-05-08
-38.0,146.5,2024-05-20,2024-05-29
-38.0,146.5,2024-09-01,2024-09-10
-38.0,146.5,2024-09-28,2024-09-28
-38.0,146.5,2024-12-01,2024-12-01
-38.0,146.5,2025-01-02,2025-01-11
-38.0,146.5,2025-04-09,2025-04-19
-38.0,146.5,2025-05-14,2025-05-20
-38.0,146.5,2025-07-24,2025-07-24
-38.0,146.5,2025-09-14,2025-09-14
-38.0,146.5,2025-09-29,2025-09-30
-38.0,146.5,2025-10-24,2025-10-29
-38.0,146.5,2026-04-10,2026-04-23
-38.0,146.5,2026-04-24,2026-04-27
-38.0,147.0,2024-01-04,2024-01-16
-38.0,147.0,2024-01-26,2024-01-26
-38.0,147.0,2024-02-18,2024-02-28
-38.0,147.0,2024-03-24,2024-03-31
-38.0,147.0,2024-04-12,2024-04-24
-38.0,147.0,2024-04-27,2024-05-06
-38.0,147.0,2024-05-13,2024-05-13
-38.0,147.0,2024-05-29,2024-06-06
-38.0,147.0,2024-06-14,2024-06-22
-38.0,147.0,2024-06-28,2024-07-06
-38.0,147.0,2024-07-29,2024-08-11
-38.0,147.0,2024-08-12,2024-08-24
-38.0,147.0,2024-08-26,2024-08-30
-38.0,147.0,2024-09-09,2024-09-21
-38.0,147.0,2024-09-28,2024-10-11
-38.0,147.0,2024-10-12,2024-10-25
-38.0,147.0,2024-10-26,2024-11-08
-38.0,147.0,2024-11-14,2024-11-27
-38.0,147.0,2024-11-30,2024-12-12
-38.0,147.0,2024-12-15,2024-12-28
-38.0,147.0,2024-12-29,2025-01-11
-38.0,147.0,2025-01-13,2025-01-24
-38.0,147.0,2025-01-27,2025-02-01
-38.0,147.0,2025-02-12,2025-02-25
-38.0,147.0,2025-02-26,2025-03-10
-38.0,147.0,2025-03-14,2025-03-24
-38.0,147.0,2025-03-31,2025-04-13
-38.0,147.0,2025-04-16,2025-04-29
-38.0,147.0,2025-05-01,2025-05-13
-38.0,147.0,2025-05-15,2025-05-23
-38.0,147.0,2025-06-02,2025-06-13
-38.0,147.0,2025-06-16,2025-06-29
-38.0,147.0,2025-07-03,2025-07-15
-38.0,147.0,2025-07-24,2025-08-03
-38.0,147.0,2025-08-08,2025-08-21
-38.0,147.0,2025-08-22,2025-09-04
-38.0,147.0,2025-09-05,2025-09-18
-38.0,147.0,2025-09-22,2025-09-28
-38.0,147.0,2025-10-09,2025-10-18
-38.0,147.0,2025-10-23,2025-11-02
-38.0,147.0,2025-11-07,2025-11-20
-38.0,147.0,2025-11-21,2025-11-27
-38.0,147.0,2025-12-06,2025-12-16
-38.0,147.0,2025-12-21,2026-01-02
-38.0,147.0,2026-01-05,2026-01-18
-38.0,147.0,2026-01-19,2026-02-01
-38.0,147.0,2026-02-02,2026-02-15
-38.0,147.0,2026-02-18,2026-02-28
-38.0,147.0,2026-03-05,2026-03-18
-38.0,147.0,2026-03-23,2026-04-05
-38.0,147.0,2026-04-14,2026-04-27
-38.0,147.5,2024-03-19,2024-03-19
-38.0,147.5,2024-04-12,2024-04-20
-38.0,147.5,2024-05-02,2024-05-02
-38.0,147.5,2024-05-16,2024-05-16
-38.0,147.5,2024-06-19,2024-07-01
-38.0,147.5,2024-07-30,2024-07-30
-38.0,147.5,2024-08-19,2024-08-19
-38.0,147.5,2024-10-09,2024-10-22
-38.0,147.5,2024-10-26,2024-10-26
-38.0,147.5,2024-12-07,2024-12-07
-38.0,147.5,2025-03-22,2025-04-02
-38.0,147.5,2025-05-05,2025-05-14
-38.0,147.5,2025-06-05,2025-06-18
-38.0,147.5,2025-08-07,2025-08-07
-38.0,147.5,2025-10-21,2025-10-21
-38.0,147.5,2026-04-14,2026-04-21
-38.0,148.0,2024-04-15,2024-04-23
-38.0,148.0,2024-10-13,2024-10-13
-38.0,148.0,2025-02-28,2025-03-07
-38.0,148.0,2025-04-17,2025-04-18
-38.0,148.0,2025-10-07,2025-10-07
-38.0,148.0,2026-03-14,2026-03-14
-38.0,148.0,2026-04-26,2026-04-26
-38.0,148.5,2024-02-28,2024-02-28
-38.0,148.5,2024-03-15,2024-03-26
-38.0,148.5,2024-04-14,2024-04-16
-38.0,148.5,2024-05-15,2024-05-16
-38.0,148.5,2024-10-09,2024-10-09
-38.0,148.5,2024-12-11,2024-12-11
-38.0,148.5,2025-04-17,2025-04-18
-38.0,148.5,2025-08-07,2025-08-07
-38.0,148.5,2025-12-26,2026-01-07
-38.0,148.5,2026-03-15,2026-03-15
-38.0,148.5,2026-04-18,2026-04-18
-38.0,149.0,2025-02-28,2025-02-28
-37.5,140.0,2024-02-12,2024-02-12
-37.5,140.0,2024-04-05,2024-04-17
-37.5,140.0,2024-04-22,2024-05-01
-37.5,140.0,2024-05-06,2024-05-16
-37.5,140.0,2024-06-22,2024-06-22
-37.5,140.0,2024-07-07,2024-07-07
-37.5,140.0,2024-08-10,2024-08-10
-37.5,140.0,2024-09-03,2024-09-03
-37.5,140.0,2024-10-29,2024-10-29
-37.5,140.0,2025-03-28,2025-04-01
-37.5,140.0,2025-04-24,2025-05-01
-37.5,140.0,2025-05-09,2025-05-20
-37.5,140.0,2025-06-17,2025-06-29
-37.5,140.0,2025-07-02,2025-07-02
-37.5,140.0,2025-08-02,2025-08-13
-37.5,140.0,2025-09-19,2025-09-19
-37.5,140.0,2025-10-03,2025-10-16
-37.5,140.0,2025-10-24,2025-10-24
-37.5,140.0,2026-03-23,2026-03-30
-37.5,140.0,2026-04-20,2026-04-21
-37.5,140.5,2024-04-05,2024-04-12
-37.5,140.5,2024-04-20,2024-05-02
-37.5,140.5,2024-05-05,2024-05-18
-37.5,140.5,2024-05-20,2024-05-28
-37.5,140.5,2024-06-06,2024-06-18
-37.5,140.5,2024-07-02,2024-07-07
-37.5,140.5,2024-07-29,2024-07-29
-37.5,140.5,2024-09-10,2024-09-10
-37.5,140.5,2024-10-21,2024-10-30
-37.5,140.5,2025-01-11,2025-01-12
-37.5,140.5,2025-03-13,2025-03-14
-37.5,140.5,2025-03-27,2025-04-04
-37.5,140.5,2025-04-11,2025-04-16
-37.5,140.5,2025-05-01,2025-05-13
-37.5,140.5,2025-05-19,2025-05-30
-37.5,140.5,2025-06-02,2025-06-12
-37.5,140.5,2025-06-19,2025-07-02
-37.5,140.5,2025-07-08,2025-07-08
-37.5,140.5,2025-07-30,2025-08-02
-37.5,140.5,2025-09-10,2025-09-10
-37.5,140.5,2025-10-03,2025-10-03
-37.5,140.5,2025-10-27,2025-10-27
-37.5,140.5,2025-12-07,2025-12-07
-37.5,140.5,2026-03-23,2026-04-01
-37.5,140.5,2026-04-18,2026-04-27
-37.5,141.0,2024-04-05,2024-04-15
-37.5,141.0,2024-04-20,2024-04-28
-37.5,141.0,2024-05-05,2024-05-16
-37.5,141.0,2024-05-21,2024-05-29
-37.5,141.0,2024-06-17,2024-06-29
-37.5,141.0,2024-07-05,2024-07-07
-37.5,141.0,2024-07-31,2024-08-11
-37.5,141.0,2024-08-16,2024-08-16
-37.5,141.0,2024-09-20,2024-10-02
-37.5,141.0,2024-10-21,2024-10-26
-37.5,141.0,2024-12-16,2024-12-16
-37.5,141.0,2025-02-21,2025-02-21
-37.5,141.0,2025-03-12,2025-03-13
-37.5,141.0,2025-04-01,2025-04-01
-37.5,141.0,2025-04-15,2025-04-16
-37.5,141.0,2025-05-01,2025-05-13
-37.5,141.0,2025-05-21,2025-06-03
-37.5,141.0,2025-06-10,2025-06-20
-37.5,141.0,2025-07-03,2025-07-03
-37.5,141.0,2025-07-23,2025-07-23
-37.5,141.0,2025-08-06,2025-08-11
-37.5,141.0,2025-09-14,2025-09-14
-37.5,141.0,2025-10-31,2025-10-31
-37.5,141.0,2025-12-27,2025-12-27
-37.5,141.0,2026-01-12,2026-01-12
-37.5,141.0,2026-02-10,2026-02-10
-37.5,141.0,2026-03-30,2026-04-02
-37.5,141.0,2026-04-17,2026-04-23
-37.5,141.5,2024-02-24,2024-02-24
-37.5,141.5,2024-03-26,2024-04-05
-37.5,141.5,2024-04-14,2024-04-27
-37.5,141.5,2024-04-28,2024-05-07
-37.5,141.5,2024-05-14,2024-05-25
-37.5,141.5,2024-06-13,2024-06-13
-37.5,141.5,2024-06-27,2024-07-06
-37.5,141.5,2024-07-20,2024-07-23
-37.5,141.5,2024-08-05,2024-08-14
-37.5,141.5,2024-08-22,2024-08-22
-37.5,141.5,2024-10-02,2024-10-10
-37.5,141.5,2024-11-17,2024-11-17
-37.5,141.5,2025-01-29,2025-02-04
-37.5,141.5,2025-05-02,2025-05-13
-37.5,141.5,2025-05-20,2025-06-02
-37.5,141.5,2025-06-20,2025-07-02
-37.5,141.5,2025-07-08,2025-07-21
-37.5,141.5,2025-08-08,2025-08-09
-37.5,141.5,2025-08-22,2025-08-27
-37.5,141.5,2025-09-08,2025-09-18
-37.5,141.5,2025-10-18,2025-10-20
-37.5,141.5,2025-11-01,2025-11-01
-37.5,141.5,2025-11-15,2025-11-15
-37.5,141.5,2026-04-18,2026-04-27
-37.5,142.0,2024-02-12,2024-02-24
-37.5,142.0,2024-03-22,2024-03-30
-37.5,142.0,2024-04-05,2024-04-16
-37.5,142.0,2024-04-21,2024-05-04
-37.5,142.0,2024-05-06,2024-05-11
-37.5,142.0,2024-05-20,2024-05-27
-37.5,142.0,2024-06-17,2024-06-27
-37.5,142.0,2024-07-03,2024-07-03
-37.5,142.0,2024-08-14,2024-08-14
-37.5,142.0,2024-09-11,2024-09-17
-37.5,142.0,2024-10-02,2024-10-04
-37.5,142.0,2024-10-21,2024-10-27
-37.5,142.0,2024-12-13,2024-12-20
-37.5,142.0,2025-01-27,2025-02-02
-37.5,142.0,2025-03-22,2025-04-02
-37.5,142.0,2025-04-05,2025-04-12
-37.5,142.0,2025-05-01,2025-05-13
-37.5,142.0,2025-05-21,2025-05-30
-37.5,142.0,2025-06-04,2025-06-04
-37.5,142.0,2025-06-19,2025-06-20
-37.5,142.0,2025-08-04,2025-08-14
-37.5,142.0,2025-08-20,2025-08-20
-37.5,142.0,2025-09-18,2025-09-18
-37.5,142.0,2025-10-04,2025-10-15
-37.5,142.0,2026-03-13,2026-03-25
-37.5,142.0,2026-04-20,2026-04-27
-37.5,142.5,2024-01-29,2024-01-29
-37.5,142.5,2024-03-01,2024-03-01
-37.5,142.5,2024-03-21,2024-03-29
-37.5,142.5,2024-04-04,2024-04-15
-37.5,142.5,2024-04-19,2024-05-02
-37.5,142.5,2024-05-06,2024-05-16
-37.5,142.5,2024-05-26,2024-05-29
-37.5,142.5,2024-07-31,2024-07-31
-37.5,142.5,2024-08-24,2024-09-03
-37.5,142.5,2024-09-22,2024-09-22
-37.5,142.5,2024-11-15,2024-11-15
-37.5,142.5,2024-12-17,2024-12-27
-37.5,142.5,2025-01-13,2025-01-13
-37.5,142.5,2025-01-27,2025-02-06
-37.5,142.5,2025-02-22,2025-02-22
-37.5,142.5,2025-04-01,2025-04-14
-37.5,142.5,2025-04-15,2025-04-24
-37.5,142.5,2025-05-02,2025-05-13
-37.5,142.5,2025-05-20,2025-06-01
-37.5,142.5,2025-06-18,2025-07-01
-37.5,142.5,2025-07-30,2025-08-11
-37.5,142.5,2025-08-22,2025-08-26
-37.5,142.5,2025-09-08,2025-09-19
-37.5,142.5,2025-10-01,2025-10-11
-37.5,142.5,2025-10-18,2025-10-20
-37.5,142.5,2026-02-18,2026-02-26
-37.5,142.5,2026-03-19,2026-03-29
-37.5,142.5,2026-04-02,2026-04-15
-37.5,142.5,2026-04-16,2026-04-27
-37.5,143.0,2024-02-08,2024-02-08
-37.5,143.0,2024-02-22,2024-02-27
-37.5,143.0,2024-04-04,2024-04-15
-37.5,143.0,2024-04-19,2024-05-02
-37.5,143.0,2024-05-03,2024-05-16
-37.5,143.0,2024-05-17,2024-05-28
-37.5,143.0,2024-06-09,2024-06-18
-37.5,143.0,2024-07-03,2024-07-09
-37.5,143.0,2024-07-30,2024-08-10
-37.5,143.0,2024-08-13,2024-08-13
-37.5,143.0,2024-08-27,2024-09-09
-37.5,143.0,2024-10-04,2024-10-16
-37.5,143.0,2024-10-22,2024-10-26
-37.5,143.0,2024-11-09,2024-11-09
-37.5,143.0,2024-11-29,2024-11-29
-37.5,143.0,2025-03-12,2025-03-25
-37.5,143.0,2025-03-27,2025-04-05
-37.5,143.0,2025-04-10,2025-04-23
-37.5,143.0,2025-05-01,2025-05-13
-37.5,143.0,2025-05-19,2025-05-22
-37.5,143.0,2025-06-09,2025-06-21
-37.5,143.0,2025-06-28,2025-07-01
-37.5,143.0,2025-08-02,2025-08-12
-37.5,143.0,2025-08-20,2025-09-02
-37.5,143.0,2025-09-04,2025-09-08
-37.5,143.0,2025-09-19,2025-09-22
-37.5,143.0,2025-10-04,2025-10-12
-37.5,143.0,2025-10-18,2025-10-18
-37.5,143.0,2025-11-01,2025-11-01
-37.5,143.0,2026-02-16,2026-02-18
-37.5,143.0,2026-03-18,2026-03-30
-37.5,143.0,2026-04-02,2026-04-15
-37.5,143.0,2026-04-17,2026-04-27
-37.5,143.5,2024-01-26,2024-02-01
-37.5,143.5,2024-02-09,2024-02-22
-37.5,143.5,2024-02-23,2024-02-27
-37.5,143.5,2024-03-09,2024-03-22
-37.5,143.5,2024-03-25,2024-04-07
-37.5,143.5,2024-04-14,2024-04-22
-37.5,143.5,2024-04-28,2024-05-09
-37.5,143.5,2024-05-15,2024-05-28
-37.5,143.5,2024-05-29,2024-06-07
-37.5,143.5,2024-06-17,2024-06-30
-37.5,143.5,2024-07-06,2024-07-18
-37.5,143.5,2024-08-01,2024-08-14
-37.5,143.5,2024-08-28,2024-09-06
-37.5,143.5,2024-09-14,2024-09-19
-37.5,143.5,2024-09-29,2024-10-12
-37.5,143.5,2024-10-15,2024-10-15
-37.5,143.5,2025-01-17,2025-01-17
-37.5,143.5,2025-03-18,2025-03-27
-37.5,143.5,2025-04-01,2025-04-12
-37.5,143.5,2025-04-15,2025-04-23
-37.5,143.5,2025-05-01,2025-05-13
-37.5,143.5,2025-05-15,2025-05-22
-37.5,143.5,2025-05-29,2025-06-11
-37.5,143.5,2025-06-12,2025-06-23
-37.5,143.5,2025-06-29,2025-07-11
-37.5,143.5,2025-08-02,2025-08-11
-37.5,143.5,2025-08-19,2025-08-21
-37.5,143.5,2025-10-11,2025-10-11
-37.5,143.5,2025-11-01,2025-11-01
-37.5,143.5,2026-01-10,2026-01-10
-37.5,143.5,2026-03-09,2026-03-22
-37.5,143.5,2026-03-23,2026-04-05
-37.5,143.5,2026-04-08,2026-04-21
-37.5,143.5,2026-04-22,2026-04-27
-37.5,144.0,2024-03-17,2024-03-30
-37.5,144.0,2024-03-31,2024-04-12
-37.5,144.0,2024-04-14,2024-04-27
-37.5,144.0,2024-04-28,2024-05-11
-37.5,144.0,2024-05-12,2024-05-16
-37.5,144.0,2024-05-27,2024-05-29
-37.5,144.0,2024-06-18,2024-06-30
-37.5,144.0,2024-07-03,2024-07-06
-37.5,144.0,2024-08-01,2024-08-01
-37.5,144.0,2024-08-15,2024-08-15
-37.5,144.0,2024-09-18,2024-09-18
-37.5,144.0,2024-10-03,2024-10-13
-37.5,144.0,2024-10-25,2024-10-25
-37.5,144.0,2024-11-21,2024-11-21
-37.5,144.0,2025-01-24,2025-01-24
-37.5,144.0,2025-02-14,2025-02-14
-37.5,144.0,2025-03-05,2025-03-18
-37.5,144.0,2025-03-19,2025-04-01
-37.5,144.0,2025-04-02,2025-04-15
-37.5,144.0,2025-04-16,2025-04-17
-37.5,144.0,2025-05-01,2025-05-14
-37.5,144.0,2025-05-21,2025-05-31
-37.5,144.0,2025-06-20,2025-06-26
-37.5,144.0,2025-07-11,2025-07-23
-37.5,144.0,2025-07-31,2025-08-09
-37.5,144.0,2025-09-05,2025-09-13
-37.5,144.0,2025-10-03,2025-10-14
-37.5,144.0,2025-10-17,2025-10-18
-37.5,144.0,2025-11-19,2025-11-19
-37.5,144.0,2026-01-14,2026-01-14
-37.5,144.0,2026-02-08,2026-02-08
-37.5,144.0,2026-03-14,2026-03-23
-37.5,144.0,2026-03-31,2026-04-08
-37.5,144.0,2026-04-15,2026-04-25
-37.5,144.5,2024-03-29,2024-03-29
-37.5,144.5,2024-04-15,2024-04-20
-37.5,144.5,2024-05-05,2024-05-16
-37.5,144.5,2024-05-27,2024-05-27
-37.5,144.5,2024-06-17,2024-06-23
-37.5,144.5,2024-08-04,2024-08-13
-37.5,144.5,2024-08-24,2024-08-24
-37.5,144.5,2024-10-12,2024-10-19
-37.5,144.5,2024-11-01,2024-11-01
-37.5,144.5,2024-12-13,2024-12-21
-37.5,144.5,2025-01-24,2025-01-24
-37.5,144.5,2025-03-09,2025-03-09
-37.5,144.5,2025-03-25,2025-04-02
-37.5,144.5,2025-04-09,2025-04-14
-37.5,144.5,2025-05-02,2025-05-13
-37.5,144.5,2025-05-19,2025-05-31
-37.5,144.5,2025-06-20,2025-06-27
-37.5,144.5,2025-08-02,2025-08-08
-37.5,144.5,2025-08-23,2025-09-04
-37.5,144.5,2025-09-08,2025-09-18
-37.5,144.5,2025-09-29,2025-10-07
-37.5,144.5,2025-10-13,2025-10-13
-37.5,144.5,2025-11-01,2025-11-01
-37.5,144.5,2026-01-21,2026-02-03
-37.5,144.5,2026-02-18,2026-02-18
-37.5,144.5,2026-04-05,2026-04-05
-37.5,144.5,2026-04-23,2026-04-27
-37.5,145.0,2024-02-11,2024-02-11
-37.5,145.0,2024-03-15,2024-03-22
-37.5,145.0,2024-03-29,2024-03-29
-37.5,145.0,2024-04-15,2024-04-26
-37.5,145.0,2024-05-05,2024-05-12
-37.5,145.0,2024-07-05,2024-07-05
-37.5,145.0,2024-08-24,2024-08-24
-37.5,145.0,2024-09-11,2024-09-15
-37.5,145.0,2024-09-25,2024-09-25
-37.5,145.0,2024-10-12,2024-10-12
-37.5,145.0,2024-11-09,2024-11-17
-37.5,145.0,2024-12-19,2024-12-19
-37.5,145.0,2025-03-03,2025-03-03
-37.5,145.0,2025-03-25,2025-04-01
-37.5,145.0,2025-04-08,2025-04-10
-37.5,145.0,2025-04-23,2025-05-06
-37.5,145.0,2025-05-07,2025-05-15
-37.5,145.0,2025-05-25,2025-05-25
-37.5,145.0,2025-06-20,2025-06-20
-37.5,145.0,2025-07-04,2025-07-17
-37.5,145.0,2025-08-02,2025-08-09
-37.5,145.0,2025-08-19,2025-08-23
-37.5,145.0,2025-09-15,2025-09-19
-37.5,145.0,2025-09-29,2025-10-10
-37.5,145.0,2025-10-21,2025-11-02
-37.5,145.0,2026-01-27,2026-01-30
-37.5,145.0,2026-02-16,2026-02-16
-37.5,145.0,2026-03-18,2026-03-22
-37.5,145.0,2026-04-05,2026-04-18
-37.5,145.0,2026-04-23,2026-04-27
-37.5,145.5,2024-03-16,2024-03-29
-37.5,145.5,2024-03-30,2024-03-31
-37.5,145.5,2024-04-16,2024-04-28
-37.5,145.5,2024-05-06,2024-05-18
-37.5,145.5,2024-05-22,2024-05-22
-37.5,145.5,2024-10-02,2024-10-02
-37.5,145.5,2024-10-29,2024-10-29
-37.5,145.5,2024-11-14,2024-11-14
-37.5,145.5,2025-03-27,2025-04-03
-37.5,145.5,2025-04-11,2025-04-23
-37.5,145.5,2025-05-03,2025-05-15
-37.5,145.5,2025-05-19,2025-05-21
-37.5,145.5,2025-06-21,2025-06-21
-37.5,145.5,2025-08-22,2025-08-23
-37.5,145.5,2025-10-15,2025-10-18
-37.5,145.5,2025-10-31,2025-10-31
-37.5,145.5,2025-11-15,2025-11-15
-37.5,145.5,2025-12-17,2025-12-17
-37.5,145.5,2026-01-10,2026-01-11
-37.5,145.5,2026-03-23,2026-04-04
-37.5,145.5,2026-04-10,2026-04-23
-37.5,145.5,2026-04-24,2026-04-26
-37.5,146.0,2024-03-16,2024-03-29
-37.5,146.0,2024-03-30,2024-03-31
-37.5,146.0,2024-04-15,2024-04-25
-37.5,146.0,2024-05-06,2024-05-08
-37.5,146.0,2025-02-05,2025-02-05
-37.5,146.0,2025-02-26,2025-02-28
-37.5,146.0,2025-03-25,2025-04-07
-37.5,146.0,2025-04-08,2025-04-20
-37.5,146.0,2025-05-01,2025-05-14
-37.5,146.0,2025-05-15,2025-05-21
-37.5,146.0,2025-05-29,2025-05-29
-37.5,146.0,2025-12-09,2025-12-09
-37.5,146.0,2026-02-19,2026-02-21
-37.5,146.0,2026-03-22,2026-04-04
-37.5,146.0,2026-04-23,2026-04-27
-37.5,146.5,2024-01-24,2024-01-24
-37.5,146.5,2024-03-03,2024-03-03
-37.5,146.5,2024-03-18,2024-03-31
-37.5,146.5,2024-04-22,2024-04-23
-37.5,146.5,2024-08-31,2024-09-01
-37.5,146.5,2024-10-19,2024-10-19
-37.5,146.5,2024-12-20,2024-12-20
-37.5,146.5,2025-02-23,2025-03-08
-37.5,146.5,2025-03-09,2025-03-09
-37.5,146.5,2025-04-23,2025-05-06
-37.5,146.5,2025-05-09,2025-05-15
-37.5,146.5,2025-09-27,2025-09-29
-37.5,146.5,2026-04-01,2026-04-04
-37.5,147.0,2024-03-24,2024-03-31
-37.5,147.0,2024-05-09,2024-05-09
-37.5,147.0,2024-05-29,2024-05-29
-37.5,147.0,2024-10-28,2024-10-28
-37.5,147.0,2025-02-06,2025-02-06
-37.5,147.0,2025-02-23,2025-03-07
-37.5,147.0,2025-04-18,2025-04-18
-37.5,147.0,2026-01-03,2026-01-13
-37.5,147.0,2026-01-19,2026-01-25
-37.5,147.5,2024-03-18,2024-03-31
-37.5,147.5,2024-04-01,2024-04-01
-37.5,147.5,2024-05-01,2024-05-08
-37.5,147.5,2024-05-16,2024-05-16
-37.5,147.5,2024-07-07,2024-07-07
-37.5,147.5,2024-08-24,2024-08-24
-37.5,147.5,2024-09-18,2024-09-18
-37.5,147.5,2024-10-02,2024-10-02
-37.5,147.5,2024-10-26,2024-10-30
-37.5,147.5,2024-12-01,2024-12-01
-37.5,147.5,2024-12-15,2024-12-15
-37.5,147.5,2025-03-04,2025-03-06
-37.5,147.5,2025-04-10,2025-04-19
-37.5,147.5,2025-06-16,2025-06-16
-37.5,147.5,2025-10-07,2025-10-07
-37.5,147.5,2026-01-10,2026-01-13
-37.5,147.5,2026-03-14,2026-03-15
-37.5,147.5,2026-04-16,2026-04-27
-37.5,148.0,2024-02-15,2024-02-15
-37.5,148.0,2024-03-25,2024-04-01
-37.5,148.0,2024-04-20,2024-04-20
-37.5,148.0,2024-08-13,2024-08-13
-37.5,148.0,2024-09-20,2024-09-20
-37.5,148.0,2024-10-14,2024-10-25
-37.5,148.0,2024-12-10,2024-12-10
-37.5,148.0,2025-03-04,2025-03-05
-37.5,148.0,2025-03-28,2025-03-28
-37.5,148.0,2025-04-13,2025-04-13
-37.5,148.0,2025-05-02,2025-05-02
-37.5,148.0,2025-06-06,2025-06-06
-37.5,148.0,2026-04-16,2026-04-25
-37.5,148.5,2024-03-24,2024-03-27
-37.5,148.5,2024-04-14,2024-04-14
-37.5,148.5,2024-05-15,2024-05-28
-37.5,148.5,2024-08-12,2024-08-12
-37.5,148.5,2024-10-29,2024-10-29
-37.5,148.5,2024-12-12,2024-12-12
-37.5,148.5,2025-04-10,2025-04-13
-37.5,148.5,2025-09-02,2025-09-02
-37.5,148.5,2025-12-12,2025-12-12
-37.5,148.5,2026-01-09,2026-01-09
-37.5,148.5,2026-04-15,2026-04-16
-37.5,149.0,2026-01-08,2026-01-09
-37.5,149.5,2024-10-13,2024-10-13
-37.5,149.5,2025-07-16,2025-07-16
-37.5,149.5,2026-04-22,2026-04-26
-37.5,150.0,2026-01-09,2026-01-13
-37.5,150.0,2026-04-27,2026-04-27
-37.0,140.0,2024-01-17,2024-01-17
-37.0,140.0,2024-02-08,2024-02-08
-37.0,140.0,2024-04-05,2024-04-15
-37.0,140.0,2024-04-22,2024-05-04
-37.0,140.0,2024-05-07,2024-05-20
-37.0,140.0,2024-05-25,2024-06-07
-37.0,140.0,2024-06-12,2024-06-22
-37.0,140.0,2024-07-02,2024-07-09
-37.0,140.0,2024-09-15,2024-09-15
-37.0,140.0,2024-10-07,2024-10-07
-37.0,140.0,2024-10-30,2024-10-30
-37.0,140.0,2025-03-10,2025-03-14
-37.0,140.0,2025-03-24,2025-04-01
-37.0,140.0,2025-04-11,2025-04-24
-37.0,140.0,2025-04-28,2025-05-10
-37.0,140.0,2025-05-12,2025-05-14
-37.0,140.0,2025-05-28,2025-06-02
-37.0,140.0,2025-06-23,2025-07-02
-37.0,140.0,2025-07-19,2025-07-30
-37.0,140.0,2025-08-19,2025-08-23
-37.0,140.0,2025-09-04,2025-09-17
-37.0,140.0,2025-10-04,2025-10-04
-37.0,140.0,2025-10-28,2025-10-29
-37.0,140.0,2026-03-19,2026-03-19
-37.0,140.0,2026-04-02,2026-04-15
-37.0,140.0,2026-04-17,2026-04-23
-37.0,140.5,2024-03-06,2024-03-06
-37.0,140.5,2024-04-05,2024-04-15
-37.0,140.5,2024-04-20,2024-05-02
-37.0,140.5,2024-05-06,2024-05-16
-37.0,140.5,2024-05-21,2024-05-28
-37.0,140.5,2024-07-24,2024-07-24
-37.0,140.5,2024-09-03,2024-09-03
-37.0,140.5,2024-10-02,2024-10-02
-37.0,140.5,2024-10-23,2024-10-23
-37.0,140.5,2024-12-15,2024-12-15
-37.0,140.5,2025-03-15,2025-03-28
-37.0,140.5,2025-04-02,2025-04-15
-37.0,140.5,2025-04-16,2025-04-24
-37.0,140.5,2025-05-01,2025-05-13
-37.0,140.5,2025-05-18,2025-05-29
-37.0,140.5,2025-07-23,2025-08-02
-37.0,140.5,2025-08-06,2025-08-06
-37.0,140.5,2025-09-14,2025-09-14
-37.0,140.5,2026-03-30,2026-03-30
-37.0,140.5,2026-04-20,2026-04-27
-37.0,141.0,2024-03-25,2024-04-06
-37.0,141.0,2024-04-12,2024-04-25
-37.0,141.0,2024-04-29,2024-05-09
-37.0,141.0,2024-05-15,2024-05-28
-37.0,141.0,2024-06-25,2024-06-25
-37.0,141.0,2024-07-09,2024-07-09
-37.0,141.0,2024-07-30,2024-08-12
-37.0,141.0,2024-08-18,2024-08-31
-37.0,141.0,2024-09-03,2024-09-10
-37.0,141.0,2024-10-10,2024-10-23
-37.0,141.0,2024-10-24,2024-10-28
-37.0,141.0,2025-01-01,2025-01-01
-37.0,141.0,2025-03-13,2025-03-26
-37.0,141.0,2025-03-27,2025-04-05
-37.0,141.0,2025-04-11,2025-04-24
-37.0,141.0,2025-04-26,2025-05-02
-37.0,141.0,2025-05-10,2025-05-23
-37.0,141.0,2025-05-24,2025-06-03
-37.0,141.0,2025-06-30,2025-07-02
-37.0,141.0,2025-08-20,2025-08-23
-37.0,141.0,2025-09-07,2025-09-20
-37.0,141.0,2026-03-23,2026-04-05
-37.0,141.0,2026-04-09,2026-04-21
-37.0,141.0,2026-04-23,2026-04-27
-37.0,141.5,2024-03-14,2024-03-27
-37.0,141.5,2024-03-28,2024-04-05
-37.0,141.5,2024-04-12,2024-04-22
-37.0,141.5,2024-04-27,2024-05-08
-37.0,141.5,2024-05-12,2024-05-24
-37.0,141.5,2024-05-28,2024-06-07
-37.0,141.5,2024-06-21,2024-07-02
-37.0,141.5,2024-07-09,2024-07-09
-37.0,141.5,2024-07-23,2024-07-30
-37.0,141.5,2024-08-10,2024-08-10
-37.0,141.5,2024-09-06,2024-09-15
-37.0,141.5,2024-10-02,2024-10-14
-37.0,141.5,2024-10-19,2024-10-19
-37.0,141.5,2024-11-16,2024-11-16
-37.0,141.5,2025-03-12,2025-03-25
-37.0,141.5,2025-03-26,2025-04-08
-37.0,141.5,2025-04-10,2025-04-23
-37.0,141.5,2025-04-24,2025-05-05
-37.0,141.5,2025-05-09,2025-05-22
-37.0,141.5,2025-05-23,2025-06-04
-37.0,141.5,2025-06-10,2025-06-20
-37.0,141.5,2025-07-08,2025-07-18
-37.0,141.5,2025-08-11,2025-08-23
-37.0,141.5,2025-09-07,2025-09-18
-37.0,141.5,2025-11-01,2025-11-01
-37.0,141.5,2026-03-09,2026-03-22
-37.0,141.5,2026-03-23,2026-04-05
-37.0,141.5,2026-04-06,2026-04-19
-37.0,141.5,2026-04-20,2026-04-27
-37.0,142.0,2024-03-15,2024-03-28
-37.0,142.0,2024-03-30,2024-04-12
-37.0,142.0,2024-04-14,2024-04-27
-37.0,142.0,2024-04-28,2024-05-08
-37.0,142.0,2024-05-14,2024-05-26
-37.0,142.0,2024-05-28,2024-06-07
-37.0,142.0,2024-06-19,2024-06-24
-37.0,142.0,2024-07-23,2024-08-02
-37.0,142.0,2024-08-10,2024-08-10
-37.0,142.0,2024-10-19,2024-10-28
-37.0,142.0,2025-01-30,2025-02-05
-37.0,142.0,2025-03-12,2025-03-25
-37.0,142.0,2025-03-26,2025-04-08
-37.0,142.0,2025-04-10,2025-04-23
-37.0,142.0,2025-04-24,2025-05-04
-37.0,142.0,2025-05-09,2025-05-22
-37.0,142.0,2025-05-23,2025-06-02
-37.0,142.0,2025-06-12,2025-06-23
-37.0,142.0,2025-07-21,2025-07-30
-37.0,142.0,2025-08-21,2025-08-21
-37.0,142.0,2025-09-04,2025-09-16
-37.0,142.0,2025-09-18,2025-09-18
-37.0,142.0,2025-10-04,2025-10-13
-37.0,142.0,2026-01-27,2026-01-27
-37.0,142.0,2026-03-09,2026-03-22
-37.0,142.0,2026-03-23,2026-04-04
-37.0,142.0,2026-04-06,2026-04-18
-37.0,142.0,2026-04-20,2026-04-27
-37.0,142.5,2024-02-13,2024-02-14
-37.0,142.5,2024-03-21,2024-03-31
-37.0,142.5,2024-04-05,2024-04-17
-37.0,142.5,2024-04-19,2024-05-02
-37.0,142.5,2024-05-03,2024-05-16
-37.0,142.5,2024-05-21,2024-05-29
-37.0,142.5,2024-07-23,2024-07-23
-37.0,142.5,2024-09-03,2024-09-03
-37.0,142.5,2024-11-28,2024-11-28
-37.0,142.5,2024-12-20,2025-01-01
-37.0,142.5,2025-01-03,2025-01-03
-37.0,142.5,2025-01-19,2025-02-01
-37.0,142.5,2025-02-02,2025-02-06
-37.0,142.5,2025-03-13,2025-03-26
-37.0,142.5,2025-03-27,2025-04-04
-37.0,142.5,2025-04-10,2025-04-23
-37.0,142.5,2025-05-01,2025-05-12
-37.0,142.5,2025-05-15,2025-05-25
-37.0,142.5,2025-05-29,2025-06-05
-37.0,142.5,2025-07-17,2025-07-21
-37.0,142.5,2025-08-06,2025-08-06
-37.0,142.5,2025-09-14,2025-09-14
-37.0,142.5,2025-12-17,2025-12-17
-37.0,142.5,2026-01-02,2026-01-02
-37.0,142.5,2026-03-21,2026-04-02
-37.0,142.5,2026-04-07,2026-04-20
-37.0,142.5,2026-04-21,2026-04-25
-37.0,143.0,2024-02-22,2024-02-28
-37.0,143.0,2024-04-04,2024-04-17
-37.0,143.0,2024-04-19,2024-05-02
-37.0,143.0,2024-05-05,2024-05-18
-37.0,143.0,2024-05-27,2024-05-28
-37.0,143.0,2024-08-01,2024-08-12
-37.0,143.0,2025-03-13,2025-03-26
-37.0,143.0,2025-03-27,2025-04-08
-37.0,143.0,2025-04-10,2025-04-23
-37.0,143.0,2025-05-01,2025-05-14
-37.0,143.0,2025-05-15,2025-05-22
-37.0,143.0,2025-06-04,2025-06-04
-37.0,143.0,2026-03-20,2026-04-02
-37.0,143.0,2026-04-03,2026-04-16
-37.0,143.0,2026-04-17,2026-04-24
-37.0,143.5,2024-02-22,2024-02-26
-37.0,143.5,2024-03-24,2024-04-05
-37.0,143.5,2024-04-07,2024-04-20
-37.0,143.5,2024-04-21,2024-05-02
-37.0,143.5,2024-05-05,2024-05-16
-37.0,143.5,2024-05-22,2024-05-27
-37.0,143.5,2024-06-27,2024-06-27
-37.0,143.5,2024-07-23,2024-07-23
-37.0,143.5,2024-09-09,2024-09-17
-37.0,143.5,2024-09-30,2024-10-11
-37.0,143.5,2024-10-22,2024-10-22
-37.0,143.5,2025-03-27,2025-04-04
-37.0,143.5,2025-04-10,2025-04-23
-37.0,143.5,2025-04-24,2025-05-05
-37.0,143.5,2025-05-09,2025-05-17
-37.0,143.5,2025-05-26,2025-05-26
-37.0,143.5,2025-07-18,2025-07-18
-37.0,143.5,2025-08-09,2025-08-18
-37.0,143.5,2025-12-23,2025-12-23
-37.0,143.5,2026-03-19,2026-03-23
-37.0,143.5,2026-04-13,2026-04-26
-37.0,143.5,2026-04-27,2026-04-27
-37.0,144.0,2024-01-03,2024-01-03
-37.0,144.0,2024-03-22,2024-04-04
-37.0,144.0,2024-04-05,2024-04-16
-37.0,144.0,2024-04-19,2024-05-02
-37.0,144.0,2024-05-04,2024-05-16
-37.0,144.0,2024-05-18,2024-05-29
-37.0,144.0,2024-06-29,2024-07-05
-37.0,144.0,2024-08-01,2024-08-01
-37.0,144.0,2024-08-17,2024-08-17
-37.0,144.0,2024-10-26,2024-10-26
-37.0,144.0,2024-11-10,2024-11-10
-37.0,144.0,2024-12-20,2024-12-20
-37.0,144.0,2025-01-21,2025-01-31
-37.0,144.0,2025-04-01,2025-04-14
-37.0,144.0,2025-04-15,2025-04-24
-37.0,144.0,2025-05-01,2025-05-14
-37.0,144.0,2025-05-17,2025-05-22
-37.0,144.0,2025-06-13,2025-06-13
-37.0,144.0,2025-08-09,2025-08-20
-37.0,144.0,2025-09-14,2025-09-14
-37.0,144.0,2025-12-23,2025-12-23
-37.0,144.0,2026-01-09,2026-01-09
-37.0,144.0,2026-03-20,2026-04-02
-37.0,144.0,2026-04-04,2026-04-17
-37.0,144.0,2026-04-18,2026-04-27
-37.0,144.5,2024-03-22,2024-03-22
-37.0,144.5,2024-04-21,2024-05-01
-37.0,144.5,2024-05-17,2024-05-28
-37.0,144.5,2024-06-07,2024-06-07
-37.0,144.5,2024-09-09,2024-09-09
-37.0,144.5,2025-01-28,2025-01-28
-37.0,144.5,2025-02-18,2025-02-18
-37.0,144.5,2025-04-24,2025-05-05
-37.0,144.5,2025-05-13,2025-05-13
-37.0,144.5,2025-08-24,2025-08-24
-37.0,144.5,2025-09-19,2025-09-30
-37.0,144.5,2025-10-04,2025-10-04
-37.0,144.5,2025-10-29,2025-10-30
-37.0,144.5,2025-12-01,2025-12-01
-37.0,144.5,2026-01-06,2026-01-15
-37.0,144.5,2026-03-22,2026-04-04
-37.0,144.5,2026-04-05,2026-04-08
-37.0,144.5,2026-04-19,2026-04-24
-37.0,145.0,2024-03-26,2024-04-08
-37.0,145.0,2024-04-10,2024-04-20
-37.0,145.0,2024-04-26,2024-05-02
-37.0,145.0,2024-05-16,2024-05-16
-37.0,145.0,2024-06-06,2024-06-17
-37.0,145.0,2024-06-27,2024-07-07
-37.0,145.0,2024-08-14,2024-08-14
-37.0,145.0,2024-09-02,2024-09-10
-37.0,145.0,2024-09-18,2024-09-18
-37.0,145.0,2024-10-14,2024-10-23
-37.0,145.0,2024-10-30,2024-10-30
-37.0,145.0,2024-11-14,2024-11-14
-37.0,145.0,2025-02-04,2025-02-05
-37.0,145.0,2025-02-25,2025-02-27
-37.0,145.0,2025-03-19,2025-03-25
-37.0,145.0,2025-04-09,2025-04-21
-37.0,145.0,2025-04-23,2025-05-06
-37.0,145.0,2025-05-07,2025-05-19
-37.0,145.0,2025-05-26,2025-05-26
-37.0,145.0,2025-06-10,2025-06-21
-37.0,145.0,2025-08-02,2025-08-13
-37.0,145.0,2025-08-23,2025-09-01
-37.0,145.0,2025-09-06,2025-09-13
-37.0,145.0,2025-09-20,2025-09-20
-37.0,145.0,2025-10-29,2025-10-29
-37.0,145.0,2025-11-25,2025-12-03
-37.0,145.0,2025-12-18,2025-12-18
-37.0,145.0,2026-02-02,2026-02-02
-37.0,145.0,2026-02-17,2026-02-21
-37.0,145.0,2026-03-31,2026-04-11
-37.0,145.0,2026-04-27,2026-04-27
-37.0,145.5,2024-04-15,2024-04-27
-37.0,145.5,2024-04-30,2024-05-03
-37.0,145.5,2024-05-16,2024-05-29
-37.0,145.5,2024-06-09,2024-06-17
-37.0,145.5,2024-07-06,2024-07-06
-37.0,145.5,2024-07-30,2024-08-10
-37.0,145.5,2024-08-13,2024-08-16
-37.0,145.5,2024-09-13,2024-09-18
-37.0,145.5,2024-09-28,2024-10-09
-37.0,145.5,2024-11-16,2024-11-16
-37.0,145.5,2025-02-11,2025-02-11
-37.0,145.5,2025-03-06,2025-03-06
-37.0,145.5,2025-04-18,2025-04-30
-37.0,145.5,2025-05-09,2025-05-20
-37.0,145.5,2025-08-02,2025-08-09
-37.0,145.5,2025-08-24,2025-08-24
-37.0,145.5,2025-09-11,2025-09-20
-37.0,145.5,2025-10-04,2025-10-04
-37.0,145.5,2025-10-28,2025-10-28
-37.0,145.5,2026-01-07,2026-01-18
-37.0,145.5,2026-01-24,2026-01-30
-37.0,145.5,2026-02-15,2026-02-15
-37.0,145.5,2026-04-07,2026-04-19
-37.0,145.5,2026-04-21,2026-04-26
-37.0,146.0,2024-02-01,2024-02-01
-37.0,146.0,2024-03-16,2024-03-18
-37.0,146.0,2024-04-15,2024-04-26
-37.0,146.0,2024-04-29,2024-05-08
-37.0,146.0,2024-05-22,2024-05-29
-37.0,146.0,2024-06-17,2024-06-17
-37.0,146.0,2024-07-01,2024-07-01
-37.0,146.0,2024-08-15,2024-08-15
-37.0,146.0,2024-10-15,2024-10-15
-37.0,146.0,2024-12-31,2025-01-01
-37.0,146.0,2025-02-05,2025-02-08
-37.0,146.0,2025-04-01,2025-04-13
-37.0,146.0,2025-04-23,2025-05-06
-37.0,146.0,2025-05-10,2025-05-21
-37.0,146.0,2025-05-24,2025-05-29
-37.0,146.0,2025-06-30,2025-07-07
-37.0,146.0,2025-08-23,2025-08-24
-37.0,146.0,2025-10-04,2025-10-04
-37.0,146.0,2025-11-05,2025-11-05
-37.0,146.0,2026-01-09,2026-01-18
-37.0,146.0,2026-01-26,2026-02-08
-37.0,146.0,2026-02-10,2026-02-10
-37.0,146.0,2026-03-23,2026-03-24
-37.0,146.0,2026-04-08,2026-04-21
-37.0,146.0,2026-04-23,2026-04-27
-37.0,146.5,2024-02-19,2024-02-19
-37.0,146.5,2024-03-25,2024-03-31
-37.0,146.5,2024-04-15,2024-04-22
-37.0,146.5,2024-04-30,2024-05-07
-37.0,146.5,2024-05-28,2024-05-28
-37.0,146.5,2024-09-17,2024-09-17
-37.0,146.5,2024-12-27,2024-12-27
-37.0,146.5,2025-03-08,2025-03-15
-37.0,146.5,2025-03-26,2025-04-08
-37.0,146.5,2025-04-09,2025-04-22
-37.0,146.5,2025-04-24,2025-05-01
-37.0,146.5,2025-05-08,2025-05-19
-37.0,146.5,2025-10-27,2025-10-28
-37.0,146.5,2026-01-15,2026-01-19
-37.0,146.5,2026-04-26,2026-04-26
-37.0,147.0,2024-04-22,2024-05-05
-37.0,147.0,2024-05-06,2024-05-17
-37.0,147.0,2025-03-04,2025-03-15
-37.0,147.0,2025-04-08,2025-04-13
-37.0,147.0,2025-04-23,2025-04-25
-37.0,147.0,2026-01-08,2026-01-19
-37.0,147.0,2026-02-06,2026-02-06
-37.0,147.5,2024-03-25,2024-03-28
-37.0,147.5,2024-04-21,2024-05-03
-37.0,147.5,2024-05-21,2024-05-25
-37.0,147.5,2024-10-08,2024-10-09
-37.0,147.5,2025-03-27,2025-03-28
-37.0,147.5,2025-04-10,2025-04-18
-37.0,147.5,2025-05-07,2025-05-07
-37.0,147.5,2025-09-03,2025-09-03
-37.0,147.5,2026-03-23,2026-04-05
-37.0,147.5,2026-04-07,2026-04-07
-37.0,147.5,2026-04-21,2026-04-27
-37.0,148.0,2024-03-17,2024-03-30
-37.0,148.0,2024-03-31,2024-04-01
-37.0,148.0,2024-04-23,2024-05-03
-37.0,148.0,2024-08-04,2024-08-04
-37.0,148.0,2024-09-01,2024-09-08
-37.0,148.0,2025-03-03,2025-03-03
-37.0,148.0,2025-03-25,2025-03-26
-37.0,148.0,2025-04-12,2025-04-20
-37.0,148.0,2025-05-04,2025-05-14
-37.0,148.0,2025-09-18,2025-09-27
-37.0,148.0,2025-10-03,2025-10-16
-37.0,148.0,2026-04-16,2026-04-16
-37.0,148.5,2024-03-27,2024-03-29
-37.0,148.5,2024-04-15,2024-04-24
-37.0,148.5,2024-05-26,2024-05-26
-37.0,148.5,2024-08-04,2024-08-12
-37.0,148.5,2024-08-21,2024-08-23
-37.0,148.5,2024-09-05,2024-09-06
-37.0,148.5,2024-10-13,2024-10-16
-37.0,148.5,2024-10-29,2024-11-11
-37.0,148.5,2025-03-01,2025-03-08
-37.0,148.5,2025-04-11,2025-04-24
-37.0,148.5,2025-05-21,2025-05-21
-37.0,148.5,2025-08-07,2025-08-07
-37.0,148.5,2025-09-02,2025-09-15
-37.0,148.5,2025-09-18,2025-09-27
-37.0,148.5,2025-10-04,2025-10-05
-37.0,148.5,2026-04-02,2026-04-10
-37.0,148.5,2026-04-22,2026-04-27
-37.0,149.0,2024-02-07,2024-02-07
-37.0,149.0,2024-03-29,2024-03-31
-37.0,149.0,2024-04-23,2024-04-23
-37.0,149.0,2024-05-16,2024-05-28
-37.0,149.0,2024-08-02,2024-08-06
-37.0,149.0,2024-08-31,2024-08-31
-37.0,149.0,2024-10-12,2024-10-13
-37.0,149.0,2024-11-11,2024-11-23
-37.0,149.0,2025-03-03,2025-03-16
-37.0,149.0,2025-03-17,2025-03-28
-37.0,149.0,2025-04-02,2025-04-13
-37.0,149.0,2025-04-18,2025-04-18
-37.0,149.0,2025-06-05,2025-06-05
-37.0,149.0,2025-07-19,2025-07-19
-37.0,149.0,2025-08-12,2025-08-25
-37.0,149.0,2025-09-06,2025-09-14
-37.0,149.0,2026-03-14,2026-03-25
-37.0,149.0,2026-04-02,2026-04-10
-37.0,149.0,2026-04-21,2026-04-27
-37.0,149.5,2024-03-08,2024-03-21
-37.0,149.5,2024-03-22,2024-03-30
-37.0,149.5,2024-04-15,2024-04-23
-37.0,149.5,2024-06-10,2024-06-10
-37.0,149.5,2024-08-12,2024-08-24
-37.0,149.5,2024-09-10,2024-09-10
-37.0,149.5,2025-03-13,2025-03-26
-37.0,149.5,2025-03-28,2025-04-10
-37.0,149.5,2025-06-21,2025-06-21
-37.0,149.5,2025-08-29,2025-09-09
-37.0,149.5,2026-03-15,2026-03-26
-37.0,149.5,2026-03-31,2026-04-10
-37.0,149.5,2026-04-14,2026-04-27
-37.0,150.0,2024-03-05,2024-03-12
-37.0,150.0,2024-04-01,2024-04-03
-37.0,150.0,2024-04-21,2024-05-03
-37.0,150.0,2024-05-17,2024-05-26
-37.0,150.0,2024-06-05,2024-06-12
-37.0,150.0,2024-06-25,2024-06-25
-37.0,150.0,2024-07-09,2024-07-09
-37.0,150.0,2024-08-12,2024-08-24
-37.0,150.0,2025-03-18,2025-03-18
-37.0,150.0,2025-04-13,2025-04-19
-37.0,150.0,2025-05-10,2025-05-15
-37.0,150.0,2025-06-01,2025-06-01
-37.0,150.0,2025-06-28,2025-06-28
-37.0,150.0,2025-09-08,2025-09-08
-37.0,150.0,2025-09-27,2025-10-09
-37.0,150.0,2026-04-11,2026-04-24
-37.0,150.0,2026-04-26,2026-04-26
-36.5,140.0,2024-04-15,2024-04-24
-36.5,140.0,2024-05-05,2024-05-05
-36.5,140.0,2024-06-06,2024-06-06
-36.5,140.0,2024-07-04,2024-07-04
-36.5,140.0,2024-07-30,2024-08-12
-36.5,140.0,2025-03-09,2025-03-10
-36.5,140.0,2025-04-16,2025-04-16
-36.5,140.0,2025-05-01,2025-05-13
-36.5,140.0,2025-06-12,2025-06-12
-36.5,140.0,2025-07-02,2025-07-02
-36.5,140.0,2025-09-28,2025-09-28
-36.5,140.0,2026-01-17,2026-01-25
-36.5,140.0,2026-04-21,2026-04-23
-36.5,140.5,2024-03-27,2024-04-05
-36.5,140.5,2024-04-11,2024-04-24
-36.5,140.5,2024-04-26,2024-05-08
-36.5,140.5,2024-05-13,2024-05-23
-36.5,140.5,2024-05-27,2024-05-28
-36.5,140.5,2024-06-17,2024-06-17
-36.5,140.5,2024-07-02,2024-07-09
-36.5,140.5,2024-07-23,2024-07-30
-36.5,140.5,2024-08-13,2024-08-22
-36.5,140.5,2024-09-18,2024-10-01
-36.5,140.5,2024-10-02,2024-10-15
-36.5,140.5,2024-12-08,2024-12-08
-36.5,140.5,2025-04-08,2025-04-17
-36.5,140.5,2025-04-24,2025-05-07
-36.5,140.5,2025-05-09,2025-05-22
-36.5,140.5,2025-05-23,2025-06-04
-36.5,140.5,2025-06-09,2025-06-19
-36.5,140.5,2025-07-01,2025-07-03
-36.5,140.5,2025-07-16,2025-07-22
-36.5,140.5,2025-08-10,2025-08-10
-36.5,140.5,2025-09-02,2025-09-08
-36.5,140.5,2025-09-18,2025-09-18
-36.5,140.5,2025-10-04,2025-10-15
-36.5,140.5,2025-10-18,2025-10-31
-36.5,140.5,2025-12-11,2025-12-11
-36.5,140.5,2026-03-31,2026-03-31
-36.5,140.5,2026-04-17,2026-04-23
-36.5,141.0,2024-02-07,2024-02-07
-36.5,141.0,2024-03-21,2024-03-30
-36.5,141.0,2024-04-04,2024-04-17
-36.5,141.0,2024-04-20,2024-05-02
-36.5,141.0,2024-05-04,2024-05-17
-36.5,141.0,2024-05-18,2024-05-28
-36.5,141.0,2024-06-05,2024-06-06
-36.5,141.0,2024-08-12,2024-08-18
-36.5,141.0,2024-09-06,2024-09-06
-36.5,141.0,2024-10-04,2024-10-10
-36.5,141.0,2024-10-19,2024-10-29
-36.5,141.0,2025-02-04,2025-02-04
-36.5,141.0,2025-03-03,2025-03-03
-36.5,141.0,2025-03-18,2025-03-28
-36.5,141.0,2025-04-01,2025-04-14
-36.5,141.0,2025-04-15,2025-04-24
-36.5,141.0,2025-05-01,2025-05-13
-36.5,141.0,2025-05-18,2025-05-29
-36.5,141.0,2025-06-02,2025-06-02
-36.5,141.0,2025-07-10,2025-07-10
-36.5,141.0,2025-08-02,2025-08-02
-36.5,141.0,2025-08-22,2025-09-02
-36.5,141.0,2025-09-26,2025-09-26
-36.5,141.0,2025-10-15,2025-10-28
-36.5,141.0,2025-11-24,2025-11-24
-36.5,141.0,2026-03-06,2026-03-13
-36.5,141.0,2026-03-23,2026-04-04
-36.5,141.0,2026-04-07,2026-04-18
-36.5,141.0,2026-04-21,2026-04-27
-36.5,141.5,2024-01-25,2024-01-28
-36.5,141.5,2024-03-13,2024-03-26
-36.5,141.5,2024-03-27,2024-04-06
-36.5,141.5,2024-04-12,2024-04-22
-36.5,141.5,2024-04-28,2024-05-07
-36.5,141.5,2024-05-14,2024-05-27
-36.5,141.5,2024-06-05,2024-06-06
-36.5,141.5,2024-10-20,2024-10-20
-36.5,141.5,2025-01-27,2025-02-08
-36.5,141.5,2025-03-13,2025-03-26
-36.5,141.5,2025-03-27,2025-04-08
-36.5,141.5,2025-04-10,2025-04-23
-36.5,141.5,2025-04-24,2025-05-04
-36.5,141.5,2025-05-11,2025-05-23
-36.5,141.5,2025-05-28,2025-05-28
-36.5,141.5,2025-06-11,2025-06-23
-36.5,141.5,2025-09-14,2025-09-14
-36.5,141.5,2025-10-01,2025-10-01
-36.5,141.5,2025-11-01,2025-11-05
-36.5,141.5,2026-03-09,2026-03-22
-36.5,141.5,2026-03-23,2026-04-04
-36.5,141.5,2026-04-07,2026-04-20
-36.5,141.5,2026-04-21,2026-04-27
-36.5,142.0,2024-01-16,2024-01-16
-36.5,142.0,2024-02-04,2024-02-09
-36.5,142.0,2024-03-18,2024-03-28
-36.5,142.0,2024-04-05,2024-04-17
-36.5,142.0,2024-04-20,2024-05-03
-36.5,142.0,2024-05-05,2024-05-14
-36.5,142.0,2024-05-22,2024-05-28
-36.5,142.0,2024-06-29,2024-07-04
-36.5,142.0,2024-08-11,2024-08-17
-36.5,142.0,2024-09-15,2024-09-15
-36.5,142.0,2024-10-08,2024-10-08
-36.5,142.0,2025-01-27,2025-01-31
-36.5,142.0,2025-03-13,2025-03-26
-36.5,142.0,2025-04-02,2025-04-12
-36.5,142.0,2025-04-16,2025-04-17
-36.5,142.0,2025-05-01,2025-05-14
-36.5,142.0,2025-05-21,2025-06-02
-36.5,142.0,2025-06-04,2025-06-04
-36.5,142.0,2025-07-27,2025-08-07
-36.5,142.0,2025-09-21,2025-09-21
-36.5,142.0,2026-01-10,2026-01-10
-36.5,142.0,2026-03-18,2026-03-30
-36.5,142.0,2026-04-02,2026-04-15
-36.5,142.0,2026-04-21,2026-04-25
-36.5,142.5,2024-03-21,2024-03-31
-36.5,142.5,2024-04-04,2024-04-17
-36.5,142.5,2024-04-21,2024-05-02
-36.5,142.5,2024-05-07,2024-05-16
-36.5,142.5,2024-05-21,2024-05-28
-36.5,142.5,2024-09-16,2024-09-16
-36.5,142.5,2024-09-30,2024-09-30
-36.5,142.5,2025-03-13,2025-03-19
-36.5,142.5,2025-03-29,2025-04-11
-36.5,142.5,2025-04-15,2025-04-23
-36.5,142.5,2025-04-30,2025-05-13
-36.5,142.5,2025-05-19,2025-05-25
-36.5,142.5,2025-11-01,2025-11-01
-36.5,142.5,2026-03-30,2026-04-07
-36.5,142.5,2026-04-16,2026-04-27
-36.5,143.0,2024-02-05,2024-02-05
-36.5,143.0,2024-03-26,2024-04-05
-36.5,143.0,2024-04-10,2024-04-22
-36.5,143.0,2024-04-26,2024-05-09
-36.5,143.0,2024-05-14,2024-05-27
-36.5,143.0,2024-05-28,2024-06-06
-36.5,143.0,2024-09-14,2024-09-14
-36.5,143.0,2024-10-26,2024-10-26
-36.5,143.0,2025-03-18,2025-03-24
-36.5,143.0,2025-04-02,2025-04-15
-36.5,143.0,2025-04-22,2025-05-02
-36.5,143.0,2025-05-06,2025-05-13
-36.5,143.0,2025-09-30,2025-09-30
-36.5,143.0,2026-03-23,2026-04-04
-36.5,143.0,2026-04-08,2026-04-21
-36.5,143.0,2026-04-22,2026-04-27
-36.5,143.5,2024-03-25,2024-04-07
-36.5,143.5,2024-04-09,2024-04-22
-36.5,143.5,2024-04-25,2024-05-07
-36.5,143.5,2024-05-12,2024-05-25
-36.5,143.5,2024-05-27,2024-05-29
-36.5,143.5,2024-07-02,2024-07-03
-36.5,143.5,2024-09-07,2024-09-07
-36.5,143.5,2024-10-11,2024-10-20
-36.5,143.5,2024-10-29,2024-10-29
-36.5,143.5,2024-12-10,2024-12-10
-36.5,143.5,2025-02-09,2025-02-10
-36.5,143.5,2025-04-10,2025-04-23
-36.5,143.5,2025-05-01,2025-05-08
-36.5,143.5,2025-05-15,2025-05-15
-36.5,143.5,2025-06-13,2025-06-13
-36.5,143.5,2025-09-01,2025-09-01
-36.5,143.5,2025-10-11,2025-10-15
-36.5,143.5,2025-10-27,2025-11-02
-36.5,143.5,2025-12-18,2025-12-18
-36.5,143.5,2026-03-28,2026-04-09
-36.5,143.5,2026-04-13,2026-04-23
-36.5,143.5,2026-04-27,2026-04-27
-36.5,144.0,2024-02-03,2024-02-06
-36.5,144.0,2024-03-31,2024-04-13
-36.5,144.0,2024-04-14,2024-04-26
-36.5,144.0,2024-04-28,2024-05-07
-36.5,144.0,2024-05-14,2024-05-21
-36.5,144.0,2024-08-22,2024-08-22
-36.5,144.0,2024-09-05,2024-09-05
-36.5,144.0,2024-09-21,2024-09-21
-36.5,144.0,2024-10-29,2024-10-30
-36.5,144.0,2024-12-09,2024-12-09
-36.5,144.0,2024-12-25,2024-12-25
-36.5,144.0,2025-04-08,2025-04-17
-36.5,144.0,2025-04-23,2025-05-06
-36.5,144.0,2025-05-10,2025-05-22
-36.5,144.0,2025-05-25,2025-05-29
-36.5,144.0,2025-07-13,2025-07-13
-36.5,144.0,2025-12-24,2025-12-25
-36.5,144.0,2026-03-31,2026-04-13
-36.5,144.0,2026-04-15,2026-04-27
-36.5,144.5,2024-02-09,2024-02-09
-36.5,144.5,2024-03-21,2024-03-31
-36.5,144.5,2024-04-08,2024-04-21
-36.5,144.5,2024-04-22,2024-05-05
-36.5,144.5,2024-05-06,2024-05-18
-36.5,144.5,2024-05-22,2024-05-29
-36.5,144.5,2024-06-06,2024-06-17
-36.5,144.5,2024-06-25,2024-06-25
-36.5,144.5,2024-08-10,2024-08-10
-36.5,144.5,2024-09-15,2024-09-15
-36.5,144.5,2024-10-01,2024-10-01
-36.5,144.5,2024-12-04,2024-12-04
-36.5,144.5,2024-12-20,2024-12-20
-36.5,144.5,2025-01-12,2025-01-12
-36.5,144.5,2025-04-05,2025-04-17
-36.5,144.5,2025-04-23,2025-05-04
-36.5,144.5,2025-05-08,2025-05-21
-36.5,144.5,2025-05-30,2025-06-04
-36.5,144.5,2025-06-19,2025-06-19
-36.5,144.5,2025-07-23,2025-08-02
-36.5,144.5,2025-08-09,2025-08-14
-36.5,144.5,2025-10-28,2025-10-28
-36.5,144.5,2025-11-20,2025-11-21
-36.5,144.5,2025-12-04,2025-12-04
-36.5,144.5,2026-02-06,2026-02-13
-36.5,144.5,2026-03-23,2026-04-04
-36.5,144.5,2026-04-10,2026-04-21
-36.5,144.5,2026-04-24,2026-04-27
-36.5,145.0,2024-02-23,2024-02-23
-36.5,145.0,2024-03-26,2024-04-08
-36.5,145.0,2024-04-09,2024-04-22
-36.5,145.0,2024-04-23,2024-05-06
-36.5,145.0,2024-05-07,2024-05-18
-36.5,145.0,2024-05-21,2024-05-29
-36.5,145.0,2024-08-01,2024-08-01
-36.5,145.0,2024-09-10,2024-09-17
-36.5,145.0,2024-10-20,2024-10-20
-36.5,145.0,2024-11-28,2024-12-09
-36.5,145.0,2024-12-25,2024-12-25
-36.5,145.0,2025-01-10,2025-01-10
-36.5,145.0,2025-04-07,2025-04-18
-36.5,145.0,2025-04-21,2025-05-03
-36.5,145.0,2025-05-08,2025-05-21
-36.5,145.0,2025-05-30,2025-06-09
-36.5,145.0,2025-06-16,2025-06-22
-36.5,145.0,2025-06-30,2025-06-30
-36.5,145.0,2025-07-19,2025-07-21
-36.5,145.0,2025-08-11,2025-08-23
-36.5,145.0,2025-08-25,2025-08-30
-36.5,145.0,2025-09-11,2025-09-18
-36.5,145.0,2025-09-30,2025-10-11
-36.5,145.0,2025-10-18,2025-10-30
-36.5,145.0,2025-11-01,2025-11-01
-36.5,145.0,2025-12-01,2025-12-12
-36.5,145.0,2025-12-28,2025-12-28
-36.5,145.0,2026-01-30,2026-01-30
-36.5,145.0,2026-03-20,2026-03-30
-36.5,145.0,2026-04-05,2026-04-17
-36.5,145.0,2026-04-24,2026-04-26
-36.5,145.5,2024-02-01,2024-02-14
-36.5,145.5,2024-03-04,2024-03-15
-36.5,145.5,2024-03-21,2024-03-31
-36.5,145.5,2024-04-08,2024-04-21
-36.5,145.5,2024-04-22,2024-05-05
-36.5,145.5,2024-05-06,2024-05-18
-36.5,145.5,2024-05-22,2024-05-29
-36.5,145.5,2024-06-07,2024-06-18
-36.5,145.5,2024-06-29,2024-07-05
-36.5,145.5,2024-07-17,2024-07-17
-36.5,145.5,2024-08-03,2024-08-12
-36.5,145.5,2024-08-27,2024-08-30
-36.5,145.5,2024-09-18,2024-10-01
-36.5,145.5,2024-10-02,2024-10-12
-36.5,145.5,2024-10-19,2024-10-30
-36.5,145.5,2024-11-02,2024-11-08
-36.5,145.5,2024-12-20,2024-12-20
-36.5,145.5,2025-01-05,2025-01-05
-36.5,145.5,2025-01-26,2025-01-26
-36.5,145.5,2025-03-24,2025-04-03
-36.5,145.5,2025-04-09,2025-04-22
-36.5,145.5,2025-04-23,2025-05-06
-36.5,145.5,2025-05-08,2025-05-20
-36.5,145.5,2025-05-25,2025-06-05
-36.5,145.5,2025-06-20,2025-06-30
-36.5,145.5,2025-08-11,2025-08-19
-36.5,145.5,2025-09-09,2025-09-22
-36.5,145.5,2025-09-30,2025-10-13
-36.5,145.5,2025-10-27,2025-11-05
-36.5,145.5,2025-12-07,2025-12-08
-36.5,145.5,2025-12-23,2025-12-23
-36.5,145.5,2026-01-13,2026-01-13
-36.5,145.5,2026-03-30,2026-04-11
-36.5,145.5,2026-04-13,2026-04-26
-36.5,145.5,2026-04-27,2026-04-27
-36.5,146.0,2024-01-03,2024-01-03
-36.5,146.0,2024-01-19,2024-01-19
-36.5,146.0,2024-02-08,2024-02-14
-36.5,146.0,2024-03-27,2024-04-04
-36.5,146.0,2024-04-11,2024-04-24
-36.5,146.0,2024-04-26,2024-05-07
-36.5,146.0,2024-05-12,2024-05-23
-36.5,146.0,2024-05-26,2024-06-07
-36.5,146.0,2024-06-10,2024-06-10
-36.5,146.0,2024-07-06,2024-07-06
-36.5,146.0,2024-08-01,2024-08-01
-36.5,146.0,2024-08-15,2024-08-15
-36.5,146.0,2024-09-13,2024-09-13
-36.5,146.0,2024-10-27,2024-11-01
-36.5,146.0,2024-11-18,2024-11-18
-36.5,146.0,2024-12-04,2024-12-15
-36.5,146.0,2024-12-20,2024-12-31
-36.5,146.0,2025-01-05,2025-01-16
-36.5,146.0,2025-01-21,2025-01-31
-36.5,146.0,2025-02-25,2025-03-05
-36.5,146.0,2025-03-26,2025-04-07
-36.5,146.0,2025-04-10,2025-04-23
-36.5,146.0,2025-04-24,2025-05-03
-36.5,146.0,2025-05-09,2025-05-21
-36.5,146.0,2025-05-24,2025-06-05
-36.5,146.0,2025-06-11,2025-06-11
-36.5,146.0,2025-08-03,2025-08-03
-36.5,146.0,2025-08-19,2025-08-19
-36.5,146.0,2025-09-14,2025-09-23
-36.5,146.0,2025-10-04,2025-10-13
-36.5,146.0,2025-10-24,2025-10-30
-36.5,146.0,2025-11-10,2025-11-21
-36.5,146.0,2025-11-26,2025-12-07
-36.5,146.0,2025-12-18,2025-12-28
-36.5,146.0,2026-01-08,2026-01-18
-36.5,146.0,2026-01-24,2026-02-03
-36.5,146.0,2026-02-18,2026-02-18
-36.5,146.0,2026-03-23,2026-04-05
-36.5,146.0,2026-04-07,2026-04-20
-36.5,146.0,2026-04-21,2026-04-27
-36.5,146.5,2024-02-13,2024-02-14
-36.5,146.5,2024-03-22,2024-04-04
-36.5,146.5,2024-04-12,2024-04-25
-36.5,146.5,2024-04-26,2024-05-07
-36.5,146.5,2024-05-14,2024-05-27
-36.5,146.5,2024-05-28,2024-06-07
-36.5,146.5,2024-06-12,2024-06-22
-36.5,146.5,2024-07-01,2024-07-04
-36.5,146.5,2024-07-31,2024-07-31
-36.5,146.5,2024-09-07,2024-09-16
-36.5,146.5,2024-10-02,2024-10-08
-36.5,146.5,2024-10-19,2024-11-01
-36.5,146.5,2024-11-14,2024-11-14
-36.5,146.5,2025-03-27,2025-04-09
-36.5,146.5,2025-04-10,2025-04-22
-36.5,146.5,2025-04-24,2025-05-03
-36.5,146.5,2025-05-09,2025-05-13
-36.5,146.5,2025-05-28,2025-06-10
-36.5,146.5,2025-06-11,2025-06-21
-36.5,146.5,2025-06-27,2025-06-27
-36.5,146.5,2025-07-13,2025-07-21
-36.5,146.5,2025-08-19,2025-08-23
-36.5,146.5,2025-09-06,2025-09-14
-36.5,146.5,2025-10-30,2025-11-10
-36.5,146.5,2025-11-21,2025-12-04
-36.5,146.5,2025-12-07,2025-12-07
-36.5,146.5,2025-12-23,2025-12-23
-36.5,146.5,2026-03-21,2026-03-21
-36.5,146.5,2026-04-08,2026-04-21
-36.5,146.5,2026-04-22,2026-04-27
-36.5,147.0,2024-03-16,2024-03-28
-36.5,147.0,2024-03-31,2024-04-12
-36.5,147.0,2024-04-14,2024-04-27
-36.5,147.0,2024-04-28,2024-05-06
-36.5,147.0,2024-05-14,2024-05-25
-36.5,147.0,2024-06-18,2024-06-23
-36.5,147.0,2024-08-01,2024-08-12
-36.5,147.0,2024-08-27,2024-09-07
-36.5,147.0,2024-09-17,2024-09-30
-36.5,147.0,2024-10-02,2024-10-14
-36.5,147.0,2024-10-19,2024-10-19
-36.5,147.0,2024-11-14,2024-11-14
-36.5,147.0,2025-04-01,2025-04-14
-36.5,147.0,2025-04-19,2025-05-02
-36.5,147.0,2025-05-03,2025-05-14
-36.5,147.0,2025-05-18,2025-05-31
-36.5,147.0,2025-06-03,2025-06-12
-36.5,147.0,2025-06-19,2025-06-29
-36.5,147.0,2025-07-04,2025-07-04
-36.5,147.0,2025-07-24,2025-08-03
-36.5,147.0,2025-08-24,2025-08-24
-36.5,147.0,2025-09-13,2025-09-15
-36.5,147.0,2025-09-29,2025-10-10
-36.5,147.0,2025-10-15,2025-10-17
-36.5,147.0,2025-11-01,2025-11-14
-36.5,147.0,2025-11-20,2025-11-20
-36.5,147.0,2026-03-20,2026-03-30
-36.5,147.0,2026-04-08,2026-04-21
-36.5,147.0,2026-04-22,2026-04-27
-36.5,147.5,2024-03-24,2024-04-04
-36.5,147.5,2024-04-17,2024-04-29
-36.5,147.5,2024-05-03,2024-05-06
-36.5,147.5,2024-05-28,2024-05-28
-36.5,147.5,2024-06-19,2024-06-22
-36.5,147.5,2024-07-04,2024-07-04
-36.5,147.5,2024-08-14,2024-08-14
-36.5,147.5,2024-09-18,2024-09-18
-36.5,147.5,2024-10-16,2024-10-16
-36.5,147.5,2025-02-07,2025-02-07
-36.5,147.5,2025-04-02,2025-04-15
-36.5,147.5,2025-04-16,2025-04-19
-36.5,147.5,2025-04-30,2025-05-13
-36.5,147.5,2025-05-14,2025-05-19
-36.5,147.5,2025-05-31,2025-06-05
-36.5,147.5,2025-08-19,2025-08-19
-36.5,147.5,2025-09-18,2025-09-18
-36.5,147.5,2025-11-01,2025-11-01
-36.5,147.5,2026-01-09,2026-01-22
-36.5,147.5,2026-01-23,2026-02-05
-36.5,147.5,2026-02-06,2026-02-06
-36.5,147.5,2026-04-02,2026-04-05
-36.5,147.5,2026-04-16,2026-04-27
-36.5,148.0,2024-03-26,2024-03-28
-36.5,148.0,2024-04-15,2024-04-28
-36.5,148.0,2024-04-30,2024-05-06
-36.5,148.0,2024-06-08,2024-06-16
-36.5,148.0,2024-12-27,2024-12-29
-36.5,148.0,2025-03-19,2025-03-19
-36.5,148.0,2025-04-30,2025-05-01
-36.5,148.0,2025-06-27,2025-07-04
-36.5,148.0,2025-08-25,2025-08-25
-36.5,148.0,2026-01-09,2026-01-22
-36.5,148.0,2026-01-23,2026-01-30
-36.5,148.0,2026-04-23,2026-04-23
-36.5,148.5,2024-04-12,2024-04-25
-36.5,148.5,2024-04-26,2024-04-28
-36.5,148.5,2024-08-13,2024-08-13
-36.5,148.5,2024-10-27,2024-10-27
-36.5,148.5,2024-12-14,2024-12-14
-36.5,148.5,2025-01-08,2025-01-08
-36.5,148.5,2025-03-07,2025-03-15
-36.5,148.5,2025-05-16,2025-05-16
-36.5,148.5,2025-09-02,2025-09-02
-36.5,148.5,2025-09-17,2025-09-29
-36.5,148.5,2026-03-14,2026-03-14
-36.5,148.5,2026-04-13,2026-04-26
-36.5,148.5,2026-04-27,2026-04-27
-36.5,149.0,2024-01-16,2024-01-16
-36.5,149.0,2024-03-26,2024-04-03
-36.5,149.0,2024-04-12,2024-04-12
-36.5,149.0,2024-06-21,2024-06-21
-36.5,149.0,2024-08-01,2024-08-11
-36.5,149.0,2024-08-19,2024-08-19
-36.5,149.0,2024-09-17,2024-09-17
-36.5,149.0,2024-10-09,2024-10-09
-36.5,149.0,2024-11-25,2024-11-25
-36.5,149.0,2025-02-19,2025-02-19
-36.5,149.0,2025-06-26,2025-06-26
-36.5,149.0,2025-07-18,2025-07-19
-36.5,149.0,2025-08-11,2025-08-11
-36.5,149.0,2025-09-29,2025-09-29
-36.5,149.0,2026-03-15,2026-03-15
-36.5,149.0,2026-04-01,2026-04-09
-36.5,149.5,2024-04-24,2024-05-07
-36.5,149.5,2024-06-09,2024-06-19
-36.5,149.5,2024-07-20,2024-07-20
-36.5,149.5,2024-08-12,2024-08-17
-36.5,149.5,2024-10-19,2024-10-19
-36.5,149.5,2025-03-12,2025-03-12
-36.5,149.5,2025-03-27,2025-03-27
-36.5,149.5,2025-04-12,2025-04-20
-36.5,149.5,2025-05-10,2025-05-15
-36.5,149.5,2025-06-05,2025-06-05
-36.5,149.5,2025-06-28,2025-06-28
-36.5,149.5,2025-07-12,2025-07-18
-36.5,149.5,2025-08-06,2025-08-12
-36.5,149.5,2025-08-23,2025-09-03
-36.5,149.5,2025-09-06,2025-09-19
-36.5,149.5,2025-09-20,2025-09-27
-36.5,149.5,2025-10-10,2025-10-20
-36.5,149.5,2026-02-20,2026-02-20
-36.5,149.5,2026-04-01,2026-04-13
-36.5,149.5,2026-04-15,2026-04-27
-36.5,150.0,2024-03-25,2024-03-25
-36.5,150.0,2024-04-26,2024-05-02
-36.5,150.0,2024-05-28,2024-05-28
-36.5,150.0,2024-07-04,2024-07-04
-36.5,150.0,2024-07-22,2024-07-23
-36.5,150.0,2024-08-16,2024-08-27
-36.5,150.0,2025-03-20,2025-03-20
-36.5,150.0,2025-04-10,2025-04-22
-36.5,150.0,2025-05-03,2025-05-16
-36.5,150.0,2025-06-13,2025-06-16
-36.5,150.0,2026-01-10,2026-01-10
-36.5,150.0,2026-04-01,2026-04-11
-36.5,150.0,2026-04-20,2026-04-27
-36.0,136.5,2024-09-25,2024-09-25
-36.0,136.5,2025-05-01,2025-05-01
-36.0,137.0,2024-03-13,2024-03-21
-36.0,137.0,2024-03-27,2024-04-07
-36.0,137.0,2024-04-17,2024-04-22
-36.0,137.0,2024-05-02,2024-05-15
-36.0,137.0,2024-05-16,2024-05-29
-36.0,137.0,2024-07-01,2024-07-02
-36.0,137.0,2024-07-22,2024-07-23
-36.0,137.0,2024-08-10,2024-08-14
-36.0,137.0,2024-08-27,2024-08-30
-36.0,137.0,2024-09-13,2024-09-17
-36.0,137.0,2024-10-09,2024-10-15
-36.0,137.0,2024-11-12,2024-11-12
-36.0,137.0,2024-12-07,2024-12-07
-36.0,137.0,2025-01-18,2025-01-18
-36.0,137.0,2025-04-04,2025-04-15
-36.0,137.0,2025-04-23,2025-05-05
-36.0,137.0,2025-05-07,2025-05-20
-36.0,137.0,2025-05-22,2025-06-01
-36.0,137.0,2025-06-12,2025-06-20
-36.0,137.0,2025-07-02,2025-07-10
-36.0,137.0,2025-08-20,2025-08-20
-36.0,137.0,2025-09-10,2025-09-12
-36.0,137.0,2025-09-24,2025-09-28
-36.0,137.0,2025-10-14,2025-10-14
-36.0,137.0,2025-11-11,2025-11-11
-36.0,137.0,2026-04-02,2026-04-15
-36.0,137.0,2026-04-16,2026-04-24
-36.0,137.5,2024-03-21,2024-03-22
-36.0,137.5,2024-04-17,2024-04-26
-36.0,137.5,2024-05-03,2024-05-14
-36.0,137.5,2024-05-17,2024-05-29
-36.0,137.5,2024-07-09,2024-07-09
-36.0,137.5,2024-10-08,2024-10-15
-36.0,137.5,2025-04-16,2025-04-24
-36.0,137.5,2025-05-01,2025-05-13
-36.0,137.5,2025-05-19,2025-05-23
-36.0,137.5,2025-06-11,2025-06-19
-36.0,137.5,2025-07-03,2025-07-06
-36.0,137.5,2025-09-17,2025-09-28
-36.0,137.5,2025-10-04,2025-10-15
-36.0,137.5,2025-10-31,2025-11-01
-36.0,137.5,2026-03-19,2026-03-31
-36.0,137.5,2026-04-02,2026-04-15
-36.0,137.5,2026-04-18,2026-04-18
-36.0,138.0,2024-05-10,2024-05-16
-36.0,138.0,2024-06-24,2024-06-24
-36.0,138.0,2024-10-21,2024-10-22
-36.0,138.0,2024-11-10,2024-11-13
-36.0,138.0,2025-04-11,2025-04-18
-36.0,138.0,2025-05-02,2025-05-13
-36.0,138.0,2026-04-23,2026-04-23
-36.0,139.5,2024-03-21,2024-03-21
-36.0,139.5,2024-04-04,2024-04-16
-36.0,139.5,2024-04-21,2024-05-04
-36.0,139.5,2024-05-28,2024-05-28
-36.0,139.5,2024-06-17,2024-06-17
-36.0,139.5,2024-07-08,2024-07-08
-36.0,139.5,2024-08-07,2024-08-14
-36.0,139.5,2024-09-06,2024-09-06
-36.0,139.5,2024-10-02,2024-10-02
-36.0,139.5,2024-10-19,2024-10-23
-36.0,139.5,2025-01-25,2025-01-25
-36.0,139.5,2025-05-29,2025-06-06
-36.0,139.5,2025-07-01,2025-07-01
-36.0,139.5,2025-07-16,2025-07-16
-36.0,139.5,2025-08-06,2025-08-12
-36.0,139.5,2025-09-12,2025-09-12
-36.0,139.5,2025-10-09,2025-10-09
-36.0,139.5,2025-10-23,2025-10-28
-36.0,140.0,2024-03-21,2024-03-26
-36.0,140.0,2024-04-05,2024-04-15
-36.0,140.0,2024-04-22,2024-05-04
-36.0,140.0,2024-05-07,2024-05-15
-36.0,140.0,2024-05-28,2024-06-07
-36.0,140.0,2024-07-05,2024-07-06
-36.0,140.0,2024-09-03,2024-09-03
-36.0,140.0,2024-10-16,2024-10-16
-36.0,140.0,2025-05-02,2025-05-02
-36.0,140.0,2025-05-25,2025-05-31
-36.0,140.0,2025-06-12,2025-06-20
-36.0,140.0,2026-01-03,2026-01-03
-36.0,140.0,2026-02-14,2026-02-14
-36.0,140.0,2026-04-21,2026-04-22
-36.0,140.5,2024-01-16,2024-01-16
-36.0,140.5,2024-04-04,2024-04-15
-36.0,140.5,2024-04-22,2024-05-03
-36.0,140.5,2024-05-07,2024-05-16
-36.0,140.5,2024-05-23,2024-05-27
-36.0,140.5,2024-06-06,2024-06-16
-36.0,140.5,2024-07-03,2024-07-03
-36.0,140.5,2024-12-04,2024-12-04
-36.0,140.5,2025-03-10,2025-03-10
-36.0,140.5,2025-04-03,2025-04-16
-36.0,140.5,2025-04-17,2025-04-23
-36.0,140.5,2025-05-02,2025-05-13
-36.0,140.5,2025-05-22,2025-05-22
-36.0,140.5,2025-06-19,2025-06-22
-36.0,140.5,2025-07-12,2025-07-18
-36.0,140.5,2025-08-12,2025-08-12
-36.0,140.5,2025-10-09,2025-10-09
-36.0,140.5,2026-03-23,2026-03-23
-36.0,140.5,2026-04-07,2026-04-15
-36.0,140.5,2026-04-21,2026-04-27
-36.0,141.0,2024-04-11,2024-04-22
-36.0,141.0,2024-04-28,2024-05-07
-36.0,141.0,2024-05-26,2024-06-07
-36.0,141.0,2024-06-27,2024-06-27
-36.0,141.0,2024-08-10,2024-08-14
-36.0,141.0,2024-08-25,2024-09-02
-36.0,141.0,2024-09-17,2024-09-17
-36.0,141.0,2024-10-07,2024-10-20
-36.0,141.0,2024-12-08,2024-12-08
-36.0,141.0,2025-04-14,2025-04-14
-36.0,141.0,2025-04-30,2025-05-13
-36.0,141.0,2025-07-08,2025-07-08
-36.0,141.0,2025-09-15,2025-09-15
-36.0,141.0,2026-03-23,2026-03-23
-36.0,141.5,2024-01-14,2024-01-14
-36.0,141.5,2024-03-22,2024-03-31
-36.0,141.5,2024-04-05,2024-04-17
-36.0,141.5,2024-04-21,2024-05-04
-36.0,141.5,2024-05-06,2024-05-13
-36.0,141.5,2024-05-22,2024-05-28
-36.0,141.5,2024-07-04,2024-07-04
-36.0,141.5,2024-08-09,2024-08-09
-36.0,141.5,2024-08-27,2024-08-27
-36.0,141.5,2024-10-06,2024-10-06
-36.0,141.5,2025-03-25,2025-04-02
-36.0,141.5,2025-04-24,2025-05-04
-36.0,141.5,2025-05-12,2025-05-13
-36.0,141.5,2026-04-06,2026-04-15
-36.0,141.5,2026-04-20,2026-04-27
-36.0,142.0,2024-03-25,2024-04-05
-36.0,142.0,2024-04-11,2024-04-24
-36.0,142.0,2024-04-26,2024-05-04
-36.0,142.0,2024-05-15,2024-05-28
-36.0,142.0,2024-06-06,2024-06-06
-36.0,142.0,2024-08-14,2024-08-14
-36.0,142.0,2024-10-14,2024-10-14
-36.0,142.0,2025-03-25,2025-03-26
-36.0,142.0,2025-04-10,2025-04-16
-36.0,142.0,2025-04-24,2025-04-27
-36.0,142.0,2025-05-15,2025-05-15
-36.0,142.0,2025-05-30,2025-06-03
-36.0,142.0,2026-03-23,2026-04-04
-36.0,142.0,2026-04-15,2026-04-24
-36.0,142.5,2024-01-23,2024-01-23
-36.0,142.5,2024-03-22,2024-03-31
-36.0,142.5,2024-04-12,2024-04-23
-36.0,142.5,2024-04-30,2024-05-05
-36.0,142.5,2024-05-16,2024-05-20
-36.0,142.5,2024-06-06,2024-06-06
-36.0,142.5,2024-09-10,2024-09-10
-36.0,142.5,2025-01-14,2025-01-14
-36.0,142.5,2025-03-26,2025-04-05
-36.0,142.5,2025-04-11,2025-04-23
-36.0,142.5,2025-05-09,2025-05-09
-36.0,142.5,2025-09-14,2025-09-14
-36.0,142.5,2026-03-07,2026-03-07
-36.0,142.5,2026-04-15,2026-04-21
-36.0,143.0,2024-03-05,2024-03-16
-36.0,143.0,2024-03-21,2024-03-28
-36.0,143.0,2024-04-04,2024-04-16
-36.0,143.0,2024-04-22,2024-05-02
-36.0,143.0,2024-05-09,2024-05-16
-36.0,143.0,2024-05-27,2024-05-29
-36.0,143.0,2025-03-19,2025-03-19
-36.0,143.0,2025-04-08,2025-04-16
-36.0,143.0,2025-05-21,2025-05-21
-36.0,143.0,2026-03-24,2026-04-03
-36.0,143.0,2026-04-15,2026-04-15
-36.0,143.5,2024-01-04,2024-01-04
-36.0,143.5,2024-02-21,2024-02-21
-36.0,143.5,2024-03-20,2024-03-28
-36.0,143.5,2024-04-04,2024-04-17
-36.0,143.5,2024-04-20,2024-05-01
-36.0,143.5,2024-05-07,2024-05-18
-36.0,143.5,2024-05-21,2024-05-29
-36.0,143.5,2024-08-25,2024-09-06
-36.0,143.5,2024-09-11,2024-09-11
-36.0,143.5,2024-10-09,2024-10-09
-36.0,143.5,2024-10-30,2024-10-30
-36.0,143.5,2024-12-18,2024-12-18
-36.0,143.5,2025-01-07,2025-01-14
-36.0,143.5,2025-02-11,2025-02-11
-36.0,143.5,2025-04-01,2025-04-11
-36.0,143.5,2025-04-15,2025-04-28
-36.0,143.5,2025-04-30,2025-05-10
-36.0,143.5,2025-05-14,2025-05-22
-36.0,143.5,2025-06-01,2025-06-05
-36.0,143.5,2025-07-02,2025-07-02
-36.0,143.5,2025-08-09,2025-08-09
-36.0,143.5,2025-08-23,2025-08-23
-36.0,143.5,2025-11-09,2025-11-10
-36.0,143.5,2026-03-30,2026-04-06
-36.0,143.5,2026-04-15,2026-04-27
-36.0,144.0,2024-02-01,2024-02-03
-36.0,144.0,2024-02-16,2024-02-16
-36.0,144.0,2024-03-22,2024-03-31
-36.0,144.0,2024-04-08,2024-04-21
-36.0,144.0,2024-04-22,2024-05-05
-36.0,144.0,2024-05-06,2024-05-14
-36.0,144.0,2024-05-28,2024-05-28
-36.0,144.0,2024-06-17,2024-06-17
-36.0,144.0,2024-08-24,2024-09-03
-36.0,144.0,2024-09-10,2024-09-15
-36.0,144.0,2024-10-01,2024-10-10
-36.0,144.0,2024-12-25,2024-12-26
-36.0,144.0,2025-04-07,2025-04-20
-36.0,144.0,2025-04-21,2025-04-24
-36.0,144.0,2025-05-05,2025-05-14
-36.0,144.0,2025-07-21,2025-07-21
-36.0,144.0,2025-08-09,2025-08-13
-36.0,144.0,2025-10-03,2025-10-13
-36.0,144.0,2025-10-24,2025-10-24
-36.0,144.0,2025-11-20,2025-12-01
-36.0,144.0,2025-12-17,2025-12-28
-36.0,144.0,2026-01-02,2026-01-13
-36.0,144.0,2026-01-18,2026-01-29
-36.0,144.0,2026-03-20,2026-03-30
-36.0,144.0,2026-04-06,2026-04-19
-36.0,144.5,2024-01-21,2024-02-01
-36.0,144.5,2024-03-02,2024-03-15
-36.0,144.5,2024-03-16,2024-03-28
-36.0,144.5,2024-03-30,2024-04-12
-36.0,144.5,2024-04-13,2024-04-26
-36.0,144.5,2024-04-28,2024-05-06
-36.0,144.5,2024-05-16,2024-05-26
-36.0,144.5,2024-06-17,2024-06-22
-36.0,144.5,2024-07-30,2024-07-30
-36.0,144.5,2024-09-15,2024-09-28
-36.0,144.5,2025-01-21,2025-01-21
-36.0,144.5,2025-03-13,2025-03-24
-36.0,144.5,2025-04-01,2025-04-14
-36.0,144.5,2025-04-15,2025-04-20
-36.0,144.5,2025-05-05,2025-05-15
-36.0,144.5,2025-05-30,2025-05-31
-36.0,144.5,2025-06-17,2025-06-27
-36.0,144.5,2025-07-02,2025-07-02
-36.0,144.5,2025-07-18,2025-07-18
-36.0,144.5,2025-08-23,2025-08-23
-36.0,144.5,2025-09-08,2025-09-09
-36.0,144.5,2025-09-22,2025-09-22
-36.0,144.5,2025-10-10,2025-10-10
-36.0,144.5,2025-11-17,2025-11-17
-36.0,144.5,2026-01-29,2026-01-29
-36.0,144.5,2026-03-14,2026-03-26
-36.0,144.5,2026-03-28,2026-04-06
-36.0,144.5,2026-04-15,2026-04-25
-36.0,145.0,2024-01-13,2024-01-14
-36.0,145.0,2024-01-30,2024-01-30
-36.0,145.0,2024-02-14,2024-02-21
-36.0,145.0,2024-03-15,2024-03-28
-36.0,145.0,2024-03-29,2024-04-11
-36.0,145.0,2024-04-13,2024-04-25
-36.0,145.0,2024-04-27,2024-05-08
-36.0,145.0,2024-05-11,2024-05-22
-36.0,145.0,2024-05-26,2024-06-07
-36.0,145.0,2024-08-01,2024-08-01
-36.0,145.0,2024-08-15,2024-08-18
-36.0,145.0,2024-08-30,2024-09-07
-36.0,145.0,2024-09-22,2024-10-02
-36.0,145.0,2024-10-09,2024-10-09
-36.0,145.0,2024-10-29,2024-11-09
-36.0,145.0,2024-11-18,2024-11-20
-36.0,145.0,2024-12-11,2024-12-12
-36.0,145.0,2024-12-25,2024-12-25
-36.0,145.0,2025-03-07,2025-03-07
-36.0,145.0,2025-03-23,2025-04-03
-36.0,145.0,2025-04-10,2025-04-18
-36.0,145.0,2025-04-24,2025-05-06
-36.0,145.0,2025-05-08,2025-05-20
-36.0,145.0,2025-05-25,2025-05-25
-36.0,145.0,2025-06-21,2025-06-26
-36.0,145.0,2025-08-07,2025-08-07
-36.0,145.0,2025-08-23,2025-08-23
-36.0,145.0,2025-09-22,2025-09-29
-36.0,145.0,2025-10-14,2025-10-14
-36.0,145.0,2025-11-22,2025-11-22
-36.0,145.0,2025-12-08,2025-12-08
-36.0,145.0,2026-02-19,2026-02-19
-36.0,145.0,2026-03-24,2026-04-04
-36.0,145.0,2026-04-08,2026-04-16
-36.0,145.0,2026-04-23,2026-04-24
-36.0,145.5,2024-02-03,2024-02-08
-36.0,145.5,2024-03-04,2024-03-17
-36.0,145.5,2024-03-21,2024-03-31
-36.0,145.5,2024-04-04,2024-04-17
-36.0,145.5,2024-04-19,2024-05-02
-36.0,145.5,2024-05-03,2024-05-16
-36.0,145.5,2024-05-17,2024-05-27
-36.0,145.5,2024-06-08,2024-06-18
-36.0,145.5,2024-06-22,2024-07-03
-36.0,145.5,2024-08-05,2024-08-15
-36.0,145.5,2024-08-29,2024-09-10
-36.0,145.5,2024-09-12,2024-09-22
-36.0,145.5,2024-10-03,2024-10-10
-36.0,145.5,2024-10-21,2024-11-01
-36.0,145.5,2024-12-02,2024-12-04
-36.0,145.5,2024-12-20,2024-12-25
-36.0,145.5,2025-01-05,2025-01-05
-36.0,145.5,2025-03-18,2025-03-26
-36.0,145.5,2025-04-01,2025-04-14
-36.0,145.5,2025-04-15,2025-04-27
-36.0,145.5,2025-04-29,2025-05-12
-36.0,145.5,2025-05-13,2025-05-24
-36.0,145.5,2025-05-28,2025-06-10
-36.0,145.5,2025-06-13,2025-06-26
-36.0,145.5,2025-07-01,2025-07-13
-36.0,145.5,2025-08-07,2025-08-15
-36.0,145.5,2025-09-02,2025-09-15
-36.0,145.5,2025-09-18,2025-09-30
-36.0,145.5,2025-10-18,2025-10-30
-36.0,145.5,2025-11-09,2025-11-10
-36.0,145.5,2025-11-26,2025-12-07
-36.0,145.5,2025-12-12,2025-12-23
-36.0,145.5,2025-12-28,2026-01-09
-36.0,145.5,2026-01-13,2026-01-24
-36.0,145.5,2026-03-23,2026-04-05
-36.0,145.5,2026-04-07,2026-04-20
-36.0,145.5,2026-04-21,2026-04-27
-36.0,146.0,2024-03-05,2024-03-18
-36.0,146.0,2024-03-21,2024-04-03
-36.0,146.0,2024-04-04,2024-04-17
-36.0,146.0,2024-04-18,2024-05-01
-36.0,146.0,2024-05-02,2024-05-14
-36.0,146.0,2024-05-16,2024-05-29
-36.0,146.0,2024-06-21,2024-06-26
-36.0,146.0,2024-08-12,2024-08-15
-36.0,146.0,2024-09-01,2024-09-03
-36.0,146.0,2024-09-16,2024-09-17
-36.0,146.0,2024-10-08,2024-10-12
-36.0,146.0,2024-10-27,2024-10-27
-36.0,146.0,2024-12-04,2024-12-04
-36.0,146.0,2024-12-31,2024-12-31
-36.0,146.0,2025-02-11,2025-02-11
-36.0,146.0,2025-03-19,2025-04-01
-36.0,146.0,2025-04-02,2025-04-15
-36.0,146.0,2025-04-16,2025-04-28
-36.0,146.0,2025-04-30,2025-05-13
-36.0,146.0,2025-05-14,2025-05-26
-36.0,146.0,2025-05-29,2025-06-04
-36.0,146.0,2025-06-12,2025-06-22
-36.0,146.0,2025-06-26,2025-06-26
-36.0,146.0,2025-07-12,2025-07-21
-36.0,146.0,2025-08-14,2025-08-24
-36.0,146.0,2025-09-22,2025-09-27
-36.0,146.0,2025-10-14,2025-10-16
-36.0,146.0,2025-11-10,2025-11-10
-36.0,146.0,2025-11-26,2025-12-07
-36.0,146.0,2025-12-23,2025-12-30
-36.0,146.0,2026-01-08,2026-01-08
-36.0,146.0,2026-03-21,2026-04-03
-36.0,146.0,2026-04-04,2026-04-16
-36.0,146.0,2026-04-18,2026-04-27
-36.0,146.5,2024-03-15,2024-03-28
-36.0,146.5,2024-03-29,2024-04-11
-36.0,146.5,2024-04-12,2024-04-24
-36.0,146.5,2024-04-26,2024-05-07
-36.0,146.5,2024-05-12,2024-05-25
-36.0,146.5,2024-05-26,2024-06-07
-36.0,146.5,2024-06-15,2024-06-28
-36.0,146.5,2024-07-03,2024-07-06
-36.0,146.5,2024-08-10,2024-08-10
-36.0,146.5,2024-08-27,2024-09-07
-36.0,146.5,2024-09-10,2024-09-10
-36.0,146.5,2024-10-11,2024-10-11
-36.0,146.5,2024-10-25,2024-10-25
-36.0,146.5,2024-11-15,2024-11-18
-36.0,146.5,2024-12-04,2024-12-15
-36.0,146.5,2024-12-18,2024-12-31
-36.0,146.5,2025-02-06,2025-02-06
-36.0,146.5,2025-03-18,2025-03-31
-36.0,146.5,2025-04-01,2025-04-14
-36.0,146.5,2025-04-15,2025-04-28
-36.0,146.5,2025-04-29,2025-05-10
-36.0,146.5,2025-05-14,2025-05-21
-36.0,146.5,2025-05-29,2025-06-04
-36.0,146.5,2025-06-17,2025-06-21
-36.0,146.5,2025-07-17,2025-07-21
-36.0,146.5,2025-08-07,2025-08-19
-36.0,146.5,2025-08-21,2025-09-03
-36.0,146.5,2025-09-25,2025-10-07
-36.0,146.5,2025-10-13,2025-10-14
-36.0,146.5,2025-11-10,2025-11-21
-36.0,146.5,2025-11-26,2025-12-07
-36.0,146.5,2025-12-15,2025-12-23
-36.0,146.5,2026-01-09,2026-01-09
-36.0,146.5,2026-01-24,2026-01-24
-36.0,146.5,2026-02-09,2026-02-21
-36.0,146.5,2026-03-29,2026-04-11
-36.0,146.5,2026-04-13,2026-04-26
-36.0,146.5,2026-04-27,2026-04-27
-36.0,147.0,2024-01-06,2024-01-06
-36.0,147.0,2024-02-03,2024-02-03
-36.0,147.0,2024-03-06,2024-03-06
-36.0,147.0,2024-03-22,2024-04-04
-36.0,147.0,2024-04-10,2024-04-23
-36.0,147.0,2024-04-25,2024-05-06
-36.0,147.0,2024-05-13,2024-05-25
-36.0,147.0,2024-05-27,2024-06-09
-36.0,147.0,2024-06-18,2024-06-25
-36.0,147.0,2024-08-07,2024-08-19
-36.0,147.0,2024-08-27,2024-08-31
-36.0,147.0,2024-09-12,2024-09-12
-36.0,147.0,2024-10-21,2024-11-01
-36.0,147.0,2024-12-04,2024-12-15
-36.0,147.0,2024-12-20,2024-12-31
-36.0,147.0,2025-01-16,2025-01-21
-36.0,147.0,2025-03-25,2025-04-07
-36.0,147.0,2025-04-08,2025-04-19
-36.0,147.0,2025-04-22,2025-05-04
-36.0,147.0,2025-05-12,2025-05-20
-36.0,147.0,2025-05-30,2025-06-05
-36.0,147.0,2025-07-18,2025-07-18
-36.0,147.0,2025-08-03,2025-08-16
-36.0,147.0,2025-08-20,2025-08-22
-36.0,147.0,2025-09-09,2025-09-19
-36.0,147.0,2025-09-27,2025-09-27
-36.0,147.0,2025-10-11,2025-10-24
-36.0,147.0,2025-10-29,2025-11-10
-36.0,147.0,2025-11-21,2025-12-02
-36.0,147.0,2025-12-07,2025-12-18
-36.0,147.0,2025-12-23,2025-12-23
-36.0,147.0,2026-01-19,2026-01-24
-36.0,147.0,2026-02-14,2026-02-14
-36.0,147.0,2026-03-06,2026-03-06
-36.0,147.0,2026-03-23,2026-04-04
-36.0,147.0,2026-04-08,2026-04-21
-36.0,147.0,2026-04-22,2026-04-27
-36.0,147.5,2024-04-03,2024-04-16
-36.0,147.5,2024-04-17,2024-04-30
-36.0,147.5,2024-05-01,2024-05-14
-36.0,147.5,2024-05-15,2024-05-28
-36.0,147.5,2024-05-29,2024-06-08
-36.0,147.5,2024-06-17,2024-06-21
-36.0,147.5,2024-07-04,2024-07-05
-36.0,147.5,2024-07-31,2024-07-31
-36.0,147.5,2024-09-06,2024-09-16
-36.0,147.5,2024-10-26,2024-10-27
-36.0,147.5,2025-03-27,2025-03-29
-36.0,147.5,2025-04-28,2025-04-28
-36.0,147.5,2025-05-13,2025-05-16
-36.0,147.5,2025-05-29,2025-06-11
-36.0,147.5,2025-06-13,2025-06-22
-36.0,147.5,2025-07-03,2025-07-03
-36.0,147.5,2025-07-30,2025-07-30
-36.0,147.5,2025-08-19,2025-08-23
-36.0,147.5,2025-09-13,2025-09-25
-36.0,147.5,2025-10-11,2025-10-11
-36.0,147.5,2025-12-07,2025-12-07
-36.0,147.5,2026-01-05,2026-01-14
-36.0,147.5,2026-02-02,2026-02-02
-36.0,147.5,2026-04-07,2026-04-18
-36.0,147.5,2026-04-25,2026-04-25
-36.0,148.0,2024-02-14,2024-02-22
-36.0,148.0,2024-03-22,2024-04-04
-36.0,148.0,2024-04-08,2024-04-19
-36.0,148.0,2024-04-22,2024-04-30
-36.0,148.0,2024-05-06,2024-05-18
-36.0,148.0,2024-05-26,2024-05-29
-36.0,148.0,2024-06-10,2024-06-23
-36.0,148.0,2024-06-24,2024-07-04
-36.0,148.0,2024-07-30,2024-08-10
-36.0,148.0,2024-08-19,2024-08-19
-36.0,148.0,2024-09-03,2024-09-03
-36.0,148.0,2024-10-01,2024-10-08
-36.0,148.0,2024-11-15,2024-11-15
-36.0,148.0,2024-12-26,2024-12-26
-36.0,148.0,2025-03-05,2025-03-05
-36.0,148.0,2025-03-25,2025-04-02
-36.0,148.0,2025-04-10,2025-04-18
-36.0,148.0,2025-04-30,2025-05-10
-36.0,148.0,2025-05-17,2025-05-30
-36.0,148.0,2025-05-31,2025-06-06
-36.0,148.0,2025-06-18,2025-06-27
-36.0,148.0,2025-07-03,2025-07-15
-36.0,148.0,2025-07-24,2025-08-04
-36.0,148.0,2025-08-07,2025-08-20
-36.0,148.0,2025-08-25,2025-08-25
-36.0,148.0,2025-09-14,2025-09-27
-36.0,148.0,2025-10-07,2025-10-13
-36.0,148.0,2025-11-11,2025-11-14
-36.0,148.0,2026-01-21,2026-01-23
-36.0,148.0,2026-03-09,2026-03-09
-36.0,148.0,2026-04-10,2026-04-23
-36.0,148.0,2026-04-24,2026-04-27
-36.0,148.5,2024-03-25,2024-03-25
-36.0,148.5,2024-04-14,2024-04-25
-36.0,148.5,2024-04-30,2024-05-13
-36.0,148.5,2024-05-27,2024-05-29
-36.0,148.5,2024-07-07,2024-07-07
-36.0,148.5,2024-08-02,2024-08-02
-36.0,148.5,2024-11-15,2024-11-15
-36.0,148.5,2024-12-27,2024-12-28
-36.0,148.5,2025-02-05,2025-02-05
-36.0,148.5,2025-05-10,2025-05-21
-36.0,148.5,2025-06-21,2025-06-22
-36.0,148.5,2025-10-05,2025-10-07
-36.0,148.5,2026-04-11,2026-04-17
-36.0,148.5,2026-04-27,2026-04-27
-36.0,149.0,2024-02-23,2024-02-23
-36.0,149.0,2024-05-24,2024-05-29
-36.0,149.0,2024-06-10,2024-06-10
-36.0,149.0,2024-06-29,2024-06-29
-36.0,149.0,2024-08-02,2024-08-13
-36.0,149.0,2024-08-19,2024-08-19
-36.0,149.0,2024-09-03,2024-09-07
-36.0,149.0,2024-10-09,2024-10-09
-36.0,149.0,2024-11-02,2024-11-02
-36.0,149.0,2024-12-20,2024-12-20
-36.0,149.0,2025-03-19,2025-03-19
-36.0,149.0,2025-04-05,2025-04-18
-36.0,149.0,2025-05-15,2025-05-15
-36.0,149.0,2025-05-31,2025-05-31
-36.0,149.0,2025-08-19,2025-08-19
-36.0,149.0,2025-09-12,2025-09-12
-36.0,149.0,2025-09-27,2025-10-05
-36.0,149.0,2025-10-30,2025-10-30
-36.0,149.0,2026-01-30,2026-01-30
-36.0,149.0,2026-04-15,2026-04-21
-36.0,149.5,2024-02-22,2024-02-22
-36.0,149.5,2024-05-01,2024-05-02
-36.0,149.5,2024-05-29,2024-05-29
-36.0,149.5,2024-06-19,2024-06-23
-36.0,149.5,2024-08-21,2024-08-23
-36.0,149.5,2025-04-25,2025-04-25
-36.0,149.5,2025-05-10,2025-05-10
-36.0,149.5,2025-05-31,2025-06-13
-36.0,149.5,2025-06-23,2025-06-28
-36.0,149.5,2025-07-09,2025-07-18
-36.0,149.5,2025-12-12,2025-12-12
-36.0,149.5,2026-01-07,2026-01-13
-36.0,149.5,2026-03-13,2026-03-13
-36.0,149.5,2026-04-22,2026-04-22
-36.0,150.0,2024-02-20,2024-02-20
-36.0,150.0,2024-03-22,2024-03-22
-36.0,150.0,2024-04-21,2024-04-27
-36.0,150.0,2024-05-27,2024-05-27
-36.0,150.0,2024-06-18,2024-06-27
-36.0,150.0,2024-08-06,2024-08-06
-36.0,150.0,2024-08-24,2024-09-06
-36.0,150.0,2024-09-09,2024-09-20
-36.0,150.0,2025-03-01,2025-03-06
-36.0,150.0,2025-04-12,2025-04-19
-36.0,150.0,2025-06-18,2025-06-27
-36.0,150.0,2025-07-28,2025-07-29
-36.0,150.0,2025-08-30,2025-09-03
-36.0,150.0,2025-09-13,2025-09-26
-36.0,150.0,2026-01-10,2026-01-13
-36.0,150.0,2026-04-01,2026-04-14
-36.0,150.0,2026-04-19,2026-04-26
-35.5,137.0,2024-01-04,2024-01-05
-35.5,137.0,2024-03-21,2024-03-24
-35.5,137.0,2024-04-05,2024-04-16
-35.5,137.0,2024-05-26,2024-05-26
-35.5,137.0,2024-08-12,2024-08-12
-35.5,137.0,2024-09-09,2024-09-09
-35.5,137.0,2025-04-01,2025-04-11
-35.5,137.0,2025-04-15,2025-04-23
-35.5,137.0,2025-05-12,2025-05-12
-35.5,137.0,2025-06-24,2025-06-24
-35.5,137.0,2025-09-22,2025-09-22
-35.5,137.0,2026-04-15,2026-04-26
-35.5,137.5,2024-05-04,2024-05-04
-35.5,137.5,2024-07-05,2024-07-09
-35.5,137.5,2024-07-23,2024-08-02
-35.5,137.5,2024-09-21,2024-09-21
-35.5,137.5,2024-10-26,2024-10-26
-35.5,137.5,2025-05-10,2025-05-19
-35.5,137.5,2025-05-28,2025-05-28
-35.5,137.5,2025-06-12,2025-06-21
-35.5,137.5,2025-08-23,2025-09-05
-35.5,137.5,2025-09-13,2025-09-22
-35.5,137.5,2025-10-10,2025-10-10
-35.5,137.5,2025-11-24,2025-11-24
-35.5,137.5,2026-03-25,2026-04-02
-35.5,137.5,2026-04-22,2026-04-24
-35.5,138.0,2024-05-07,2024-05-09
-35.5,138.0,2024-06-17,2024-06-26
-35.5,138.0,2024-07-01,2024-07-01
-35.5,138.0,2024-09-12,2024-09-12
-35.5,138.0,2025-04-24,2025-05-05
-35.5,138.0,2025-05-09,2025-05-12
-35.5,138.0,2025-05-23,2025-05-23
-35.5,138.0,2025-06-19,2025-07-01
-35.5,138.0,2025-07-15,2025-07-22
-35.5,138.0,2025-08-07,2025-08-11
-35.5,138.0,2025-08-27,2025-08-27
-35.5,138.0,2025-10-04,2025-10-04
-35.5,138.0,2025-11-05,2025-11-05
-35.5,138.0,2025-11-27,2025-11-27
-35.5,138.0,2026-02-02,2026-02-10
-35.5,138.0,2026-02-16,2026-02-16
-35.5,138.0,2026-04-16,2026-04-24
-35.5,138.5,2024-04-05,2024-04-06
-35.5,138.5,2024-05-04,2024-05-07
-35.5,138.5,2024-05-26,2024-06-05
-35.5,138.5,2024-06-18,2024-07-01
-35.5,138.5,2024-07-02,2024-07-03
-35.5,138.5,2024-08-01,2024-08-01
-35.5,138.5,2024-09-03,2024-09-14
-35.5,138.5,2024-11-07,2024-11-07
-35.5,138.5,2025-04-24,2025-04-24
-35.5,138.5,2025-05-09,2025-05-20
-35.5,138.5,2025-05-29,2025-05-29
-35.5,138.5,2025-06-13,2025-06-22
-35.5,138.5,2025-07-01,2025-07-03
-35.5,138.5,2025-07-17,2025-07-17
-35.5,138.5,2025-08-02,2025-08-08
-35.5,138.5,2025-08-18,2025-08-22
-35.5,138.5,2025-09-04,2025-09-04
-35.5,138.5,2025-10-04,2025-10-13
-35.5,138.5,2025-11-21,2025-11-21
-35.5,138.5,2025-12-28,2025-12-28
-35.5,138.5,2026-01-19,2026-01-19
-35.5,138.5,2026-02-06,2026-02-08
-35.5,138.5,2026-04-15,2026-04-23
-35.5,139.0,2024-04-07,2024-04-16
-35.5,139.0,2024-04-21,2024-05-03
-35.5,139.0,2024-05-06,2024-05-17
-35.5,139.0,2024-05-27,2024-06-05
-35.5,139.0,2024-06-18,2024-06-18
-35.5,139.0,2024-07-04,2024-07-06
-35.5,139.0,2024-07-30,2024-08-07
-35.5,139.0,2024-08-15,2024-08-23
-35.5,139.0,2024-09-01,2024-09-13
-35.5,139.0,2024-09-17,2024-09-30
-35.5,139.0,2024-10-02,2024-10-11
-35.5,139.0,2024-10-20,2024-10-28
-35.5,139.0,2025-04-01,2025-04-01
-35.5,139.0,2025-04-30,2025-05-02
-35.5,139.0,2025-05-30,2025-06-04
-35.5,139.0,2025-06-13,2025-06-21
-35.5,139.0,2025-07-02,2025-07-11
-35.5,139.0,2025-07-23,2025-07-24
-35.5,139.0,2025-08-11,2025-08-11
-35.5,139.0,2025-09-04,2025-09-13
-35.5,139.0,2025-10-13,2025-10-13
-35.5,139.5,2024-01-23,2024-02-02
-35.5,139.5,2024-04-05,2024-04-11
-35.5,139.5,2024-04-21,2024-05-04
-35.5,139.5,2024-05-06,2024-05-14
-35.5,139.5,2024-05-27,2024-05-27
-35.5,139.5,2024-07-04,2024-07-04
-35.5,139.5,2024-09-19,2024-09-19
-35.5,139.5,2024-10-08,2024-10-11
-35.5,139.5,2024-10-31,2024-11-11
-35.5,139.5,2024-12-08,2024-12-08
-35.5,139.5,2024-12-24,2024-12-24
-35.5,139.5,2025-01-09,2025-01-09
-35.5,139.5,2025-01-25,2025-01-29
-35.5,139.5,2025-02-14,2025-02-14
-35.5,139.5,2025-03-25,2025-03-25
-35.5,139.5,2025-04-23,2025-04-24
-35.5,139.5,2025-05-22,2025-05-23
-35.5,139.5,2025-06-12,2025-06-12
-35.5,139.5,2025-07-15,2025-07-26
-35.5,139.5,2025-08-20,2025-08-22
-35.5,139.5,2025-09-17,2025-09-17
-35.5,139.5,2025-10-29,2025-10-31
-35.5,139.5,2025-11-25,2025-11-25
-35.5,139.5,2025-12-11,2025-12-16
-35.5,139.5,2025-12-27,2025-12-28
-35.5,139.5,2026-01-12,2026-01-12
-35.5,139.5,2026-01-28,2026-02-01
-35.5,139.5,2026-03-22,2026-03-23
-35.5,139.5,2026-04-15,2026-04-15
-35.5,140.0,2024-02-02,2024-02-02
-35.5,140.0,2024-03-25,2024-04-05
-35.5,140.0,2024-04-11,2024-04-24
-35.5,140.0,2024-04-27,2024-05-09
-35.5,140.0,2024-05-14,2024-05-26
-35.5,140.0,2024-05-28,2024-06-05
-35.5,140.0,2024-07-04,2024-07-04
-35.5,140.0,2024-10-18,2024-10-28
-35.5,140.0,2024-12-08,2024-12-08
-35.5,140.0,2024-12-29,2024-12-30
-35.5,140.0,2025-05-09,2025-05-22
-35.5,140.0,2025-05-23,2025-06-04
-35.5,140.0,2025-06-14,2025-06-20
-35.5,140.0,2025-07-30,2025-07-30
-35.5,140.0,2025-09-02,2025-09-02
-35.5,140.0,2025-11-25,2025-11-25
-35.5,140.0,2025-12-27,2025-12-27
-35.5,140.0,2026-01-12,2026-01-12
-35.5,140.0,2026-04-07,2026-04-20
-35.5,140.0,2026-04-22,2026-04-27
-35.5,140.5,2024-03-22,2024-03-22
-35.5,140.5,2024-04-11,2024-04-22
-35.5,140.5,2024-04-27,2024-05-07
-35.5,140.5,2024-05-25,2024-06-07
-35.5,140.5,2024-06-20,2024-06-20
-35.5,140.5,2024-09-17,2024-09-17
-35.5,140.5,2024-10-11,2024-10-18
-35.5,140.5,2024-12-12,2024-12-12
-35.5,140.5,2025-03-10,2025-03-10
-35.5,140.5,2025-05-12,2025-05-13
-35.5,140.5,2025-10-17,2025-10-17
-35.5,140.5,2025-12-03,2025-12-03
-35.5,140.5,2026-03-23,2026-04-02
-35.5,141.0,2024-01-28,2024-01-30
-35.5,141.0,2024-03-22,2024-03-26
-35.5,141.0,2024-04-05,2024-04-05
-35.5,141.0,2024-04-22,2024-04-22
-35.5,141.0,2024-05-20,2024-05-29
-35.5,141.0,2024-10-11,2024-10-11
-35.5,141.0,2025-03-10,2025-03-19
-35.5,141.0,2025-04-01,2025-04-05
-35.5,141.0,2025-05-06,2025-05-19
-35.5,141.0,2025-06-13,2025-06-13
-35.5,141.0,2026-03-29,2026-03-31
-35.5,141.0,2026-04-18,2026-04-18
-35.5,141.5,2024-03-22,2024-03-28
-35.5,141.5,2024-04-11,2024-04-11
-35.5,141.5,2025-05-25,2025-05-25
-35.5,141.5,2026-01-08,2026-01-11
-35.5,141.5,2026-04-22,2026-04-22
-35.5,142.0,2024-03-22,2024-03-27
-35.5,142.0,2024-04-10,2024-04-15
-35.5,142.0,2024-12-31,2024-12-31
-35.5,142.0,2025-04-10,2025-04-10
-35.5,142.0,2025-05-06,2025-05-13
-35.5,142.0,2025-05-31,2025-06-04
-35.5,142.0,2025-09-02,2025-09-02
-35.5,142.0,2025-09-23,2025-09-24
-35.5,142.0,2025-12-04,2025-12-05
-35.5,142.0,2025-12-19,2025-12-20
-35.5,142.0,2026-01-09,2026-01-15
-35.5,142.0,2026-03-30,2026-04-06
-35.5,142.0,2026-04-16,2026-04-24
-35.5,142.5,2024-02-02,2024-02-03
-35.5,142.5,2024-03-27,2024-03-27
-35.5,142.5,2024-04-11,2024-04-24
-35.5,142.5,2024-04-28,2024-05-07
-35.5,142.5,2024-05-25,2024-05-25
-35.5,142.5,2025-04-11,2025-04-23
-35.5,142.5,2025-05-06,2025-05-06
-35.5,142.5,2025-05-20,2025-05-31
-35.5,142.5,2025-08-13,2025-08-13
-35.5,142.5,2025-10-24,2025-10-24
-35.5,142.5,2026-03-23,2026-04-02
-35.5,143.0,2024-04-04,2024-04-15
-35.5,143.0,2024-04-21,2024-05-02
-35.5,143.0,2024-05-06,2024-05-16
-35.5,143.0,2024-05-22,2024-05-29
-35.5,143.0,2024-08-06,2024-08-07
-35.5,143.0,2024-08-22,2024-08-22
-35.5,143.0,2024-10-07,2024-10-12
-35.5,143.0,2025-04-17,2025-04-23
-35.5,143.0,2025-06-21,2025-06-21
-35.5,143.0,2025-08-28,2025-08-28
-35.5,143.0,2026-01-11,2026-01-11
-35.5,143.0,2026-03-30,2026-03-30
-35.5,143.0,2026-04-15,2026-04-15
-35.5,143.5,2024-03-03,2024-03-07
-35.5,143.5,2024-03-21,2024-03-31
-35.5,143.5,2024-04-04,2024-04-17
-35.5,143.5,2024-04-22,2024-05-02
-35.5,143.5,2024-05-06,2024-05-18
-35.5,143.5,2024-05-27,2024-06-07
-35.5,143.5,2024-07-07,2024-07-07
-35.5,143.5,2024-07-23,2024-07-23
-35.5,143.5,2024-08-27,2024-09-03
-35.5,143.5,2024-09-12,2024-09-12
-35.5,143.5,2024-10-10,2024-10-10
-35.5,143.5,2024-11-28,2024-12-09
-35.5,143.5,2024-12-25,2024-12-25
-35.5,143.5,2025-02-14,2025-02-14
-35.5,143.5,2025-03-19,2025-04-01
-35.5,143.5,2025-04-02,2025-04-15
-35.5,143.5,2025-04-16,2025-04-17
-35.5,143.5,2025-05-01,2025-05-14
-35.5,143.5,2025-05-17,2025-05-30
-35.5,143.5,2025-07-17,2025-07-21
-35.5,143.5,2025-08-04,2025-08-16
-35.5,143.5,2025-08-23,2025-08-23
-35.5,143.5,2025-10-03,2025-10-13
-35.5,143.5,2025-11-02,2025-11-10
-35.5,143.5,2025-11-27,2025-12-07
-35.5,143.5,2025-12-12,2025-12-12
-35.5,143.5,2025-12-28,2025-12-28
-35.5,143.5,2026-01-30,2026-01-30
-35.5,143.5,2026-03-23,2026-04-04
-35.5,143.5,2026-04-07,2026-04-19
-35.5,143.5,2026-04-21,2026-04-23
-35.5,144.0,2024-01-08,2024-01-18
-35.5,144.0,2024-01-22,2024-01-22
-35.5,144.0,2024-03-05,2024-03-05
-35.5,144.0,2024-03-20,2024-03-28
-35.5,144.0,2024-04-09,2024-04-22
-35.5,144.0,2024-04-24,2024-05-05
-35.5,144.0,2024-05-08,2024-05-17
-35.5,144.0,2024-05-25,2024-05-29
-35.5,144.0,2024-06-12,2024-06-17
-35.5,144.0,2024-07-03,2024-07-07
-35.5,144.0,2024-07-23,2024-08-02
-35.5,144.0,2024-08-12,2024-08-18
-35.5,144.0,2024-08-27,2024-09-06
-35.5,144.0,2024-09-12,2024-09-21
-35.5,144.0,2024-10-09,2024-10-19
-35.5,144.0,2024-10-30,2024-10-30
-35.5,144.0,2024-11-17,2024-11-28
-35.5,144.0,2024-12-25,2024-12-25
-35.5,144.0,2025-01-10,2025-01-10
-35.5,144.0,2025-01-29,2025-02-10
-35.5,144.0,2025-03-07,2025-03-19
-35.5,144.0,2025-03-25,2025-04-07
-35.5,144.0,2025-04-08,2025-04-20
-35.5,144.0,2025-04-22,2025-05-03
-35.5,144.0,2025-05-06,2025-05-19
-35.5,144.0,2025-05-21,2025-05-30
-35.5,144.0,2025-06-04,2025-06-04
-35.5,144.0,2025-06-21,2025-07-04
-35.5,144.0,2025-07-21,2025-07-21
-35.5,144.0,2025-08-05,2025-08-11
-35.5,144.0,2025-08-20,2025-09-01
-35.5,144.0,2025-09-06,2025-09-19
-35.5,144.0,2025-09-23,2025-10-05
-35.5,144.0,2025-10-07,2025-10-07
-35.5,144.0,2025-10-23,2025-10-23
-35.5,144.0,2025-11-26,2025-11-26
-35.5,144.0,2025-12-12,2025-12-17
-35.5,144.0,2025-12-28,2026-01-02
-35.5,144.0,2026-01-13,2026-01-18
-35.5,144.0,2026-02-03,2026-02-12
-35.5,144.0,2026-04-01,2026-04-07
-35.5,144.0,2026-04-15,2026-04-21
-35.5,144.5,2024-01-26,2024-02-01
-35.5,144.5,2024-02-19,2024-02-19
-35.5,144.5,2024-03-04,2024-03-11
-35.5,144.5,2024-03-18,2024-03-31
-35.5,144.5,2024-04-02,2024-04-15
-35.5,144.5,2024-04-16,2024-04-28
-35.5,144.5,2024-04-30,2024-05-13
-35.5,144.5,2024-05-15,2024-05-28
-35.5,144.5,2024-05-29,2024-05-29
-35.5,144.5,2024-06-17,2024-06-17
-35.5,144.5,2024-07-23,2024-08-02
-35.5,144.5,2024-08-12,2024-08-24
-35.5,144.5,2024-08-27,2024-09-08
-35.5,144.5,2024-09-10,2024-09-19
-35.5,144.5,2024-11-01,2024-11-01
-35.5,144.5,2024-11-17,2024-11-19
-35.5,144.5,2025-02-17,2025-02-25
-35.5,144.5,2025-03-18,2025-03-18
-35.5,144.5,2025-04-01,2025-04-14
-35.5,144.5,2025-04-15,2025-04-27
-35.5,144.5,2025-05-01,2025-05-14
-35.5,144.5,2025-05-15,2025-05-27
-35.5,144.5,2025-05-30,2025-06-05
-35.5,144.5,2025-06-28,2025-06-30
-35.5,144.5,2025-07-19,2025-07-23
-35.5,144.5,2025-08-03,2025-08-04
-35.5,144.5,2025-08-19,2025-08-24
-35.5,144.5,2025-09-05,2025-09-11
-35.5,144.5,2025-09-20,2025-09-30
-35.5,144.5,2025-10-05,2025-10-05
-35.5,144.5,2025-12-22,2025-12-28
-35.5,144.5,2026-02-18,2026-02-18
-35.5,144.5,2026-03-17,2026-03-17
-35.5,144.5,2026-04-02,2026-04-15
-35.5,144.5,2026-04-16,2026-04-27
-35.5,145.0,2024-01-23,2024-01-23
-35.5,145.0,2024-02-12,2024-02-12
-35.5,145.0,2024-03-07,2024-03-18
-35.5,145.0,2024-03-21,2024-04-03
-35.5,145.0,2024-04-04,2024-04-14
-35.5,145.0,2024-04-18,2024-04-27
-35.5,145.0,2024-05-02,2024-05-08
-35.5,145.0,2024-05-17,2024-05-29
-35.5,145.0,2024-06-17,2024-06-26
-35.5,145.0,2024-07-03,2024-07-06
-35.5,145.0,2024-07-20,2024-08-01
-35.5,145.0,2024-08-06,2024-08-16
-35.5,145.0,2024-08-20,2024-08-31
-35.5,145.0,2024-09-04,2024-09-17
-35.5,145.0,2024-09-18,2024-09-28
-35.5,145.0,2024-10-11,2024-10-11
-35.5,145.0,2025-01-18,2025-01-29
-35.5,145.0,2025-02-05,2025-02-06
-35.5,145.0,2025-02-20,2025-02-20
-35.5,145.0,2025-03-06,2025-03-13
-35.5,145.0,2025-03-27,2025-04-09
-35.5,145.0,2025-04-10,2025-04-23
-35.5,145.0,2025-04-24,2025-05-06
-35.5,145.0,2025-05-08,2025-05-21
-35.5,145.0,2025-05-25,2025-06-05
-35.5,145.0,2025-06-16,2025-06-16
-35.5,145.0,2025-07-01,2025-07-13
-35.5,145.0,2025-08-02,2025-08-05
-35.5,145.0,2025-08-23,2025-09-04
-35.5,145.0,2025-09-14,2025-09-27
-35.5,145.0,2025-09-29,2025-09-29
-35.5,145.0,2025-11-07,2025-11-07
-35.5,145.0,2025-12-04,2025-12-14
-35.5,145.0,2025-12-27,2025-12-27
-35.5,145.0,2026-03-31,2026-04-13
-35.5,145.0,2026-04-15,2026-04-27
-35.5,145.5,2024-01-19,2024-01-19
-35.5,145.5,2024-02-07,2024-02-20
-35.5,145.5,2024-02-24,2024-03-05
-35.5,145.5,2024-03-15,2024-03-28
-35.5,145.5,2024-03-29,2024-04-11
-35.5,145.5,2024-04-12,2024-04-25
-35.5,145.5,2024-04-26,2024-05-07
-35.5,145.5,2024-05-12,2024-05-23
-35.5,145.5,2024-05-26,2024-05-29
-35.5,145.5,2024-06-09,2024-06-17
-35.5,145.5,2024-07-06,2024-07-18
-35.5,145.5,2024-08-01,2024-08-14
-35.5,145.5,2024-08-15,2024-08-15
-35.5,145.5,2024-08-29,2024-09-10
-35.5,145.5,2024-09-13,2024-09-23
-35.5,145.5,2024-11-18,2024-11-18
-35.5,145.5,2024-12-04,2024-12-04
-35.5,145.5,2024-12-20,2025-01-02
-35.5,145.5,2025-01-03,2025-01-16
-35.5,145.5,2025-01-29,2025-01-29
-35.5,145.5,2025-02-14,2025-02-26
-35.5,145.5,2025-03-03,2025-03-13
-35.5,145.5,2025-03-18,2025-03-27
-35.5,145.5,2025-04-01,2025-04-14
-35.5,145.5,2025-04-15,2025-04-28
-35.5,145.5,2025-04-29,2025-05-12
-35.5,145.5,2025-05-14,2025-05-26
-35.5,145.5,2025-05-28,2025-06-04
-35.5,145.5,2025-07-02,2025-07-08
-35.5,145.5,2025-07-23,2025-07-23
-35.5,145.5,2025-08-06,2025-08-16
-35.5,145.5,2025-08-23,2025-09-05
-35.5,145.5,2025-09-06,2025-09-14
-35.5,145.5,2025-09-20,2025-09-29
-35.5,145.5,2025-10-16,2025-10-16
-35.5,145.5,2025-11-10,2025-11-21
-35.5,145.5,2025-11-24,2025-12-07
-35.5,145.5,2025-12-12,2025-12-23
-35.5,145.5,2026-01-08,2026-01-08
-35.5,145.5,2026-02-18,2026-02-23
-35.5,145.5,2026-03-13,2026-03-23
-35.5,145.5,2026-03-31,2026-04-13
-35.5,145.5,2026-04-15,2026-04-25
-35.5,146.0,2024-01-11,2024-01-11
-35.5,146.0,2024-03-05,2024-03-15
-35.5,146.0,2024-03-21,2024-04-03
-35.5,146.0,2024-04-04,2024-04-17
-35.5,146.0,2024-04-18,2024-05-01
-35.5,146.0,2024-05-02,2024-05-07
-35.5,146.0,2024-05-16,2024-05-29
-35.5,146.0,2024-06-07,2024-06-18
-35.5,146.0,2024-08-12,2024-08-13
-35.5,146.0,2024-08-29,2024-09-11
-35.5,146.0,2024-09-18,2024-10-01
-35.5,146.0,2024-10-03,2024-10-03
-35.5,146.0,2025-03-03,2025-03-03
-35.5,146.0,2025-03-18,2025-03-31
-35.5,146.0,2025-04-01,2025-04-14
-35.5,146.0,2025-04-15,2025-04-28
-35.5,146.0,2025-04-29,2025-05-12
-35.5,146.0,2025-05-13,2025-05-25
-35.5,146.0,2025-05-30,2025-06-05
-35.5,146.0,2025-06-21,2025-07-04
-35.5,146.0,2025-08-07,2025-08-19
-35.5,146.0,2025-09-03,2025-09-16
-35.5,146.0,2025-10-01,2025-10-02
-35.5,146.0,2025-11-27,2025-12-06
-35.5,146.0,2026-03-21,2026-04-02
-35.5,146.0,2026-04-07,2026-04-20
-35.5,146.0,2026-04-21,2026-04-27
-35.5,146.5,2024-01-15,2024-01-15
-35.5,146.5,2024-03-05,2024-03-18
-35.5,146.5,2024-03-21,2024-04-03
-35.5,146.5,2024-04-04,2024-04-17
-35.5,146.5,2024-04-18,2024-05-01
-35.5,146.5,2024-05-02,2024-05-14
-35.5,146.5,2024-05-16,2024-05-29
-35.5,146.5,2024-06-17,2024-06-17
-35.5,146.5,2024-07-31,2024-07-31
-35.5,146.5,2024-08-16,2024-08-16
-35.5,146.5,2024-08-31,2024-08-31
-35.5,146.5,2024-09-28,2024-10-11
-35.5,146.5,2025-01-13,2025-01-13
-35.5,146.5,2025-03-19,2025-04-01
-35.5,146.5,2025-04-02,2025-04-15
-35.5,146.5,2025-04-16,2025-04-29
-35.5,146.5,2025-05-01,2025-05-14
-35.5,146.5,2025-05-16,2025-05-25
-35.5,146.5,2025-06-01,2025-06-05
-35.5,146.5,2025-07-08,2025-07-08
-35.5,146.5,2025-08-07,2025-08-19
-35.5,146.5,2025-08-23,2025-09-04
-35.5,146.5,2025-09-18,2025-09-23
-35.5,146.5,2025-10-07,2025-10-07
-35.5,146.5,2025-11-24,2025-12-04
-35.5,146.5,2026-04-01,2026-04-14
-35.5,146.5,2026-04-15,2026-04-27
-35.5,147.0,2024-01-29,2024-02-08
-35.5,147.0,2024-02-19,2024-02-19
-35.5,147.0,2024-03-18,2024-03-30
-35.5,147.0,2024-04-01,2024-04-14
-35.5,147.0,2024-04-15,2024-04-28
-35.5,147.0,2024-04-29,2024-05-09
-35.5,147.0,2024-05-13,2024-05-22
-35.5,147.0,2024-05-27,2024-06-07
-35.5,147.0,2024-06-18,2024-06-18
-35.5,147.0,2024-07-03,2024-07-04
-35.5,147.0,2024-08-12,2024-08-12
-35.5,147.0,2024-08-27,2024-09-08
-35.5,147.0,2024-09-13,2024-09-15
-35.5,147.0,2024-09-28,2024-10-10
-35.5,147.0,2024-10-21,2024-11-01
-35.5,147.0,2024-11-12,2024-11-12
-35.5,147.0,2024-12-04,2024-12-15
-35.5,147.0,2024-12-20,2024-12-31
-35.5,147.0,2025-01-16,2025-01-21
-35.5,147.0,2025-03-12,2025-03-25
-35.5,147.0,2025-03-26,2025-04-08
-35.5,147.0,2025-04-09,2025-04-19
-35.5,147.0,2025-04-23,2025-05-06
-35.5,147.0,2025-05-09,2025-05-21
-35.5,147.0,2025-05-27,2025-06-05
-35.5,147.0,2025-07-15,2025-07-23
-35.5,147.0,2025-08-12,2025-08-18
-35.5,147.0,2025-09-06,2025-09-17
-35.5,147.0,2025-09-28,2025-10-09
-35.5,147.0,2025-10-30,2025-11-10
-35.5,147.0,2025-11-21,2025-12-02
-35.5,147.0,2025-12-06,2025-12-18
-35.5,147.0,2025-12-23,2025-12-23
-35.5,147.0,2026-01-08,2026-01-19
-35.5,147.0,2026-01-24,2026-02-04
-35.5,147.0,2026-02-09,2026-02-09
-35.5,147.0,2026-02-25,2026-03-07
-35.5,147.0,2026-03-13,2026-03-25
-35.5,147.0,2026-03-28,2026-04-08
-35.5,147.0,2026-04-11,2026-04-24
-35.5,147.0,2026-04-25,2026-04-27
-35.5,147.5,2024-01-05,2024-01-05
-35.5,147.5,2024-02-14,2024-02-14
-35.5,147.5,2024-02-29,2024-02-29
-35.5,147.5,2024-03-22,2024-04-04
-35.5,147.5,2024-04-06,2024-04-19
-35.5,147.5,2024-04-20,2024-05-02
-35.5,147.5,2024-05-05,2024-05-16
-35.5,147.5,2024-05-21,2024-05-29
-35.5,147.5,2024-06-07,2024-06-16
-35.5,147.5,2024-06-21,2024-06-30
-35.5,147.5,2024-08-07,2024-08-11
-35.5,147.5,2024-09-03,2024-09-05
-35.5,147.5,2025-03-04,2025-03-17
-35.5,147.5,2025-03-18,2025-03-31
-35.5,147.5,2025-04-03,2025-04-15
-35.5,147.5,2025-04-17,2025-04-29
-35.5,147.5,2025-05-01,2025-05-13
-35.5,147.5,2025-05-20,2025-05-31
-35.5,147.5,2025-06-04,2025-06-13
-35.5,147.5,2025-06-19,2025-06-23
-35.5,147.5,2025-07-18,2025-07-18
-35.5,147.5,2025-08-09,2025-08-21
-35.5,147.5,2025-08-24,2025-08-24
-35.5,147.5,2025-09-13,2025-09-26
-35.5,147.5,2025-10-11,2025-10-11
-35.5,147.5,2025-11-28,2025-11-28
-35.5,147.5,2026-02-19,2026-02-19
-35.5,147.5,2026-03-13,2026-03-21
-35.5,147.5,2026-04-02,2026-04-15
-35.5,147.5,2026-04-16,2026-04-27
-35.5,148.0,2024-03-24,2024-04-01
-35.5,148.0,2024-04-08,2024-04-21
-35.5,148.0,2024-04-22,2024-05-05
-35.5,148.0,2024-05-06,2024-05-19
-35.5,148.0,2024-05-21,2024-05-28
-35.5,148.0,2024-06-05,2024-06-18
-35.5,148.0,2024-07-01,2024-07-06
-35.5,148.0,2024-07-31,2024-08-12
-35.5,148.0,2024-08-15,2024-08-27
-35.5,148.0,2024-08-29,2024-09-06
-35.5,148.0,2024-09-28,2024-10-03
-35.5,148.0,2024-10-24,2024-10-24
-35.5,148.0,2025-02-05,2025-02-05
-35.5,148.0,2025-03-18,2025-03-18
-35.5,148.0,2025-04-10,2025-04-20
-35.5,148.0,2025-05-02,2025-05-15
-35.5,148.0,2025-05-19,2025-06-01
-35.5,148.0,2025-06-02,2025-06-13
-35.5,148.0,2025-06-20,2025-07-03
-35.5,148.0,2025-07-04,2025-07-15
-35.5,148.0,2025-07-18,2025-07-19
-35.5,148.0,2025-08-04,2025-08-04
-35.5,148.0,2025-08-18,2025-08-31
-35.5,148.0,2025-09-06,2025-09-06
-35.5,148.0,2025-09-28,2025-10-04
-35.5,148.0,2025-10-12,2025-10-16
-35.5,148.0,2025-11-24,2025-11-24
-35.5,148.0,2026-03-30,2026-04-08
-35.5,148.0,2026-04-13,2026-04-26
-35.5,148.0,2026-04-27,2026-04-27
-35.5,148.5,2024-02-27,2024-03-09
-35.5,148.5,2024-03-24,2024-03-28
-35.5,148.5,2024-04-14,2024-04-27
-35.5,148.5,2024-04-28,2024-05-07
-35.5,148.5,2024-05-13,2024-05-22
-35.5,148.5,2024-05-28,2024-05-28
-35.5,148.5,2024-08-11,2024-08-11
-35.5,148.5,2024-09-18,2024-09-24
-35.5,148.5,2024-10-11,2024-10-11
-35.5,148.5,2025-01-26,2025-01-26
-35.5,148.5,2025-03-08,2025-03-08
-35.5,148.5,2025-04-07,2025-04-20
-35.5,148.5,2025-05-08,2025-05-20
-35.5,148.5,2025-06-02,2025-06-06
-35.5,148.5,2025-06-18,2025-06-21
-35.5,148.5,2025-07-18,2025-07-18
-35.5,148.5,2025-09-15,2025-09-15
-35.5,148.5,2025-10-17,2025-10-17
-35.5,148.5,2026-03-24,2026-03-25
-35.5,148.5,2026-04-09,2026-04-09
-35.5,148.5,2026-04-27,2026-04-27
-35.5,149.0,2024-01-29,2024-01-29
-35.5,149.0,2024-02-26,2024-02-26
-35.5,149.0,2024-03-24,2024-04-01
-35.5,149.0,2024-04-16,2024-04-28
-35.5,149.0,2024-05-02,2024-05-02
-35.5,149.0,2024-05-19,2024-05-21
-35.5,149.0,2024-06-08,2024-06-21
-35.5,149.0,2024-07-23,2024-07-23
-35.5,149.0,2024-09-07,2024-09-07
-35.5,149.0,2024-10-09,2024-10-21
-35.5,149.0,2024-10-28,2024-10-28
-35.5,149.0,2024-11-23,2024-12-06
-35.5,149.0,2024-12-10,2024-12-10
-35.5,149.0,2024-12-26,2024-12-26
-35.5,149.0,2025-03-24,2025-04-06
-35.5,149.0,2025-04-08,2025-04-19
-35.5,149.0,2025-05-03,2025-05-04
-35.5,149.0,2025-06-17,2025-06-28
-35.5,149.0,2025-08-12,2025-08-12
-35.5,149.0,2025-10-15,2025-10-15
-35.5,149.0,2025-11-10,2025-11-10
-35.5,149.0,2025-11-27,2025-11-27
-35.5,149.0,2025-12-29,2025-12-29
-35.5,149.0,2026-01-14,2026-01-14
-35.5,149.0,2026-01-30,2026-01-30
-35.5,149.0,2026-03-24,2026-04-02
-35.5,149.0,2026-04-14,2026-04-23
-35.5,149.5,2024-03-04,2024-03-07
-35.5,149.5,2024-03-28,2024-03-28
-35.5,149.5,2024-05-27,2024-06-08
-35.5,149.5,2024-08-01,2024-08-03
-35.5,149.5,2024-08-20,2024-08-20
-35.5,149.5,2024-09-03,2024-09-04
-35.5,149.5,2024-09-17,2024-09-30
-35.5,149.5,2024-10-17,2024-10-17
-35.5,149.5,2025-02-26,2025-02-26
-35.5,149.5,2025-04-03,2025-04-14
-35.5,149.5,2025-04-18,2025-04-20
-35.5,149.5,2025-05-10,2025-05-11
-35.5,149.5,2025-06-20,2025-06-28
-35.5,149.5,2025-07-12,2025-07-12
-35.5,149.5,2025-08-14,2025-08-14
-35.5,149.5,2025-09-06,2025-09-06
-35.5,149.5,2025-09-25,2025-09-25
-35.5,149.5,2026-01-13,2026-01-13
-35.5,149.5,2026-04-03,2026-04-16
-35.5,149.5,2026-04-19,2026-04-26
-35.5,150.0,2024-05-23,2024-05-23
-35.5,150.0,2024-06-24,2024-06-27
-35.5,150.0,2024-08-06,2024-08-08
-35.5,150.0,2024-09-17,2024-09-18
-35.5,150.0,2024-12-28,2024-12-28
-35.5,150.0,2025-03-17,2025-03-23
-35.5,150.0,2025-04-06,2025-04-19
-35.5,150.0,2025-04-28,2025-05-09
-35.5,150.0,2025-05-14,2025-05-14
-35.5,150.0,2025-06-02,2025-06-13
-35.5,150.0,2025-06-17,2025-06-17
-35.5,150.0,2025-07-15,2025-07-18
-35.5,150.0,2025-08-28,2025-08-28
-35.5,150.0,2025-11-08,2025-11-17
-35.5,150.0,2026-04-01,2026-04-14
-35.5,150.0,2026-04-16,2026-04-26
-35.5,150.5,2024-03-29,2024-04-01
-35.5,150.5,2024-04-12,2024-04-12
-35.5,150.5,2024-06-19,2024-06-29
-35.5,150.5,2024-08-22,2024-08-27
-35.5,150.5,2025-04-24,2025-04-24
-35.5,150.5,2025-05-16,2025-05-16
-35.5,150.5,2025-08-25,2025-08-28
-35.5,150.5,2025-09-21,2025-09-21
-35.5,150.5,2025-10-26,2025-10-26
-35.5,150.5,2025-11-30,2025-11-30
-35.5,150.5,2026-04-26,2026-04-26
-35.0,116.0,2024-09-13,2024-09-16
-35.0,116.0,2024-10-10,2024-10-10
-35.0,116.0,2024-11-13,2024-11-13
-35.0,116.0,2024-12-21,2024-12-23
-35.0,116.0,2025-02-14,2025-02-27
-35.0,116.0,2025-02-28,2025-03-11
-35.0,116.0,2025-03-28,2025-03-28
-35.0,116.5,2024-01-18,2024-01-28
-35.0,116.5,2024-02-08,2024-02-20
-35.0,116.5,2024-03-02,2024-03-02
-35.0,116.5,2024-05-18,2024-05-18
-35.0,116.5,2024-10-08,2024-10-12
-35.0,116.5,2024-10-28,2024-10-28
-35.0,116.5,2024-11-14,2024-11-14
-35.0,116.5,2024-12-07,2024-12-20
-35.0,116.5,2024-12-21,2025-01-01
-35.0,116.5,2025-01-05,2025-01-16
-35.0,116.5,2025-02-09,2025-02-20
-35.0,116.5,2025-02-23,2025-03-06
-35.0,117.0,2024-04-24,2024-04-30
-35.0,117.0,2024-05-14,2024-05-24
-35.0,117.0,2024-07-01,2024-07-01
-35.0,117.0,2024-08-04,2024-08-04
-35.0,117.0,2024-10-07,2024-10-07
-35.0,117.0,2024-10-24,2024-11-01
-35.0,117.0,2024-12-18,2024-12-21
-35.0,117.0,2025-05-04,2025-05-17
-35.0,117.0,2025-05-18,2025-05-18
-35.0,117.0,2025-06-09,2025-06-09
-35.0,117.0,2025-09-30,2025-10-13
-35.0,117.0,2025-10-28,2025-11-10
-35.0,117.0,2025-11-11,2025-11-11
-35.0,117.0,2025-12-02,2025-12-14
-35.0,117.0,2026-04-16,2026-04-16
-35.0,117.5,2024-04-18,2024-04-18
-35.0,117.5,2024-05-03,2024-05-16
-35.0,117.5,2024-05-17,2024-05-17
-35.0,117.5,2024-06-05,2024-06-15
-35.0,117.5,2024-06-20,2024-06-28
-35.0,117.5,2024-07-05,2024-07-05
-35.0,117.5,2024-07-20,2024-07-20
-35.0,117.5,2024-09-10,2024-09-21
-35.0,117.5,2024-10-06,2024-10-16
-35.0,117.5,2024-10-29,2024-11-11
-35.0,117.5,2024-11-14,2024-11-14
-35.0,117.5,2024-12-29,2024-12-29
-35.0,117.5,2025-01-24,2025-01-24
-35.0,117.5,2025-04-07,2025-04-20
-35.0,117.5,2025-04-22,2025-05-04
-35.0,117.5,2025-05-08,2025-05-18
-35.0,117.5,2025-05-22,2025-05-28
-35.0,117.5,2025-10-01,2025-10-01
-35.0,117.5,2025-11-13,2025-11-13
-35.0,117.5,2025-12-07,2025-12-07
-35.0,117.5,2026-04-26,2026-04-26
-35.0,118.0,2024-05-08,2024-05-21
-35.0,118.0,2024-05-22,2024-06-04
-35.0,118.0,2024-06-05,2024-06-15
-35.0,118.0,2024-06-21,2024-06-21
-35.0,118.0,2024-08-02,2024-08-11
-35.0,118.0,2024-08-16,2024-08-29
-35.0,118.0,2024-09-03,2024-09-16
-35.0,118.0,2024-09-17,2024-09-25
-35.0,118.0,2024-10-09,2024-10-15
-35.0,118.0,2024-12-29,2024-12-30
-35.0,118.0,2025-04-11,2025-04-11
-35.0,118.0,2025-05-08,2025-05-20
-35.0,118.0,2025-05-24,2025-05-28
-35.0,118.0,2025-06-07,2025-06-09
-35.0,118.0,2025-07-11,2025-07-11
-35.0,118.0,2025-08-01,2025-08-11
-35.0,118.0,2025-09-24,2025-10-03
-35.0,118.0,2025-10-13,2025-10-26
-35.0,118.0,2025-10-27,2025-10-27
-35.0,118.5,2024-04-02,2024-04-03
-35.0,118.5,2024-04-19,2024-04-19
-35.0,118.5,2024-06-14,2024-06-17
-35.0,118.5,2025-03-24,2025-03-24
-35.0,118.5,2025-04-11,2025-04-11
-35.0,118.5,2026-04-07,2026-04-13
-35.0,135.5,2024-05-02,2024-05-02
-35.0,135.5,2024-08-10,2024-08-10
-35.0,135.5,2024-09-02,2024-09-02
-35.0,135.5,2025-08-18,2025-08-18
-35.0,135.5,2025-10-23,2025-10-23
-35.0,135.5,2026-04-27,2026-04-27
-35.0,136.0,2024-05-02,2024-05-02
-35.0,136.0,2024-05-25,2024-05-29
-35.0,136.0,2026-04-17,2026-04-27
-35.0,137.0,2024-03-21,2024-03-21
-35.0,137.0,2024-04-15,2024-04-22
-35.0,137.0,2024-05-03,2024-05-09
-35.0,137.0,2024-06-06,2024-06-09
-35.0,137.0,2025-04-01,2025-04-14
-35.0,137.0,2025-05-02,2025-05-06
-35.0,137.0,2025-05-16,2025-05-22
-35.0,137.0,2025-06-04,2025-06-04
-35.0,137.0,2025-07-11,2025-07-11
-35.0,137.0,2025-09-17,2025-09-18
-35.0,137.0,2026-03-22,2026-03-22
-35.0,137.5,2024-03-25,2024-03-25
-35.0,137.5,2024-04-16,2024-04-16
-35.0,137.5,2024-05-26,2024-06-06
-35.0,137.5,2024-06-11,2024-06-21
-35.0,137.5,2024-08-01,2024-08-01
-35.0,137.5,2024-10-01,2024-10-01
-35.0,137.5,2024-10-18,2024-10-18
-35.0,137.5,2024-12-13,2024-12-13
-35.0,137.5,2025-04-11,2025-04-11
-35.0,137.5,2025-05-12,2025-05-12
-35.0,137.5,2025-06-02,2025-06-14
-35.0,137.5,2025-06-19,2025-07-02
-35.0,137.5,2025-08-13,2025-08-20
-35.0,137.5,2025-09-17,2025-09-17
-35.0,137.5,2026-02-09,2026-02-09
-35.0,137.5,2026-04-16,2026-04-21
-35.0,138.5,2024-01-11,2024-01-20
-35.0,138.5,2024-02-07,2024-02-20
-35.0,138.5,2024-03-07,2024-03-19
-35.0,138.5,2024-03-22,2024-04-03
-35.0,138.5,2024-04-12,2024-04-25
-35.0,138.5,2024-04-28,2024-05-10
-35.0,138.5,2024-05-15,2024-05-27
-35.0,138.5,2024-06-16,2024-06-27
-35.0,138.5,2024-07-03,2024-07-05
-35.0,138.5,2024-07-29,2024-08-03
-35.0,138.5,2024-08-30,2024-09-10
-35.0,138.5,2024-09-15,2024-09-15
-35.0,138.5,2024-10-01,2024-10-07
-35.0,138.5,2024-10-17,2024-10-28
-35.0,138.5,2024-11-07,2024-11-18
-35.0,138.5,2024-11-28,2024-12-10
-35.0,138.5,2024-12-16,2024-12-21
-35.0,138.5,2024-12-31,2025-01-10
-35.0,138.5,2025-01-17,2025-01-26
-35.0,138.5,2025-02-02,2025-02-12
-35.0,138.5,2025-02-17,2025-02-23
-35.0,138.5,2025-03-10,2025-03-21
-35.0,138.5,2025-03-26,2025-04-07
-35.0,138.5,2025-04-11,2025-04-23
-35.0,138.5,2025-04-27,2025-05-09
-35.0,138.5,2025-05-11,2025-05-24
-35.0,138.5,2025-05-28,2025-05-30
-35.0,138.5,2025-06-20,2025-06-30
-35.0,138.5,2025-08-06,2025-08-13
-35.0,138.5,2025-08-22,2025-08-30
-35.0,138.5,2025-09-13,2025-09-18
-35.0,138.5,2025-09-30,2025-10-10
-35.0,138.5,2025-10-15,2025-10-26
-35.0,138.5,2025-10-31,2025-10-31
-35.0,138.5,2025-11-15,2025-11-27
-35.0,138.5,2025-12-02,2025-12-15
-35.0,138.5,2025-12-24,2026-01-03
-35.0,138.5,2026-01-08,2026-01-14
-35.0,138.5,2026-02-25,2026-03-08
-35.0,138.5,2026-03-13,2026-03-19
-35.0,138.5,2026-03-29,2026-03-29
-35.0,138.5,2026-04-14,2026-04-26
-35.0,139.0,2024-01-02,2024-01-02
-35.0,139.0,2024-03-21,2024-03-27
-35.0,139.0,2024-04-13,2024-04-22
-35.0,139.0,2024-04-27,2024-05-10
-35.0,139.0,2024-05-20,2024-05-25
-35.0,139.0,2024-06-19,2024-06-29
-35.0,139.0,2024-07-24,2024-07-24
-35.0,139.0,2024-08-07,2024-08-08
-35.0,139.0,2024-08-24,2024-08-24
-35.0,139.0,2024-09-17,2024-09-17
-35.0,139.0,2024-10-02,2024-10-15
-35.0,139.0,2024-10-19,2024-10-31
-35.0,139.0,2024-11-10,2024-11-19
-35.0,139.0,2024-12-08,2024-12-09
-35.0,139.0,2024-12-24,2025-01-03
-35.0,139.0,2025-01-14,2025-01-14
-35.0,139.0,2025-02-13,2025-02-19
-35.0,139.0,2025-03-18,2025-03-18
-35.0,139.0,2025-04-13,2025-04-13
-35.0,139.0,2025-05-03,2025-05-03
-35.0,139.0,2025-05-22,2025-06-02
-35.0,139.0,2025-06-12,2025-06-21
-35.0,139.0,2025-07-02,2025-07-03
-35.0,139.0,2025-07-19,2025-07-19
-35.0,139.0,2025-08-20,2025-08-22
-35.0,139.0,2025-09-13,2025-09-22
-35.0,139.0,2025-09-30,2025-10-04
-35.0,139.0,2025-11-21,2025-11-21
-35.0,139.0,2026-01-06,2026-01-12
-35.0,139.0,2026-01-22,2026-02-02
-35.0,139.5,2024-01-02,2024-01-07
-35.0,139.5,2024-01-23,2024-01-23
-35.0,139.5,2024-02-12,2024-02-12
-35.0,139.5,2024-04-20,2024-05-03
-35.0,139.5,2024-05-22,2024-05-26
-35.0,139.5,2024-06-06,2024-06-06
-35.0,139.5,2024-06-21,2024-06-27
-35.0,139.5,2024-08-10,2024-08-10
-35.0,139.5,2024-11-11,2024-11-11
-35.0,139.5,2024-11-27,2024-12-08
-35.0,139.5,2024-12-24,2024-12-24
-35.0,139.5,2025-01-09,2025-01-09
-35.0,139.5,2025-04-10,2025-04-10
-35.0,139.5,2025-05-02,2025-05-02
-35.0,139.5,2025-10-29,2025-10-29
-35.0,139.5,2025-11-25,2025-11-30
-35.0,139.5,2025-12-11,2025-12-11
-35.0,139.5,2025-12-27,2025-12-27
-35.0,139.5,2026-01-12,2026-01-12
-35.0,139.5,2026-01-28,2026-01-28
-35.0,140.0,2024-05-08,2024-05-09
-35.0,140.0,2024-05-22,2024-05-28
-35.0,140.0,2024-06-05,2024-06-05
-35.0,140.0,2025-05-10,2025-05-10
-35.0,140.0,2026-04-16,2026-04-27
-35.0,140.5,2024-03-21,2024-03-22
-35.0,140.5,2024-04-10,2024-04-16
-35.0,140.5,2024-04-27,2024-05-07
-35.0,140.5,2024-05-16,2024-05-28
-35.0,140.5,2024-08-11,2024-08-11
-35.0,140.5,2024-09-21,2024-09-21
-35.0,140.5,2025-05-31,2025-05-31
-35.0,140.5,2025-09-02,2025-09-02
-35.0,141.0,2024-03-25,2024-04-05
-35.0,141.0,2024-04-08,2024-04-15
-35.0,141.0,2024-04-22,2024-04-26
-35.0,141.0,2024-05-07,2024-05-15
-35.0,141.0,2024-05-22,2024-05-28
-35.0,141.0,2024-08-29,2024-08-29
-35.0,141.0,2025-04-10,2025-04-11
-35.0,141.0,2025-07-16,2025-07-16
-35.0,141.0,2025-08-13,2025-08-13
-35.0,141.0,2025-10-07,2025-10-07
-35.0,141.0,2026-04-17,2026-04-17
-35.0,141.5,2024-04-05,2024-04-15
-35.0,141.5,2024-05-04,2024-05-05
-35.0,141.5,2025-05-11,2025-05-11
-35.0,141.5,2026-03-23,2026-03-23
-35.0,142.0,2024-01-01,2024-01-01
-35.0,142.0,2024-03-27,2024-04-09
-35.0,142.0,2024-04-11,2024-04-23
-35.0,142.0,2024-05-14,2024-05-25
-35.0,142.0,2025-03-24,2025-04-01
-35.0,142.0,2025-04-10,2025-04-23
-35.0,142.0,2025-05-20,2025-05-20
-35.0,142.0,2026-03-30,2026-04-07
-35.0,142.0,2026-04-16,2026-04-22
-35.0,142.5,2024-01-29,2024-02-05
-35.0,142.5,2024-02-14,2024-02-19
-35.0,142.5,2024-03-04,2024-03-04
-35.0,142.5,2024-03-26,2024-04-04
-35.0,142.5,2024-04-11,2024-04-22
-35.0,142.5,2024-04-30,2024-05-10
-35.0,142.5,2024-05-28,2024-05-28
-35.0,142.5,2024-06-28,2024-07-04
-35.0,142.5,2024-07-23,2024-07-23
-35.0,142.5,2024-09-09,2024-09-13
-35.0,142.5,2024-09-29,2024-09-29
-35.0,142.5,2024-10-16,2024-10-27
-35.0,142.5,2024-11-01,2024-11-01
-35.0,142.5,2024-11-17,2024-11-28
-35.0,142.5,2024-12-03,2024-12-14
-35.0,142.5,2024-12-30,2025-01-10
-35.0,142.5,2025-01-31,2025-01-31
-35.0,142.5,2025-02-16,2025-02-21
-35.0,142.5,2025-03-14,2025-03-19
-35.0,142.5,2025-04-22,2025-04-22
-35.0,142.5,2025-05-16,2025-05-23
-35.0,142.5,2025-05-30,2025-05-30
-35.0,142.5,2025-06-20,2025-07-02
-35.0,142.5,2025-07-04,2025-07-15
-35.0,142.5,2025-09-13,2025-09-25
-35.0,142.5,2025-09-27,2025-10-08
-35.0,142.5,2025-10-13,2025-10-13
-35.0,142.5,2025-11-09,2025-11-20
-35.0,142.5,2025-12-01,2025-12-01
-35.0,142.5,2025-12-17,2025-12-22
-35.0,142.5,2026-01-02,2026-01-02
-35.0,142.5,2026-01-18,2026-01-18
-35.0,142.5,2026-02-03,2026-02-03
-35.0,142.5,2026-02-19,2026-02-19
-35.0,142.5,2026-04-08,2026-04-14
-35.0,142.5,2026-04-23,2026-04-25
-35.0,143.0,2024-03-21,2024-04-03
-35.0,143.0,2024-04-08,2024-04-15
-35.0,143.0,2024-04-22,2024-05-05
-35.0,143.0,2024-05-07,2024-05-16
-35.0,143.0,2024-05-22,2024-05-28
-35.0,143.0,2024-07-29,2024-08-05
-35.0,143.0,2024-09-04,2024-09-10
-35.0,143.0,2024-10-30,2024-10-30
-35.0,143.0,2024-12-09,2024-12-09
-35.0,143.0,2025-03-18,2025-03-27
-35.0,143.0,2025-04-02,2025-04-11
-35.0,143.0,2025-04-17,2025-04-23
-35.0,143.0,2025-05-07,2025-05-19
-35.0,143.0,2025-06-16,2025-06-16
-35.0,143.0,2025-10-31,2025-11-11
-35.0,143.0,2026-03-19,2026-04-01
-35.0,143.0,2026-04-09,2026-04-20
-35.0,143.5,2024-01-18,2024-01-23
-35.0,143.5,2024-02-06,2024-02-06
-35.0,143.5,2024-02-29,2024-03-08
-35.0,143.5,2024-03-15,2024-03-26
-35.0,143.5,2024-03-31,2024-04-12
-35.0,143.5,2024-04-14,2024-04-26
-35.0,143.5,2024-04-28,2024-05-09
-35.0,143.5,2024-05-14,2024-05-27
-35.0,143.5,2024-05-29,2024-06-08
-35.0,143.5,2024-06-25,2024-07-06
-35.0,143.5,2024-08-01,2024-08-10
-35.0,143.5,2024-08-29,2024-09-10
-35.0,143.5,2024-09-13,2024-09-20
-35.0,143.5,2024-10-02,2024-10-11
-35.0,143.5,2024-10-31,2024-11-01
-35.0,143.5,2024-11-17,2024-11-28
-35.0,143.5,2024-12-03,2024-12-14
-35.0,143.5,2024-12-19,2024-12-25
-35.0,143.5,2025-01-10,2025-01-12
-35.0,143.5,2025-02-04,2025-02-08
-35.0,143.5,2025-02-21,2025-02-21
-35.0,143.5,2025-03-24,2025-04-04
-35.0,143.5,2025-04-10,2025-04-23
-35.0,143.5,2025-05-01,2025-05-10
-35.0,143.5,2025-05-24,2025-05-24
-35.0,143.5,2025-06-19,2025-07-02
-35.0,143.5,2025-07-11,2025-07-21
-35.0,143.5,2025-08-07,2025-08-07
-35.0,143.5,2025-08-28,2025-08-28
-35.0,143.5,2025-09-18,2025-09-27
-35.0,143.5,2025-10-07,2025-10-18
-35.0,143.5,2025-10-23,2025-10-23
-35.0,143.5,2025-11-09,2025-11-20
-35.0,143.5,2025-11-26,2025-12-09
-35.0,143.5,2025-12-12,2025-12-22
-35.0,143.5,2025-12-28,2026-01-07
-35.0,143.5,2026-01-13,2026-01-23
-35.0,143.5,2026-02-18,2026-02-20
-35.0,143.5,2026-03-24,2026-04-02
-35.0,143.5,2026-04-07,2026-04-19
-35.0,143.5,2026-04-23,2026-04-27
-35.0,144.0,2024-03-04,2024-03-11
-35.0,144.0,2024-03-21,2024-03-21
-35.0,144.0,2024-04-04,2024-04-12
-35.0,144.0,2024-04-21,2024-05-02
-35.0,144.0,2024-05-07,2024-05-18
-35.0,144.0,2024-05-22,2024-05-29
-35.0,144.0,2024-06-27,2024-07-03
-35.0,144.0,2024-08-06,2024-08-15
-35.0,144.0,2024-08-26,2024-09-03
-35.0,144.0,2024-09-16,2024-09-23
-35.0,144.0,2025-02-08,2025-02-20
-35.0,144.0,2025-03-17,2025-03-19
-35.0,144.0,2025-04-07,2025-04-18
-35.0,144.0,2025-04-24,2025-05-06
-35.0,144.0,2025-05-12,2025-05-22
-35.0,144.0,2025-05-29,2025-06-05
-35.0,144.0,2025-06-20,2025-07-02
-35.0,144.0,2025-09-29,2025-09-29
-35.0,144.0,2026-02-18,2026-02-20
-35.0,144.0,2026-03-09,2026-03-09
-35.0,144.0,2026-03-31,2026-04-02
-35.0,144.5,2024-03-26,2024-03-26
-35.0,144.5,2024-04-23,2024-04-23
-35.0,144.5,2024-05-29,2024-05-29
-35.0,144.5,2024-06-12,2024-06-12
-35.0,144.5,2024-08-02,2024-08-02
-35.0,144.5,2024-10-30,2024-10-30
-35.0,144.5,2025-01-30,2025-01-30
-35.0,144.5,2025-02-20,2025-02-20
-35.0,144.5,2025-04-02,2025-04-02
-35.0,144.5,2025-04-24,2025-05-04
-35.0,144.5,2025-05-21,2025-05-29
-35.0,144.5,2025-07-07,2025-07-07
-35.0,144.5,2025-08-18,2025-08-25
-35.0,144.5,2026-04-13,2026-04-13
-35.0,145.0,2024-01-23,2024-01-23
-35.0,145.0,2024-02-12,2024-02-12
-35.0,145.0,2024-03-28,2024-04-04
-35.0,145.0,2024-05-23,2024-05-23
-35.0,145.0,2024-11-14,2024-11-14
-35.0,145.0,2025-05-21,2025-05-21
-35.0,145.5,2024-02-29,2024-02-29
-35.0,145.5,2024-03-26,2024-03-27
-35.0,145.5,2024-04-15,2024-04-20
-35.0,145.5,2024-05-02,2024-05-02
-35.0,145.5,2024-05-21,2024-05-22
-35.0,145.5,2024-06-13,2024-06-13
-35.0,145.5,2024-07-19,2024-08-01
-35.0,145.5,2024-08-06,2024-08-13
-35.0,145.5,2024-08-22,2024-08-22
-35.0,145.5,2024-09-19,2024-09-19
-35.0,145.5,2025-04-30,2025-04-30
-35.0,145.5,2025-05-19,2025-05-28
-35.0,145.5,2025-06-05,2025-06-05
-35.0,145.5,2025-08-07,2025-08-19
-35.0,145.5,2025-09-19,2025-09-19
-35.0,145.5,2026-04-13,2026-04-13
-35.0,145.5,2026-04-27,2026-04-27
-35.0,146.0,2024-01-03,2024-01-11
-35.0,146.0,2024-01-19,2024-01-23
-35.0,146.0,2024-03-14,2024-03-27
-35.0,146.0,2024-03-28,2024-04-10
-35.0,146.0,2024-04-11,2024-04-23
-35.0,146.0,2024-04-26,2024-05-07
-35.0,146.0,2024-05-18,2024-05-29
-35.0,146.0,2024-06-08,2024-06-17
-35.0,146.0,2024-06-25,2024-07-05
-35.0,146.0,2024-07-24,2024-08-06
-35.0,146.0,2024-08-07,2024-08-19
-35.0,146.0,2024-08-23,2024-09-04
-35.0,146.0,2024-09-13,2024-09-20
-35.0,146.0,2024-10-21,2024-11-01
-35.0,146.0,2024-11-18,2024-11-18
-35.0,146.0,2024-12-04,2024-12-15
-35.0,146.0,2024-12-18,2024-12-31
-35.0,146.0,2025-01-08,2025-01-08
-35.0,146.0,2025-01-24,2025-01-30
-35.0,146.0,2025-02-14,2025-02-14
-35.0,146.0,2025-03-13,2025-03-19
-35.0,146.0,2025-04-01,2025-04-12
-35.0,146.0,2025-04-15,2025-04-25
-35.0,146.0,2025-05-03,2025-05-16
-35.0,146.0,2025-05-17,2025-05-29
-35.0,146.0,2025-06-01,2025-06-05
-35.0,146.0,2025-06-22,2025-07-04
-35.0,146.0,2025-07-07,2025-07-13
-35.0,146.0,2025-07-21,2025-08-03
-35.0,146.0,2025-08-14,2025-08-25
-35.0,146.0,2025-08-30,2025-09-12
-35.0,146.0,2025-09-25,2025-09-25
-35.0,146.0,2025-10-10,2025-10-10
-35.0,146.0,2025-11-10,2025-11-10
-35.0,146.0,2025-12-07,2025-12-18
-35.0,146.0,2025-12-23,2026-01-05
-35.0,146.0,2026-01-08,2026-01-11
-35.0,146.0,2026-01-22,2026-01-22
-35.0,146.0,2026-02-06,2026-02-09
-35.0,146.0,2026-03-22,2026-04-04
-35.0,146.0,2026-04-08,2026-04-21
-35.0,146.0,2026-04-23,2026-04-27
-35.0,146.5,2024-01-10,2024-01-10
-35.0,146.5,2024-01-30,2024-01-30
-35.0,146.5,2024-02-20,2024-02-25
-35.0,146.5,2024-03-12,2024-03-25
-35.0,146.5,2024-03-26,2024-04-04
-35.0,146.5,2024-04-10,2024-04-23
-35.0,146.5,2024-04-28,2024-05-06
-35.0,146.5,2024-05-13,2024-05-22
-35.0,146.5,2024-05-28,2024-05-29
-35.0,146.5,2024-06-11,2024-06-12
-35.0,146.5,2024-06-28,2024-07-05
-35.0,146.5,2024-07-30,2024-08-07
-35.0,146.5,2024-08-14,2024-08-22
-35.0,146.5,2024-09-09,2024-09-09
-35.0,146.5,2024-09-30,2024-10-11
-35.0,146.5,2024-10-22,2024-10-22
-35.0,146.5,2024-12-04,2024-12-15
-35.0,146.5,2025-01-16,2025-01-16
-35.0,146.5,2025-02-01,2025-02-09
-35.0,146.5,2025-02-22,2025-03-04
-35.0,146.5,2025-03-24,2025-04-03
-35.0,146.5,2025-04-07,2025-04-17
-35.0,146.5,2025-04-22,2025-05-02
-35.0,146.5,2025-05-11,2025-05-21
-35.0,146.5,2025-05-31,2025-06-06
-35.0,146.5,2025-06-16,2025-06-16
-35.0,146.5,2025-06-30,2025-07-01
-35.0,146.5,2025-07-15,2025-07-17
-35.0,146.5,2025-08-02,2025-08-14
-35.0,146.5,2025-08-18,2025-08-25
-35.0,146.5,2025-09-13,2025-09-26
-35.0,146.5,2025-09-28,2025-10-09
-35.0,146.5,2025-11-10,2025-11-10
-35.0,146.5,2025-12-07,2025-12-07
-35.0,146.5,2025-12-23,2025-12-23
-35.0,146.5,2026-01-08,2026-01-19
-35.0,146.5,2026-02-04,2026-02-09
-35.0,146.5,2026-03-07,2026-03-13
-35.0,146.5,2026-03-23,2026-04-05
-35.0,146.5,2026-04-07,2026-04-20
-35.0,146.5,2026-04-21,2026-04-26
-35.0,147.0,2024-02-23,2024-02-23
-35.0,147.0,2024-03-21,2024-04-03
-35.0,147.0,2024-04-04,2024-04-17
-35.0,147.0,2024-04-18,2024-05-01
-35.0,147.0,2024-05-02,2024-05-15
-35.0,147.0,2024-05-16,2024-05-29
-35.0,147.0,2024-06-05,2024-06-16
-35.0,147.0,2024-06-20,2024-06-26
-35.0,147.0,2024-07-04,2024-07-04
-35.0,147.0,2024-07-31,2024-08-13
-35.0,147.0,2024-09-03,2024-09-03
-35.0,147.0,2025-01-28,2025-01-28
-35.0,147.0,2025-03-04,2025-03-08
-35.0,147.0,2025-03-18,2025-03-27
-35.0,147.0,2025-04-01,2025-04-14
-35.0,147.0,2025-04-16,2025-04-29
-35.0,147.0,2025-05-03,2025-05-16
-35.0,147.0,2025-05-20,2025-06-01
-35.0,147.0,2025-06-04,2025-06-14
-35.0,147.0,2025-06-23,2025-06-26
-35.0,147.0,2025-08-05,2025-08-09
-35.0,147.0,2025-08-25,2025-09-04
-35.0,147.0,2025-09-09,2025-09-19
-35.0,147.0,2025-09-25,2025-09-30
-35.0,147.0,2025-11-23,2025-11-26
-35.0,147.0,2026-03-09,2026-03-13
-35.0,147.0,2026-03-23,2026-04-02
-35.0,147.0,2026-04-06,2026-04-18
-35.0,147.0,2026-04-20,2026-04-27
-35.0,147.5,2024-01-09,2024-01-09
-35.0,147.5,2024-01-30,2024-02-10
-35.0,147.5,2024-02-14,2024-02-18
-35.0,147.5,2024-03-02,2024-03-12
-35.0,147.5,2024-03-17,2024-03-30
-35.0,147.5,2024-04-01,2024-04-14
-35.0,147.5,2024-04-15,2024-04-28
-35.0,147.5,2024-04-30,2024-05-12
-35.0,147.5,2024-05-14,2024-05-27
-35.0,147.5,2024-05-29,2024-05-29
-35.0,147.5,2024-07-04,2024-07-04
-35.0,147.5,2024-08-12,2024-08-12
-35.0,147.5,2024-08-30,2024-09-06
-35.0,147.5,2024-09-15,2024-09-28
-35.0,147.5,2024-10-08,2024-10-11
-35.0,147.5,2024-11-02,2024-11-13
-35.0,147.5,2024-11-18,2024-11-18
-35.0,147.5,2024-12-10,2024-12-15
-35.0,147.5,2024-12-26,2024-12-31
-35.0,147.5,2025-01-16,2025-01-27
-35.0,147.5,2025-02-01,2025-02-12
-35.0,147.5,2025-02-17,2025-02-22
-35.0,147.5,2025-03-05,2025-03-14
-35.0,147.5,2025-03-22,2025-04-04
-35.0,147.5,2025-04-05,2025-04-18
-35.0,147.5,2025-04-19,2025-05-02
-35.0,147.5,2025-05-03,2025-05-15
-35.0,147.5,2025-05-17,2025-05-30
-35.0,147.5,2025-05-31,2025-06-05
-35.0,147.5,2025-07-03,2025-07-03
-35.0,147.5,2025-07-20,2025-08-02
-35.0,147.5,2025-08-14,2025-08-24
-35.0,147.5,2025-08-31,2025-09-09
-35.0,147.5,2025-11-05,2025-11-05
-35.0,147.5,2025-11-21,2025-12-04
-35.0,147.5,2025-12-05,2025-12-18
-35.0,147.5,2025-12-29,2025-12-29
-35.0,147.5,2026-01-14,2026-01-19
-35.0,147.5,2026-03-06,2026-03-06
-35.0,147.5,2026-03-23,2026-04-02
-35.0,147.5,2026-04-07,2026-04-20
-35.0,147.5,2026-04-21,2026-04-27
-35.0,148.0,2024-01-29,2024-01-29
-35.0,148.0,2024-02-22,2024-03-06
-35.0,148.0,2024-03-07,2024-03-19
-35.0,148.0,2024-03-21,2024-04-03
-35.0,148.0,2024-04-04,2024-04-17
-35.0,148.0,2024-04-18,2024-05-01
-35.0,148.0,2024-05-02,2024-05-15
-35.0,148.0,2024-05-16,2024-05-29
-35.0,148.0,2024-06-10,2024-06-10
-35.0,148.0,2024-08-07,2024-08-11
-35.0,148.0,2024-09-17,2024-09-23
-35.0,148.0,2025-03-13,2025-03-26
-35.0,148.0,2025-03-27,2025-04-09
-35.0,148.0,2025-04-17,2025-04-29
-35.0,148.0,2025-05-02,2025-05-15
-35.0,148.0,2025-05-20,2025-05-31
-35.0,148.0,2025-06-04,2025-06-16
-35.0,148.0,2025-06-21,2025-06-21
-35.0,148.0,2025-07-21,2025-08-03
-35.0,148.0,2025-08-09,2025-08-09
-35.0,148.0,2025-08-24,2025-09-06
-35.0,148.0,2025-09-09,2025-09-22
-35.0,148.0,2025-09-24,2025-09-28
-35.0,148.0,2025-12-11,2025-12-11
-35.0,148.0,2026-02-15,2026-02-16
-35.0,148.0,2026-03-30,2026-04-11
-35.0,148.0,2026-04-13,2026-04-25
-35.0,148.0,2026-04-27,2026-04-27
-35.0,148.5,2024-01-19,2024-01-19
-35.0,148.5,2024-02-02,2024-02-02
-35.0,148.5,2024-02-19,2024-02-19
-35.0,148.5,2024-03-05,2024-03-05
-35.0,148.5,2024-03-22,2024-03-29
-35.0,148.5,2024-04-10,2024-04-22
-35.0,148.5,2024-04-25,2024-05-08
-35.0,148.5,2024-05-10,2024-05-23
-35.0,148.5,2024-05-25,2024-05-29
-35.0,148.5,2024-06-18,2024-06-29
-35.0,148.5,2024-07-30,2024-08-09
-35.0,148.5,2024-08-17,2024-08-27
-35.0,148.5,2024-09-05,2024-09-18
-35.0,148.5,2024-09-19,2024-09-19
-35.0,148.5,2024-10-09,2024-10-11
-35.0,148.5,2025-03-13,2025-03-13
-35.0,148.5,2025-03-27,2025-04-09
-35.0,148.5,2025-04-10,2025-04-19
-35.0,148.5,2025-04-24,2025-05-06
-35.0,148.5,2025-05-08,2025-05-20
-35.0,148.5,2025-05-28,2025-06-06
-35.0,148.5,2025-06-20,2025-06-22
-35.0,148.5,2025-07-12,2025-07-19
-35.0,148.5,2025-08-08,2025-08-18
-35.0,148.5,2025-08-23,2025-08-25
-35.0,148.5,2025-09-13,2025-09-26
-35.0,148.5,2025-09-29,2025-10-07
-35.0,148.5,2025-10-13,2025-10-15
-35.0,148.5,2025-11-20,2025-11-20
-35.0,148.5,2026-03-25,2026-04-03
-35.0,148.5,2026-04-08,2026-04-21
-35.0,148.5,2026-04-22,2026-04-26
-35.0,149.0,2024-02-27,2024-02-27
-35.0,149.0,2024-03-12,2024-03-21
-35.0,149.0,2024-03-27,2024-03-31
-35.0,149.0,2024-04-10,2024-04-21
-35.0,149.0,2024-04-27,2024-04-27
-35.0,149.0,2024-05-14,2024-05-19
-35.0,149.0,2024-08-23,2024-08-23
-35.0,149.0,2024-09-07,2024-09-15
-35.0,149.0,2024-10-03,2024-10-03
-35.0,149.0,2024-11-09,2024-11-09
-35.0,149.0,2024-12-10,2024-12-10
-35.0,149.0,2024-12-28,2024-12-29
-35.0,149.0,2025-02-01,2025-02-01
-35.0,149.0,2025-02-26,2025-03-07
-35.0,149.0,2025-03-13,2025-03-13
-35.0,149.0,2025-04-04,2025-04-16
-35.0,149.0,2025-05-03,2025-05-10
-35.0,149.0,2025-06-05,2025-06-06
-35.0,149.0,2025-06-20,2025-06-23
-35.0,149.0,2025-07-12,2025-07-20
-35.0,149.0,2025-08-09,2025-08-18
-35.0,149.0,2025-08-25,2025-09-03
-35.0,149.0,2025-09-22,2025-09-24
-35.0,149.0,2025-10-15,2025-10-23
-35.0,149.0,2026-04-01,2026-04-08
-35.0,149.0,2026-04-15,2026-04-27
-35.0,149.5,2024-02-20,2024-02-20
-35.0,149.5,2024-03-12,2024-03-22
-35.0,149.5,2024-04-12,2024-04-25
-35.0,149.5,2024-05-02,2024-05-02
-35.0,149.5,2024-05-17,2024-05-17
-35.0,149.5,2024-06-07,2024-06-08
-35.0,149.5,2024-06-25,2024-06-28
-35.0,149.5,2024-08-10,2024-08-10
-35.0,149.5,2024-08-31,2024-09-13
-35.0,149.5,2024-09-14,2024-09-22
-35.0,149.5,2024-09-28,2024-09-28
-35.0,149.5,2024-10-16,2024-10-17
-35.0,149.5,2024-12-19,2024-12-20
-35.0,149.5,2025-03-10,2025-03-10
-35.0,149.5,2025-04-04,2025-04-04
-35.0,149.5,2025-04-18,2025-04-25
-35.0,149.5,2025-06-17,2025-06-27
-35.0,149.5,2025-07-12,2025-07-20
-35.0,149.5,2025-07-30,2025-08-12
-35.0,149.5,2025-08-14,2025-08-24
-35.0,149.5,2025-09-01,2025-09-05
-35.0,149.5,2025-09-15,2025-09-27
-35.0,149.5,2026-03-23,2026-03-23
-35.0,149.5,2026-04-15,2026-04-22
-35.0,150.0,2024-01-23,2024-01-23
-35.0,150.0,2024-03-22,2024-04-01
-35.0,150.0,2024-04-16,2024-04-16
-35.0,150.0,2024-06-08,2024-06-08
-35.0,150.0,2024-07-05,2024-07-05
-35.0,150.0,2024-08-11,2024-08-17
-35.0,150.0,2024-10-16,2024-10-16
-35.0,150.0,2024-12-07,2024-12-20
-35.0,150.0,2025-01-29,2025-02-03
-35.0,150.0,2025-02-14,2025-02-17
-35.0,150.0,2025-03-17,2025-03-24
-35.0,150.0,2025-04-03,2025-04-16
-35.0,150.0,2025-04-18,2025-04-28
-35.0,150.0,2025-05-05,2025-05-14
-35.0,150.0,2025-06-05,2025-06-17
-35.0,150.0,2025-06-21,2025-06-27
-35.0,150.0,2025-08-04,2025-08-04
-35.0,150.0,2025-09-06,2025-09-08
-35.0,150.0,2025-09-20,2025-09-24
-35.0,150.0,2025-11-02,2025-11-07
-35.0,150.0,2025-11-18,2025-11-29
-35.0,150.0,2025-12-16,2025-12-20
-35.0,150.0,2026-01-09,2026-01-09
-35.0,150.0,2026-01-26,2026-01-27
-35.0,150.0,2026-02-16,2026-02-16
-35.0,150.0,2026-03-20,2026-04-02
-35.0,150.0,2026-04-06,2026-04-18
-35.0,150.0,2026-04-25,2026-04-25
-35.0,150.5,2024-03-21,2024-03-21
-35.0,150.5,2024-04-21,2024-04-28
-35.0,150.5,2024-05-18,2024-05-18
-35.0,150.5,2024-06-18,2024-06-18
-35.0,150.5,2024-08-11,2024-08-20
-35.0,150.5,2024-08-26,2024-08-26
-35.0,150.5,2024-09-21,2024-09-29
-35.0,150.5,2024-10-30,2024-10-30
-35.0,150.5,2024-12-23,2024-12-23
-35.0,150.5,2025-04-02,2025-04-13
-35.0,150.5,2025-05-09,2025-05-16
-35.0,150.5,2025-05-31,2025-05-31
-35.0,150.5,2025-07-13,2025-07-13
-35.0,150.5,2025-08-16,2025-08-16
-35.0,150.5,2025-08-30,2025-08-30
-35.0,150.5,2025-09-29,2025-10-01
-35.0,150.5,2025-11-16,2025-11-17
-35.0,150.5,2026-03-14,2026-03-25
-35.0,150.5,2026-03-31,2026-03-31
-35.0,150.5,2026-04-15,2026-04-17
-35.0,151.0,2024-08-30,2024-08-30
-35.0,151.0,2026-04-01,2026-04-01
-34.5,115.0,2024-10-23,2024-10-23
-34.5,115.0,2024-12-30,2024-12-30
-34.5,115.0,2025-05-14,2025-05-27
-34.5,115.5,2024-05-15,2024-05-26
-34.5,115.5,2024-09-12,2024-09-12
-34.5,115.5,2024-10-01,2024-10-01
-34.5,115.5,2025-05-18,2025-05-29
-34.5,115.5,2025-10-28,2025-10-28
-34.5,115.5,2025-12-14,2025-12-20
-34.5,115.5,2026-04-12,2026-04-15
-34.5,116.0,2024-01-30,2024-02-10
-34.5,116.0,2024-02-20,2024-03-02
-34.5,116.0,2024-05-06,2024-05-18
-34.5,116.0,2024-05-20,2024-05-26
-34.5,116.0,2024-06-05,2024-06-18
-34.5,116.0,2024-06-20,2024-07-03
-34.5,116.0,2024-07-05,2024-07-05
-34.5,116.0,2024-09-13,2024-09-22
-34.5,116.0,2024-10-01,2024-10-13
-34.5,116.0,2024-10-22,2024-11-02
-34.5,116.0,2024-11-10,2024-11-17
-34.5,116.0,2024-12-07,2024-12-20
-34.5,116.0,2024-12-21,2024-12-23
-34.5,116.0,2025-01-15,2025-01-16
-34.5,116.0,2025-02-10,2025-02-16
-34.5,116.0,2025-02-24,2025-03-07
-34.5,116.0,2025-03-10,2025-03-23
-34.5,116.0,2025-03-30,2025-04-11
-34.5,116.0,2025-04-18,2025-05-01
-34.5,116.0,2025-05-02,2025-05-13
-34.5,116.0,2025-05-18,2025-05-27
-34.5,116.0,2025-06-07,2025-06-07
-34.5,116.0,2025-06-30,2025-06-30
-34.5,116.0,2025-07-17,2025-07-17
-34.5,116.0,2025-08-11,2025-08-11
-34.5,116.0,2025-09-24,2025-09-25
-34.5,116.0,2025-10-10,2025-10-16
-34.5,116.0,2025-10-28,2025-11-03
-34.5,116.0,2025-12-10,2025-12-18
-34.5,116.0,2026-04-02,2026-04-14
-34.5,116.0,2026-04-16,2026-04-26
-34.5,116.5,2024-01-03,2024-01-08
-34.5,116.5,2024-02-01,2024-02-10
-34.5,116.5,2024-02-20,2024-02-20
-34.5,116.5,2024-03-20,2024-03-25
-34.5,116.5,2024-05-09,2024-05-22
-34.5,116.5,2024-05-23,2024-05-24
-34.5,116.5,2024-06-25,2024-06-28
-34.5,116.5,2024-08-03,2024-08-03
-34.5,116.5,2024-10-10,2024-10-13
-34.5,116.5,2024-10-27,2024-11-01
-34.5,116.5,2024-11-14,2024-11-18
-34.5,116.5,2025-02-09,2025-02-20
-34.5,116.5,2025-02-23,2025-03-06
-34.5,116.5,2025-04-21,2025-05-03
-34.5,116.5,2025-05-07,2025-05-18
-34.5,116.5,2025-05-27,2025-05-27
-34.5,116.5,2025-10-28,2025-10-28
-34.5,116.5,2025-12-02,2025-12-15
-34.5,116.5,2025-12-24,2025-12-29
-34.5,116.5,2026-04-06,2026-04-18
-34.5,116.5,2026-04-22,2026-04-24
-34.5,117.0,2024-01-15,2024-01-15
-34.5,117.0,2024-02-01,2024-02-08
-34.5,117.0,2024-03-20,2024-04-02
-34.5,117.0,2024-04-03,2024-04-16
-34.5,117.0,2024-04-18,2024-04-29
-34.5,117.0,2024-05-03,2024-05-16
-34.5,117.0,2024-05-17,2024-05-29
-34.5,117.0,2024-06-05,2024-06-18
-34.5,117.0,2024-06-24,2024-06-24
-34.5,117.0,2024-07-30,2024-07-30
-34.5,117.0,2024-09-11,2024-09-16
-34.5,117.0,2024-09-29,2024-09-29
-34.5,117.0,2024-12-16,2024-12-16
-34.5,117.0,2025-03-30,2025-04-11
-34.5,117.0,2025-04-14,2025-04-26
-34.5,117.0,2025-04-28,2025-05-07
-34.5,117.0,2025-05-12,2025-05-21
-34.5,117.0,2025-06-01,2025-06-05
-34.5,117.0,2025-06-18,2025-06-18
-34.5,117.0,2025-07-17,2025-07-17
-34.5,117.0,2025-09-24,2025-10-03
-34.5,117.0,2025-10-11,2025-10-13
-34.5,117.0,2025-11-03,2025-11-11
-34.5,117.0,2026-03-17,2026-03-24
-34.5,117.0,2026-03-31,2026-04-13
-34.5,117.0,2026-04-14,2026-04-27
-34.5,117.5,2024-03-25,2024-04-05
-34.5,117.5,2024-04-13,2024-04-26
-34.5,117.5,2024-04-27,2024-05-08
-34.5,117.5,2024-05-14,2024-05-24
-34.5,117.5,2024-06-05,2024-06-18
-34.5,117.5,2024-06-20,2024-07-03
-34.5,117.5,2024-07-07,2024-07-19
-34.5,117.5,2024-08-03,2024-08-12
-34.5,117.5,2024-08-24,2024-09-04
-34.5,117.5,2024-09-07,2024-09-17
-34.5,117.5,2024-09-25,2024-09-25
-34.5,117.5,2024-10-30,2024-11-11
-34.5,117.5,2024-11-17,2024-11-17
-34.5,117.5,2025-01-24,2025-01-24
-34.5,117.5,2025-03-20,2025-04-01
-34.5,117.5,2025-04-07,2025-04-20
-34.5,117.5,2025-04-21,2025-04-30
-34.5,117.5,2025-05-08,2025-05-21
-34.5,117.5,2025-05-23,2025-06-03
-34.5,117.5,2025-06-12,2025-06-25
-34.5,117.5,2025-06-27,2025-07-10
-34.5,117.5,2025-07-12,2025-07-15
-34.5,117.5,2025-08-12,2025-08-19
-34.5,117.5,2025-09-24,2025-09-24
-34.5,117.5,2025-10-12,2025-10-12
-34.5,117.5,2025-12-14,2025-12-14
-34.5,117.5,2026-01-17,2026-01-18
-34.5,117.5,2026-03-03,2026-03-16
-34.5,117.5,2026-03-24,2026-03-25
-34.5,117.5,2026-04-07,2026-04-20
-34.5,117.5,2026-04-24,2026-04-26
-34.5,118.0,2024-04-04,2024-04-04
-34.5,118.0,2024-04-18,2024-04-26
-34.5,118.0,2024-05-08,2024-05-21
-34.5,118.0,2024-05-22,2024-05-23
-34.5,118.0,2024-06-12,2024-06-25
-34.5,118.0,2024-06-27,2024-07-05
-34.5,118.0,2024-07-21,2024-07-30
-34.5,118.0,2024-08-08,2024-08-08
-34.5,118.0,2024-08-30,2024-09-12
-34.5,118.0,2024-09-13,2024-09-23
-34.5,118.0,2025-04-01,2025-04-14
-34.5,118.0,2025-04-16,2025-04-16
-34.5,118.0,2025-04-30,2025-05-11
-34.5,118.0,2025-05-14,2025-05-15
-34.5,118.0,2025-05-28,2025-06-02
-34.5,118.0,2025-07-09,2025-07-17
-34.5,118.0,2025-08-11,2025-08-16
-34.5,118.0,2025-08-30,2025-08-30
-34.5,118.0,2025-09-24,2025-10-07
-34.5,118.0,2025-10-10,2025-10-10
-34.5,118.0,2026-03-03,2026-03-03
-34.5,118.0,2026-04-12,2026-04-25
-34.5,118.0,2026-04-26,2026-04-26
-34.5,118.5,2024-01-24,2024-02-06
-34.5,118.5,2024-02-07,2024-02-11
-34.5,118.5,2024-04-03,2024-04-16
-34.5,118.5,2024-04-17,2024-04-26
-34.5,118.5,2024-05-04,2024-05-17
-34.5,118.5,2024-05-21,2024-05-26
-34.5,118.5,2024-06-04,2024-06-17
-34.5,118.5,2024-07-01,2024-07-03
-34.5,118.5,2024-07-17,2024-07-30
-34.5,118.5,2024-08-04,2024-08-04
-34.5,118.5,2024-08-20,2024-09-02
-34.5,118.5,2024-09-10,2024-09-19
-34.5,118.5,2025-01-01,2025-01-03
-34.5,118.5,2025-01-31,2025-01-31
-34.5,118.5,2025-03-31,2025-04-11
-34.5,118.5,2025-04-16,2025-04-29
-34.5,118.5,2025-04-30,2025-05-13
-34.5,118.5,2025-05-15,2025-05-17
-34.5,118.5,2025-06-06,2025-06-19
-34.5,118.5,2025-06-25,2025-06-25
-34.5,118.5,2025-07-17,2025-07-17
-34.5,118.5,2025-08-12,2025-08-21
-34.5,118.5,2025-08-31,2025-09-02
-34.5,118.5,2025-09-23,2025-10-02
-34.5,118.5,2025-10-07,2025-10-11
-34.5,118.5,2026-01-22,2026-01-24
-34.5,118.5,2026-03-30,2026-04-11
-34.5,119.0,2024-03-25,2024-03-26
-34.5,119.0,2024-05-07,2024-05-18
-34.5,119.0,2024-05-22,2024-05-23
-34.5,119.0,2024-07-30,2024-07-30
-34.5,119.0,2024-09-03,2024-09-03
-34.5,119.0,2024-09-25,2024-09-28
-34.5,119.0,2025-01-24,2025-01-31
-34.5,119.0,2025-05-02,2025-05-12
-34.5,119.0,2025-05-18,2025-05-18
-34.5,119.0,2025-08-13,2025-08-13
-34.5,119.0,2025-09-22,2025-09-23
-34.5,119.0,2025-12-13,2025-12-13
-34.5,119.0,2026-01-16,2026-01-16
-34.5,119.5,2024-05-03,2024-05-16
-34.5,119.5,2024-05-18,2024-05-20
-34.5,119.5,2026-01-16,2026-01-16
-34.5,135.5,2024-04-16,2024-04-24
-34.5,135.5,2024-05-04,2024-05-15
-34.5,135.5,2024-05-21,2024-05-27
-34.5,135.5,2024-08-23,2024-08-23
-34.5,135.5,2025-04-24,2025-04-24
-34.5,135.5,2025-05-20,2025-05-22
-34.5,135.5,2026-03-03,2026-03-03
-34.5,135.5,2026-04-21,2026-04-21
-34.5,136.0,2024-03-25,2024-04-04
-34.5,136.0,2024-04-12,2024-04-24
-34.5,136.0,2024-05-03,2024-05-14
-34.5,136.0,2024-05-27,2024-06-04
-34.5,136.0,2024-10-21,2024-10-21
-34.5,136.0,2025-04-05,2025-04-05
-34.5,136.0,2025-04-23,2025-04-24
-34.5,136.0,2025-05-13,2025-05-23
-34.5,136.0,2025-08-14,2025-08-14
-34.5,136.0,2026-03-24,2026-04-02
-34.5,136.0,2026-04-14,2026-04-27
-34.5,137.5,2024-04-26,2024-04-26
-34.5,137.5,2024-05-14,2024-05-21
-34.5,137.5,2024-08-24,2024-08-30
-34.5,137.5,2024-10-01,2024-10-01
-34.5,137.5,2025-05-12,2025-05-12
-34.5,137.5,2025-05-29,2025-05-29
-34.5,137.5,2025-08-12,2025-08-12
-34.5,137.5,2025-09-08,2025-09-08
-34.5,138.0,2024-04-16,2024-04-22
-34.5,138.0,2024-05-03,2024-05-13
-34.5,138.0,2024-05-25,2024-05-26
-34.5,138.0,2025-03-12,2025-03-12
-34.5,138.0,2025-06-26,2025-06-26
-34.5,138.5,2024-01-10,2024-01-22
-34.5,138.5,2024-02-16,2024-02-16
-34.5,138.5,2024-04-17,2024-04-22
-34.5,138.5,2024-05-03,2024-05-16
-34.5,138.5,2024-05-25,2024-06-05
-34.5,138.5,2024-06-19,2024-07-02
-34.5,138.5,2024-09-09,2024-09-09
-34.5,138.5,2024-09-30,2024-10-12
-34.5,138.5,2024-10-18,2024-10-18
-34.5,138.5,2024-11-02,2024-11-02
-34.5,138.5,2025-01-13,2025-01-13
-34.5,138.5,2025-03-27,2025-03-27
-34.5,138.5,2025-04-13,2025-04-14
-34.5,138.5,2025-05-02,2025-05-12
-34.5,138.5,2025-05-30,2025-05-30
-34.5,138.5,2025-07-01,2025-07-01
-34.5,138.5,2025-08-05,2025-08-05
-34.5,138.5,2025-09-13,2025-09-22
-34.5,138.5,2025-10-29,2025-10-31
-34.5,138.5,2025-12-09,2025-12-09
-34.5,138.5,2026-01-14,2026-01-22
-34.5,138.5,2026-02-13,2026-02-13
-34.5,138.5,2026-03-14,2026-03-14
-34.5,138.5,2026-04-22,2026-04-22
-34.5,139.0,2024-03-29,2024-04-04
-34.5,139.0,2024-04-17,2024-04-22
-34.5,139.0,2024-05-01,2024-05-13
-34.5,139.0,2024-05-23,2024-05-28
-34.5,139.0,2024-06-21,2024-06-21
-34.5,139.0,2024-09-03,2024-09-16
-34.5,139.0,2024-09-30,2024-10-11
-34.5,139.0,2025-04-23,2025-05-02
-34.5,139.0,2025-05-09,2025-05-09
-34.5,139.0,2025-05-23,2025-06-02
-34.5,139.0,2025-06-06,2025-06-12
-34.5,139.0,2025-07-15,2025-07-15
-34.5,139.0,2025-08-07,2025-08-07
-34.5,139.0,2025-09-03,2025-09-03
-34.5,139.0,2025-09-18,2025-09-18
-34.5,139.0,2025-10-31,2025-10-31
-34.5,139.0,2026-04-14,2026-04-24
-34.5,139.5,2024-01-02,2024-01-02
-34.5,139.5,2024-01-17,2024-01-22
-34.5,139.5,2024-02-28,2024-02-28
-34.5,139.5,2024-05-18,2024-05-22
-34.5,139.5,2024-06-06,2024-06-16
-34.5,139.5,2024-08-02,2024-08-02
-34.5,139.5,2024-09-09,2024-09-09
-34.5,139.5,2024-09-23,2024-10-06
-34.5,139.5,2024-10-07,2024-10-11
-34.5,139.5,2024-11-18,2024-11-18
-34.5,139.5,2025-04-11,2025-04-11
-34.5,139.5,2025-05-12,2025-05-20
-34.5,139.5,2025-06-02,2025-06-04
-34.5,139.5,2025-07-06,2025-07-06
-34.5,139.5,2025-09-23,2025-09-23
-34.5,139.5,2025-10-10,2025-10-10
-34.5,139.5,2025-12-28,2025-12-30
-34.5,140.0,2024-03-08,2024-03-08
-34.5,140.0,2024-04-05,2024-04-18
-34.5,140.0,2024-05-06,2024-05-06
-34.5,140.0,2025-09-30,2025-09-30
-34.5,140.5,2024-01-18,2024-01-18
-34.5,140.5,2024-02-03,2024-02-03
-34.5,140.5,2024-03-27,2024-03-27
-34.5,140.5,2024-04-16,2024-04-16
-34.5,140.5,2024-05-28,2024-06-06
-34.5,140.5,2024-06-11,2024-06-11
-34.5,140.5,2024-07-22,2024-07-31
-34.5,140.5,2024-08-12,2024-08-12
-34.5,140.5,2024-09-15,2024-09-17
-34.5,140.5,2024-10-08,2024-10-09
-34.5,140.5,2024-10-25,2024-10-25
-34.5,140.5,2025-02-05,2025-02-05
-34.5,140.5,2025-03-07,2025-03-17
-34.5,140.5,2025-04-04,2025-04-04
-34.5,140.5,2025-05-08,2025-05-20
-34.5,140.5,2025-06-10,2025-06-19
-34.5,140.5,2025-07-03,2025-07-11
-34.5,140.5,2025-08-05,2025-08-05
-34.5,140.5,2025-10-04,2025-10-14
-34.5,140.5,2025-10-28,2025-10-29
-34.5,140.5,2026-01-23,2026-02-01
-34.5,140.5,2026-04-08,2026-04-08
-34.5,140.5,2026-04-27,2026-04-27
-34.5,141.0,2024-05-01,2024-05-01
-34.5,141.0,2024-07-22,2024-07-22
-34.5,141.0,2025-02-03,2025-02-03
-34.5,141.0,2025-09-02,2025-09-15
-34.5,141.5,2024-04-07,2024-04-13
-34.5,141.5,2024-06-28,2024-06-28
-34.5,141.5,2025-03-23,2025-03-23
-34.5,141.5,2025-04-12,2025-04-12
-34.5,141.5,2025-06-04,2025-06-04
-34.5,141.5,2025-07-03,2025-07-03
-34.5,141.5,2026-04-26,2026-04-26
-34.5,142.0,2024-04-05,2024-04-15
-34.5,142.0,2024-04-22,2024-04-27
-34.5,142.0,2024-05-10,2024-05-10
-34.5,142.0,2024-05-29,2024-05-29
-34.5,142.0,2024-06-17,2024-06-24
-34.5,142.0,2024-07-06,2024-07-06
-34.5,142.0,2024-07-30,2024-07-30
-34.5,142.0,2024-08-19,2024-08-19
-34.5,142.0,2024-09-03,2024-09-10
-34.5,142.0,2024-10-06,2024-10-19
-34.5,142.0,2024-10-29,2024-10-29
-34.5,142.0,2024-11-17,2024-11-28
-34.5,142.0,2024-12-09,2024-12-14
-34.5,142.0,2024-12-25,2024-12-25
-34.5,142.0,2025-04-14,2025-04-14
-34.5,142.0,2025-05-20,2025-06-02
-34.5,142.0,2025-06-05,2025-06-18
-34.5,142.0,2025-06-26,2025-07-03
-34.5,142.0,2025-07-11,2025-07-18
-34.5,142.0,2025-08-02,2025-08-02
-34.5,142.0,2025-08-17,2025-08-24
-34.5,142.0,2025-09-30,2025-10-12
-34.5,142.0,2025-10-17,2025-10-17
-34.5,142.0,2025-11-20,2025-11-20
-34.5,142.0,2025-12-17,2025-12-28
-34.5,142.0,2026-01-02,2026-01-13
-34.5,142.0,2026-01-18,2026-01-18
-34.5,142.0,2026-04-14,2026-04-15
-34.5,142.5,2024-02-14,2024-02-14
-34.5,142.5,2024-03-03,2024-03-03
-34.5,142.5,2024-04-22,2024-04-27
-34.5,142.5,2024-05-14,2024-05-18
-34.5,142.5,2024-05-28,2024-06-06
-34.5,142.5,2024-06-12,2024-06-18
-34.5,142.5,2024-06-27,2024-07-05
-34.5,142.5,2024-08-08,2024-08-08
-34.5,142.5,2024-09-03,2024-09-16
-34.5,142.5,2024-09-17,2024-09-29
-34.5,142.5,2024-10-23,2024-10-29
-34.5,142.5,2024-11-17,2024-11-28
-34.5,142.5,2024-12-11,2024-12-14
-34.5,142.5,2024-12-25,2024-12-25
-34.5,142.5,2025-01-17,2025-01-17
-34.5,142.5,2025-02-05,2025-02-05
-34.5,142.5,2025-04-15,2025-04-22
-34.5,142.5,2025-04-29,2025-05-11
-34.5,142.5,2025-05-13,2025-05-24
-34.5,142.5,2025-05-29,2025-06-07
-34.5,142.5,2025-06-16,2025-06-21
-34.5,142.5,2025-07-15,2025-07-15
-34.5,142.5,2025-08-02,2025-08-02
-34.5,142.5,2025-09-18,2025-09-18
-34.5,142.5,2025-10-07,2025-10-20
-34.5,142.5,2025-11-20,2025-12-01
-34.5,142.5,2025-12-17,2025-12-28
-34.5,142.5,2026-01-02,2026-01-11
-34.5,142.5,2026-01-18,2026-01-18
-34.5,142.5,2026-04-04,2026-04-13
-34.5,143.0,2024-01-13,2024-01-13
-34.5,143.0,2024-02-08,2024-02-10
-34.5,143.0,2024-03-21,2024-03-27
-34.5,143.0,2024-04-04,2024-04-14
-34.5,143.0,2024-04-22,2024-04-30
-34.5,143.0,2024-06-04,2024-06-17
-34.5,143.0,2024-06-18,2024-06-28
-34.5,143.0,2024-07-03,2024-07-03
-34.5,143.0,2024-07-31,2024-07-31
-34.5,143.0,2024-08-19,2024-08-26
-34.5,143.0,2024-09-09,2024-09-16
-34.5,143.0,2024-09-23,2024-09-23
-34.5,143.0,2024-10-07,2024-10-07
-34.5,143.0,2024-10-23,2024-10-23
-34.5,143.0,2024-11-08,2024-11-17
-34.5,143.0,2024-11-28,2024-11-28
-34.5,143.0,2024-12-14,2024-12-25
-34.5,143.0,2025-03-18,2025-03-20
-34.5,143.0,2025-04-07,2025-04-13
-34.5,143.0,2025-04-23,2025-05-06
-34.5,143.0,2025-05-13,2025-05-26
-34.5,143.0,2025-06-13,2025-06-26
-34.5,143.0,2025-06-30,2025-07-12
-34.5,143.0,2025-09-07,2025-09-20
-34.5,143.0,2025-09-21,2025-09-21
-34.5,143.0,2025-10-23,2025-11-05
-34.5,143.0,2025-11-20,2025-12-01
-34.5,143.0,2025-12-17,2025-12-17
-34.5,143.0,2026-01-02,2026-01-02
-34.5,143.0,2026-03-23,2026-03-27
-34.5,143.0,2026-04-13,2026-04-15
-34.5,143.5,2024-01-11,2024-01-18
-34.5,143.5,2024-01-30,2024-01-30
-34.5,143.5,2024-02-13,2024-02-17
-34.5,143.5,2024-03-21,2024-03-30
-34.5,143.5,2024-05-22,2024-05-29
-34.5,143.5,2024-06-08,2024-06-19
-34.5,143.5,2024-06-26,2024-07-04
-34.5,143.5,2024-10-16,2024-10-16
-34.5,143.5,2024-11-28,2024-12-10
-34.5,143.5,2024-12-17,2024-12-20
-34.5,143.5,2025-01-13,2025-01-13
-34.5,143.5,2025-02-12,2025-02-12
-34.5,143.5,2025-03-03,2025-03-05
-34.5,143.5,2025-03-22,2025-04-03
-34.5,143.5,2025-04-06,2025-04-07
-34.5,143.5,2025-05-17,2025-05-17
-34.5,143.5,2025-06-04,2025-06-04
-34.5,143.5,2025-06-19,2025-06-19
-34.5,143.5,2025-07-12,2025-07-12
-34.5,143.5,2025-08-08,2025-08-08
-34.5,143.5,2025-08-23,2025-09-01
-34.5,143.5,2025-09-29,2025-09-29
-34.5,143.5,2025-10-28,2025-10-28
-34.5,143.5,2025-12-12,2025-12-17
-34.5,143.5,2026-02-07,2026-02-07
-34.5,143.5,2026-03-24,2026-03-31
-34.5,143.5,2026-04-08,2026-04-17
-34.5,143.5,2026-04-23,2026-04-23
-34.5,144.0,2024-01-05,2024-01-05
-34.5,144.0,2024-11-17,2024-11-21
-34.5,144.0,2024-12-07,2024-12-07
-34.5,144.0,2025-04-22,2025-04-22
-34.5,144.0,2025-05-12,2025-05-12
-34.5,144.0,2025-08-23,2025-09-05
-34.5,144.0,2025-09-06,2025-09-08
-34.5,144.0,2025-10-09,2025-10-09
-34.5,144.0,2025-11-01,2025-11-08
-34.5,144.0,2025-11-25,2025-11-25
-34.5,144.0,2026-01-16,2026-01-22
-34.5,144.0,2026-03-13,2026-03-13
-34.5,144.0,2026-04-24,2026-04-24
-34.5,144.5,2024-02-10,2024-02-23
-34.5,144.5,2024-03-22,2024-04-04
-34.5,144.5,2024-04-14,2024-04-23
-34.5,144.5,2024-05-09,2024-05-18
-34.5,144.5,2024-08-09,2024-08-09
-34.5,144.5,2024-12-12,2024-12-12
-34.5,144.5,2025-01-08,2025-01-08
-34.5,144.5,2025-04-14,2025-04-22
-34.5,144.5,2025-05-10,2025-05-10
-34.5,144.5,2025-07-17,2025-07-17
-34.5,144.5,2026-01-12,2026-01-22
-34.5,144.5,2026-02-17,2026-02-17
-34.5,144.5,2026-04-02,2026-04-02
-34.5,145.0,2024-02-12,2024-02-12
-34.5,145.0,2024-03-05,2024-03-05
-34.5,145.0,2024-04-16,2024-04-16
-34.5,145.0,2024-07-03,2024-07-03
-34.5,145.0,2024-08-06,2024-08-06
-34.5,145.0,2024-08-24,2024-08-29
-34.5,145.0,2025-01-08,2025-01-08
-34.5,145.0,2025-04-03,2025-04-16
-34.5,145.0,2025-04-23,2025-05-03
-34.5,145.0,2025-05-16,2025-05-16
-34.5,145.0,2025-10-03,2025-10-03
-34.5,145.0,2025-11-10,2025-11-10
-34.5,145.0,2025-12-11,2025-12-23
-34.5,145.0,2026-02-14,2026-02-14
-34.5,145.0,2026-03-07,2026-03-07
-34.5,145.0,2026-04-07,2026-04-07
-34.5,145.5,2024-02-02,2024-02-02
-34.5,145.5,2024-02-19,2024-02-29
-34.5,145.5,2024-03-22,2024-04-04
-34.5,145.5,2024-04-13,2024-04-14
-34.5,145.5,2024-04-30,2024-04-30
-34.5,145.5,2024-05-22,2024-05-23
-34.5,145.5,2024-07-05,2024-07-05
-34.5,145.5,2024-07-30,2024-07-31
-34.5,145.5,2024-09-01,2024-09-05
-34.5,145.5,2024-09-19,2024-09-19
-34.5,145.5,2024-11-18,2024-11-18
-34.5,145.5,2024-12-07,2024-12-18
-34.5,145.5,2025-01-08,2025-01-08
-34.5,145.5,2025-02-16,2025-02-16
-34.5,145.5,2025-03-05,2025-03-14
-34.5,145.5,2025-03-26,2025-04-08
-34.5,145.5,2025-04-09,2025-04-22
-34.5,145.5,2025-04-23,2025-05-01
-34.5,145.5,2025-07-14,2025-07-17
-34.5,145.5,2025-08-13,2025-08-13
-34.5,145.5,2025-09-09,2025-09-09
-34.5,145.5,2025-11-02,2025-11-02
-34.5,145.5,2025-12-16,2025-12-23
-34.5,145.5,2026-03-13,2026-03-13
-34.5,145.5,2026-04-01,2026-04-10
-34.5,146.0,2024-01-03,2024-01-12
-34.5,146.0,2024-01-19,2024-01-23
-34.5,146.0,2024-02-02,2024-02-14
-34.5,146.0,2024-02-20,2024-02-20
-34.5,146.0,2024-03-14,2024-03-27
-34.5,146.0,2024-03-28,2024-04-09
-34.5,146.0,2024-04-11,2024-04-24
-34.5,146.0,2024-04-26,2024-05-08
-34.5,146.0,2024-05-17,2024-05-29
-34.5,146.0,2024-06-17,2024-06-28
-34.5,146.0,2024-07-20,2024-08-02
-34.5,146.0,2024-08-03,2024-08-16
-34.5,146.0,2024-08-23,2024-09-05
-34.5,146.0,2024-09-06,2024-09-18
-34.5,146.0,2024-09-22,2024-09-28
-34.5,146.0,2024-10-08,2024-10-08
-34.5,146.0,2024-10-27,2024-10-27
-34.5,146.0,2024-11-18,2024-11-23
-34.5,146.0,2024-12-02,2024-12-15
-34.5,146.0,2024-12-18,2024-12-31
-34.5,146.0,2025-01-08,2025-01-21
-34.5,146.0,2025-01-24,2025-02-05
-34.5,146.0,2025-02-16,2025-02-20
-34.5,146.0,2025-03-05,2025-03-08
-34.5,146.0,2025-03-22,2025-04-04
-34.5,146.0,2025-04-05,2025-04-18
-34.5,146.0,2025-04-19,2025-05-02
-34.5,146.0,2025-05-04,2025-05-16
-34.5,146.0,2025-05-18,2025-05-29
-34.5,146.0,2025-06-01,2025-06-14
-34.5,146.0,2025-06-16,2025-06-27
-34.5,146.0,2025-07-01,2025-07-14
-34.5,146.0,2025-07-15,2025-07-23
-34.5,146.0,2025-08-14,2025-08-24
-34.5,146.0,2025-08-29,2025-09-09
-34.5,146.0,2025-09-23,2025-10-05
-34.5,146.0,2025-10-07,2025-10-14
-34.5,146.0,2025-10-30,2025-11-10
-34.5,146.0,2025-11-15,2025-11-27
-34.5,146.0,2025-11-29,2025-12-07
-34.5,146.0,2025-12-16,2025-12-23
-34.5,146.0,2026-01-05,2026-01-17
-34.5,146.0,2026-01-22,2026-01-29
-34.5,146.0,2026-02-06,2026-02-18
-34.5,146.0,2026-03-06,2026-03-15
-34.5,146.0,2026-03-31,2026-04-13
-34.5,146.0,2026-04-14,2026-04-27
-34.5,146.5,2024-01-22,2024-02-02
-34.5,146.5,2024-02-07,2024-02-14
-34.5,146.5,2024-02-24,2024-03-05
-34.5,146.5,2024-03-18,2024-03-28
-34.5,146.5,2024-04-03,2024-04-16
-34.5,146.5,2024-04-17,2024-04-30
-34.5,146.5,2024-05-01,2024-05-08
-34.5,146.5,2024-05-17,2024-05-29
-34.5,146.5,2024-06-07,2024-06-19
-34.5,146.5,2024-06-26,2024-06-28
-34.5,146.5,2024-08-01,2024-08-13
-34.5,146.5,2024-08-30,2024-09-10
-34.5,146.5,2024-09-17,2024-09-29
-34.5,146.5,2024-11-08,2024-11-18
-34.5,146.5,2024-11-22,2024-12-04
-34.5,146.5,2024-12-15,2024-12-18
-34.5,146.5,2024-12-31,2024-12-31
-34.5,146.5,2025-01-16,2025-01-17
-34.5,146.5,2025-01-31,2025-02-03
-34.5,146.5,2025-02-25,2025-03-07
-34.5,146.5,2025-03-19,2025-03-19
-34.5,146.5,2025-04-02,2025-04-15
-34.5,146.5,2025-04-16,2025-04-29
-34.5,146.5,2025-05-01,2025-05-14
-34.5,146.5,2025-05-15,2025-05-25
-34.5,146.5,2025-05-30,2025-06-04
-34.5,146.5,2025-06-18,2025-07-01
-34.5,146.5,2025-07-02,2025-07-15
-34.5,146.5,2025-07-21,2025-08-02
-34.5,146.5,2025-08-05,2025-08-15
-34.5,146.5,2025-08-24,2025-09-04
-34.5,146.5,2025-09-08,2025-09-18
-34.5,146.5,2025-09-26,2025-09-30
-34.5,146.5,2025-10-16,2025-10-16
-34.5,146.5,2025-11-05,2025-11-05
-34.5,146.5,2025-11-21,2025-12-02
-34.5,146.5,2025-12-18,2025-12-18
-34.5,146.5,2026-01-08,2026-01-16
-34.5,146.5,2026-03-09,2026-03-19
-34.5,146.5,2026-03-23,2026-04-05
-34.5,146.5,2026-04-06,2026-04-18
-34.5,146.5,2026-04-21,2026-04-27
-34.5,147.0,2024-02-08,2024-02-21
-34.5,147.0,2024-02-22,2024-02-22
-34.5,147.0,2024-03-08,2024-03-19
-34.5,147.0,2024-03-22,2024-04-04
-34.5,147.0,2024-04-09,2024-04-22
-34.5,147.0,2024-04-23,2024-05-03
-34.5,147.0,2024-05-07,2024-05-19
-34.5,147.0,2024-05-21,2024-05-28
-34.5,147.0,2024-06-15,2024-06-18
-34.5,147.0,2024-07-31,2024-08-05
-34.5,147.0,2024-08-27,2024-09-07
-34.5,147.0,2024-09-30,2024-09-30
-34.5,147.0,2025-02-26,2025-03-08
-34.5,147.0,2025-03-18,2025-03-27
-34.5,147.0,2025-04-01,2025-04-14
-34.5,147.0,2025-04-16,2025-04-29
-34.5,147.0,2025-05-01,2025-05-14
-34.5,147.0,2025-05-15,2025-05-28
-34.5,147.0,2025-05-29,2025-06-06
-34.5,147.0,2025-06-27,2025-07-09
-34.5,147.0,2025-07-17,2025-07-21
-34.5,147.0,2025-08-25,2025-08-25
-34.5,147.0,2025-09-18,2025-09-27
-34.5,147.0,2025-10-15,2025-10-15
-34.5,147.0,2025-12-02,2025-12-02
-34.5,147.0,2026-03-13,2026-03-25
-34.5,147.0,2026-03-31,2026-04-13
-34.5,147.0,2026-04-14,2026-04-27
-34.5,147.5,2024-02-12,2024-02-24
-34.5,147.5,2024-03-11,2024-03-24
-34.5,147.5,2024-03-25,2024-04-07
-34.5,147.5,2024-04-09,2024-04-22
-34.5,147.5,2024-04-23,2024-05-06
-34.5,147.5,2024-05-07,2024-05-20
-34.5,147.5,2024-05-21,2024-05-29
-34.5,147.5,2024-07-01,2024-07-04
-34.5,147.5,2024-07-22,2024-07-31
-34.5,147.5,2024-08-09,2024-08-09
-34.5,147.5,2024-08-27,2024-09-05
-34.5,147.5,2024-09-17,2024-09-28
-34.5,147.5,2024-10-03,2024-10-03
-34.5,147.5,2024-11-02,2024-11-13
-34.5,147.5,2024-11-18,2024-11-18
-34.5,147.5,2024-12-10,2024-12-15
-34.5,147.5,2024-12-26,2025-01-07
-34.5,147.5,2025-01-16,2025-01-27
-34.5,147.5,2025-02-18,2025-03-03
-34.5,147.5,2025-03-05,2025-03-13
-34.5,147.5,2025-03-22,2025-04-04
-34.5,147.5,2025-04-05,2025-04-18
-34.5,147.5,2025-04-19,2025-05-02
-34.5,147.5,2025-05-03,2025-05-16
-34.5,147.5,2025-05-17,2025-05-30
-34.5,147.5,2025-05-31,2025-06-13
-34.5,147.5,2025-06-14,2025-06-26
-34.5,147.5,2025-07-02,2025-07-04
-34.5,147.5,2025-07-20,2025-07-23
-34.5,147.5,2025-08-11,2025-08-18
-34.5,147.5,2025-08-30,2025-09-06
-34.5,147.5,2025-09-13,2025-09-26
-34.5,147.5,2025-09-27,2025-09-27
-34.5,147.5,2025-11-05,2025-11-05
-34.5,147.5,2025-11-21,2025-12-02
-34.5,147.5,2025-12-18,2025-12-18
-34.5,147.5,2026-01-19,2026-01-30
-34.5,147.5,2026-03-13,2026-03-25
-34.5,147.5,2026-03-30,2026-04-11
-34.5,147.5,2026-04-13,2026-04-25
-34.5,147.5,2026-04-27,2026-04-27
-34.5,148.0,2024-01-29,2024-02-07
-34.5,148.0,2024-02-12,2024-02-24
-34.5,148.0,2024-02-26,2024-03-08
-34.5,148.0,2024-03-11,2024-03-22
-34.5,148.0,2024-03-25,2024-04-04
-34.5,148.0,2024-04-09,2024-04-22
-34.5,148.0,2024-04-23,2024-05-02
-34.5,148.0,2024-05-07,2024-05-20
-34.5,148.0,2024-05-26,2024-05-29
-34.5,148.0,2024-06-18,2024-06-25
-34.5,148.0,2024-07-22,2024-08-02
-34.5,148.0,2024-08-10,2024-08-15
-34.5,148.0,2024-08-27,2024-09-09
-34.5,148.0,2024-09-10,2024-09-23
-34.5,148.0,2024-09-28,2024-10-08
-34.5,148.0,2024-10-20,2024-10-26
-34.5,148.0,2024-12-07,2024-12-15
-34.5,148.0,2024-12-26,2024-12-26
-34.5,148.0,2025-02-06,2025-02-19
-34.5,148.0,2025-02-20,2025-03-05
-34.5,148.0,2025-03-06,2025-03-18
-34.5,148.0,2025-03-26,2025-04-08
-34.5,148.0,2025-04-09,2025-04-21
-34.5,148.0,2025-04-23,2025-05-05
-34.5,148.0,2025-05-08,2025-05-21
-34.5,148.0,2025-05-30,2025-06-05
-34.5,148.0,2025-06-14,2025-06-23
-34.5,148.0,2025-07-15,2025-07-21
-34.5,148.0,2025-08-04,2025-08-16
-34.5,148.0,2025-08-18,2025-08-18
-34.5,148.0,2025-09-05,2025-09-18
-34.5,148.0,2025-09-25,2025-09-30
-34.5,148.0,2025-10-15,2025-10-15
-34.5,148.0,2025-11-14,2025-11-21
-34.5,148.0,2025-12-02,2025-12-02
-34.5,148.0,2025-12-18,2025-12-18
-34.5,148.0,2026-02-27,2026-03-09
-34.5,148.0,2026-03-13,2026-03-25
-34.5,148.0,2026-03-30,2026-04-12
-34.5,148.0,2026-04-13,2026-04-24
-34.5,148.0,2026-04-27,2026-04-27
-34.5,148.5,2024-02-02,2024-02-14
-34.5,148.5,2024-02-16,2024-02-27
-34.5,148.5,2024-03-04,2024-03-17
-34.5,148.5,2024-03-18,2024-03-30
-34.5,148.5,2024-04-01,2024-04-14
-34.5,148.5,2024-04-15,2024-04-28
-34.5,148.5,2024-05-02,2024-05-14
-34.5,148.5,2024-05-21,2024-05-28
-34.5,148.5,2024-06-09,2024-06-09
-34.5,148.5,2024-07-30,2024-07-30
-34.5,148.5,2024-08-25,2024-08-25
-34.5,148.5,2024-09-10,2024-09-17
-34.5,148.5,2024-10-02,2024-10-02
-34.5,148.5,2024-10-24,2024-10-25
-34.5,148.5,2024-12-27,2025-01-01
-34.5,148.5,2025-02-19,2025-03-04
-34.5,148.5,2025-03-05,2025-03-17
-34.5,148.5,2025-03-20,2025-04-02
-34.5,148.5,2025-04-03,2025-04-16
-34.5,148.5,2025-04-17,2025-04-25
-34.5,148.5,2025-05-01,2025-05-12
-34.5,148.5,2025-05-15,2025-05-20
-34.5,148.5,2025-05-31,2025-06-04
-34.5,148.5,2025-06-16,2025-06-21
-34.5,148.5,2025-07-15,2025-07-23
-34.5,148.5,2025-09-18,2025-10-01
-34.5,148.5,2026-03-06,2026-03-15
-34.5,148.5,2026-03-22,2026-04-03
-34.5,148.5,2026-04-07,2026-04-20
-34.5,148.5,2026-04-21,2026-04-27
-34.5,149.0,2024-02-01,2024-02-13
-34.5,149.0,2024-02-20,2024-02-28
-34.5,149.0,2024-03-07,2024-03-19
-34.5,149.0,2024-03-22,2024-04-01
-34.5,149.0,2024-04-12,2024-04-12
-34.5,149.0,2024-05-22,2024-06-04
-34.5,149.0,2024-06-24,2024-06-28
-34.5,149.0,2024-07-31,2024-07-31
-34.5,149.0,2024-08-27,2024-09-03
-34.5,149.0,2024-09-17,2024-09-17
-34.5,149.0,2024-10-01,2024-10-12
-34.5,149.0,2025-03-05,2025-03-05
-34.5,149.0,2025-03-25,2025-04-05
-34.5,149.0,2025-04-16,2025-04-17
-34.5,149.0,2025-05-04,2025-05-09
-34.5,149.0,2025-06-13,2025-06-17
-34.5,149.0,2025-06-28,2025-06-28
-34.5,149.0,2025-07-14,2025-07-18
-34.5,149.0,2025-09-03,2025-09-06
-34.5,149.0,2025-09-17,2025-09-17
-34.5,149.0,2026-01-11,2026-01-11
-34.5,149.0,2026-01-25,2026-01-25
-34.5,149.0,2026-03-14,2026-03-25
-34.5,149.0,2026-04-03,2026-04-15
-34.5,149.0,2026-04-25,2026-04-26
-34.5,149.5,2024-04-21,2024-04-30
-34.5,149.5,2024-05-17,2024-05-22
-34.5,149.5,2024-06-24,2024-06-25
-34.5,149.5,2024-07-30,2024-08-07
-34.5,149.5,2024-08-31,2024-08-31
-34.5,149.5,2024-09-17,2024-09-28
-34.5,149.5,2024-10-01,2024-10-01
-34.5,149.5,2024-10-30,2024-11-12
-34.5,149.5,2024-12-19,2024-12-19
-34.5,149.5,2025-04-02,2025-04-05
-34.5,149.5,2025-04-21,2025-05-03
-34.5,149.5,2025-05-11,2025-05-20
-34.5,149.5,2025-05-31,2025-06-12
-34.5,149.5,2025-06-16,2025-06-21
-34.5,149.5,2025-07-08,2025-07-17
-34.5,149.5,2025-07-24,2025-08-04
-34.5,149.5,2025-08-14,2025-08-26
-34.5,149.5,2025-08-30,2025-09-07
-34.5,149.5,2025-09-18,2025-10-01
-34.5,149.5,2025-10-02,2025-10-05
-34.5,149.5,2025-10-23,2025-10-23
-34.5,149.5,2026-01-10,2026-01-10
-34.5,149.5,2026-04-13,2026-04-18
-34.5,150.0,2024-01-08,2024-01-10
-34.5,150.0,2024-03-10,2024-03-10
-34.5,150.0,2024-04-23,2024-04-27
-34.5,150.0,2024-05-17,2024-05-29
-34.5,150.0,2024-06-08,2024-06-17
-34.5,150.0,2024-06-24,2024-06-24
-34.5,150.0,2024-08-03,2024-08-03
-34.5,150.0,2024-08-23,2024-09-05
-34.5,150.0,2024-09-13,2024-09-17
-34.5,150.0,2024-10-03,2024-10-03
-34.5,150.0,2025-02-28,2025-02-28
-34.5,150.0,2025-03-19,2025-03-26
-34.5,150.0,2025-04-05,2025-04-18
-34.5,150.0,2025-04-23,2025-05-05
-34.5,150.0,2025-05-09,2025-05-09
-34.5,150.0,2025-06-16,2025-06-29
-34.5,150.0,2025-07-04,2025-07-11
-34.5,150.0,2025-07-28,2025-08-09
-34.5,150.0,2025-09-02,2025-09-14
-34.5,150.0,2025-09-29,2025-09-29
-34.5,150.0,2025-11-13,2025-11-13
-34.5,150.0,2025-11-30,2025-12-07
-34.5,150.0,2025-12-20,2025-12-20
-34.5,150.0,2026-04-02,2026-04-02
-34.5,150.0,2026-04-18,2026-04-27
-34.5,150.5,2024-02-08,2024-02-17
-34.5,150.5,2024-02-24,2024-02-24
-34.5,150.5,2024-03-09,2024-03-21
-34.5,150.5,2024-03-25,2024-04-02
-34.5,150.5,2024-04-10,2024-04-23
-34.5,150.5,2024-04-28,2024-05-07
-34.5,150.5,2024-05-13,2024-05-22
-34.5,150.5,2024-05-28,2024-06-08
-34.5,150.5,2024-06-18,2024-06-30
-34.5,150.5,2024-07-06,2024-07-17
-34.5,150.5,2024-07-20,2024-08-02
-34.5,150.5,2024-08-06,2024-08-17
-34.5,150.5,2024-08-22,2024-09-01
-34.5,150.5,2024-09-07,2024-09-20
-34.5,150.5,2024-09-22,2024-10-05
-34.5,150.5,2024-10-10,2024-10-21
-34.5,150.5,2024-10-27,2024-11-07
-34.5,150.5,2024-11-11,2024-11-22
-34.5,150.5,2024-12-01,2024-12-14
-34.5,150.5,2024-12-23,2024-12-23
-34.5,150.5,2025-02-04,2025-02-16
-34.5,150.5,2025-03-01,2025-03-13
-34.5,150.5,2025-03-18,2025-03-18
-34.5,150.5,2025-04-02,2025-04-15
-34.5,150.5,2025-04-16,2025-04-28
-34.5,150.5,2025-05-01,2025-05-07
-34.5,150.5,2025-05-16,2025-05-16
-34.5,150.5,2025-06-05,2025-06-17
-34.5,150.5,2025-06-21,2025-06-28
-34.5,150.5,2025-07-26,2025-08-04
-34.5,150.5,2025-08-25,2025-09-04
-34.5,150.5,2025-09-14,2025-09-27
-34.5,150.5,2025-09-29,2025-10-12
-34.5,150.5,2025-10-14,2025-10-14
-34.5,150.5,2025-11-02,2025-11-08
-34.5,150.5,2025-11-18,2025-11-30
-34.5,150.5,2025-12-04,2025-12-17
-34.5,150.5,2025-12-26,2025-12-28
-34.5,150.5,2026-01-27,2026-02-06
-34.5,150.5,2026-02-17,2026-02-17
-34.5,150.5,2026-03-05,2026-03-15
-34.5,150.5,2026-03-21,2026-04-02
-34.5,150.5,2026-04-06,2026-04-18
-34.5,150.5,2026-04-25,2026-04-25
-34.5,151.0,2024-01-01,2024-01-13
-34.5,151.0,2024-01-15,2024-01-28
-34.5,151.0,2024-01-29,2024-02-11
-34.5,151.0,2024-02-12,2024-02-25
-34.5,151.0,2024-02-26,2024-03-10
-34.5,151.0,2024-03-11,2024-03-24
-34.5,151.0,2024-03-25,2024-04-07
-34.5,151.0,2024-04-08,2024-04-21
-34.5,151.0,2024-04-22,2024-05-05
-34.5,151.0,2024-05-07,2024-05-20
-34.5,151.0,2024-05-21,2024-05-29
-34.5,151.0,2024-06-07,2024-06-20
-34.5,151.0,2024-06-21,2024-06-30
-34.5,151.0,2024-07-05,2024-07-18
-34.5,151.0,2024-07-19,2024-08-01
-34.5,151.0,2024-08-02,2024-08-14
-34.5,151.0,2024-08-16,2024-08-28
-34.5,151.0,2024-08-30,2024-09-12
-34.5,151.0,2024-09-13,2024-09-24
-34.5,151.0,2024-09-28,2024-10-10
-34.5,151.0,2024-10-12,2024-10-25
-34.5,151.0,2024-10-26,2024-11-08
-34.5,151.0,2024-11-09,2024-11-22
-34.5,151.0,2024-11-23,2024-12-05
-34.5,151.0,2024-12-09,2024-12-22
-34.5,151.0,2024-12-23,2025-01-05
-34.5,151.0,2025-01-11,2025-01-24
-34.5,151.0,2025-01-25,2025-02-07
-34.5,151.0,2025-02-11,2025-02-24
-34.5,151.0,2025-02-25,2025-03-09
-34.5,151.0,2025-03-11,2025-03-24
-34.5,151.0,2025-03-25,2025-04-07
-34.5,151.0,2025-04-08,2025-04-21
-34.5,151.0,2025-04-22,2025-05-05
-34.5,151.0,2025-05-06,2025-05-17
-34.5,151.0,2025-05-23,2025-06-05
-34.5,151.0,2025-06-06,2025-06-19
-34.5,151.0,2025-06-20,2025-07-03
-34.5,151.0,2025-07-04,2025-07-17
-34.5,151.0,2025-07-18,2025-07-31
-34.5,151.0,2025-08-03,2025-08-16
-34.5,151.0,2025-08-17,2025-08-30
-34.5,151.0,2025-08-31,2025-09-13
-34.5,151.0,2025-09-14,2025-09-26
-34.5,151.0,2025-09-29,2025-10-12
-34.5,151.0,2025-10-13,2025-10-24
-34.5,151.0,2025-10-30,2025-11-11
-34.5,151.0,2025-11-14,2025-11-27
-34.5,151.0,2025-11-28,2025-12-10
-34.5,151.0,2025-12-12,2025-12-24
-34.5,151.0,2025-12-27,2026-01-09
-34.5,151.0,2026-01-10,2026-01-23
-34.5,151.0,2026-01-24,2026-02-06
-34.5,151.0,2026-02-07,2026-02-18
-34.5,151.0,2026-02-21,2026-03-06
-34.5,151.0,2026-03-08,2026-03-21
-34.5,151.0,2026-03-23,2026-04-05
-34.5,151.0,2026-04-06,2026-04-19
-34.5,151.0,2026-04-20,2026-04-27
-34.0,115.0,2024-05-15,2024-05-25
-34.0,115.0,2024-06-05,2024-06-16
-34.0,115.0,2024-06-20,2024-07-03
-34.0,115.0,2024-07-04,2024-07-05
-34.0,115.0,2024-07-18,2024-07-18
-34.0,115.0,2024-09-16,2024-09-24
-34.0,115.0,2024-10-01,2024-10-12
-34.0,115.0,2024-10-15,2024-10-28
-34.0,115.0,2024-10-29,2024-10-29
-34.0,115.0,2024-11-13,2024-11-14
-34.0,115.0,2025-04-06,2025-04-15
-34.0,115.0,2025-04-28,2025-05-10
-34.0,115.0,2025-05-12,2025-05-22
-34.0,115.0,2025-05-27,2025-06-08
-34.0,115.0,2025-07-17,2025-07-17
-34.0,115.0,2025-08-06,2025-08-12
-34.0,115.0,2025-08-27,2025-08-27
-34.0,115.0,2025-09-10,2025-09-10
-34.0,115.0,2025-09-25,2025-10-02
-34.0,115.0,2025-10-14,2025-10-14
-34.0,115.0,2026-04-10,2026-04-12
-34.0,115.5,2024-01-16,2024-01-25
-34.0,115.5,2024-03-25,2024-04-07
-34.0,115.5,2024-05-13,2024-05-24
-34.0,115.5,2024-05-29,2024-06-11
-34.0,115.5,2024-06-12,2024-06-21
-34.0,115.5,2024-07-05,2024-07-05
-34.0,115.5,2024-07-20,2024-07-20
-34.0,115.5,2024-09-20,2024-09-22
-34.0,115.5,2024-10-10,2024-10-10
-34.0,115.5,2024-10-28,2024-10-30
-34.0,115.5,2024-11-17,2024-11-23
-34.0,115.5,2024-12-08,2024-12-08
-34.0,115.5,2025-01-16,2025-01-18
-34.0,115.5,2025-04-11,2025-04-15
-34.0,115.5,2025-05-08,2025-05-21
-34.0,115.5,2025-05-26,2025-06-08
-34.0,115.5,2025-06-10,2025-06-10
-34.0,115.5,2025-10-15,2025-10-15
-34.0,115.5,2025-11-13,2025-11-17
-34.0,115.5,2025-11-28,2025-12-02
-34.0,115.5,2025-12-19,2025-12-25
-34.0,115.5,2026-04-12,2026-04-12
-34.0,115.5,2026-04-26,2026-04-26
-34.0,116.0,2024-02-27,2024-02-27
-34.0,116.0,2024-05-05,2024-05-18
-34.0,116.0,2024-05-20,2024-05-26
-34.0,116.0,2024-06-05,2024-06-18
-34.0,116.0,2024-06-22,2024-07-05
-34.0,116.0,2024-07-07,2024-07-07
-34.0,116.0,2024-07-29,2024-07-29
-34.0,116.0,2024-09-12,2024-09-25
-34.0,116.0,2024-09-30,2024-10-12
-34.0,116.0,2024-10-24,2024-10-29
-34.0,116.0,2024-11-10,2024-11-18
-34.0,116.0,2024-11-26,2024-12-07
-34.0,116.0,2024-12-15,2024-12-23
-34.0,116.0,2024-12-30,2024-12-30
-34.0,116.0,2025-01-31,2025-01-31
-34.0,116.0,2025-02-25,2025-02-25
-34.0,116.0,2025-03-30,2025-04-11
-34.0,116.0,2025-04-16,2025-04-29
-34.0,116.0,2025-04-30,2025-05-13
-34.0,116.0,2025-05-15,2025-05-28
-34.0,116.0,2025-06-02,2025-06-13
-34.0,116.0,2025-06-16,2025-06-16
-34.0,116.0,2025-07-10,2025-07-19
-34.0,116.0,2025-07-25,2025-08-07
-34.0,116.0,2025-08-12,2025-08-22
-34.0,116.0,2025-08-30,2025-09-02
-34.0,116.0,2025-09-21,2025-10-03
-34.0,116.0,2025-10-11,2025-10-15
-34.0,116.0,2025-10-25,2025-11-03
-34.0,116.0,2025-11-10,2025-11-18
-34.0,116.0,2025-12-07,2025-12-19
-34.0,116.0,2025-12-23,2026-01-02
-34.0,116.0,2026-01-19,2026-01-19
-34.0,116.0,2026-02-25,2026-02-25
-34.0,116.0,2026-03-24,2026-04-03
-34.0,116.0,2026-04-11,2026-04-22
-34.0,116.0,2026-04-25,2026-04-25
-34.0,116.5,2024-02-09,2024-02-09
-34.0,116.5,2024-03-24,2024-04-05
-34.0,116.5,2024-04-07,2024-04-19
-34.0,116.5,2024-04-28,2024-05-10
-34.0,116.5,2024-05-13,2024-05-26
-34.0,116.5,2024-05-28,2024-06-07
-34.0,116.5,2024-06-12,2024-06-20
-34.0,116.5,2024-06-28,2024-07-08
-34.0,116.5,2024-07-18,2024-07-18
-34.0,116.5,2024-08-03,2024-08-10
-34.0,116.5,2024-09-07,2024-09-16
-34.0,116.5,2024-09-25,2024-10-01
-34.0,116.5,2024-10-29,2024-11-01
-34.0,116.5,2025-03-27,2025-04-09
-34.0,116.5,2025-04-10,2025-04-23
-34.0,116.5,2025-04-24,2025-05-07
-34.0,116.5,2025-05-08,2025-05-21
-34.0,116.5,2025-05-22,2025-06-01
-34.0,116.5,2025-06-08,2025-06-13
-34.0,116.5,2025-06-27,2025-06-27
-34.0,116.5,2025-08-04,2025-08-12
-34.0,116.5,2025-08-23,2025-09-04
-34.0,116.5,2025-09-10,2025-09-18
-34.0,116.5,2025-09-24,2025-10-06
-34.0,116.5,2025-10-08,2025-10-15
-34.0,116.5,2025-10-28,2025-11-10
-34.0,116.5,2025-11-11,2025-11-17
-34.0,116.5,2025-12-01,2025-12-01
-34.0,116.5,2026-01-04,2026-01-04
-34.0,116.5,2026-03-30,2026-04-12
-34.0,116.5,2026-04-13,2026-04-26
-34.0,117.0,2024-01-14,2024-01-14
-34.0,117.0,2024-03-19,2024-03-26
-34.0,117.0,2024-04-03,2024-04-16
-34.0,117.0,2024-04-17,2024-04-29
-34.0,117.0,2024-05-03,2024-05-16
-34.0,117.0,2024-05-17,2024-05-29
-34.0,117.0,2024-06-04,2024-06-17
-34.0,117.0,2024-06-22,2024-07-05
-34.0,117.0,2024-07-18,2024-07-31
-34.0,117.0,2024-08-01,2024-08-14
-34.0,117.0,2024-08-15,2024-08-27
-34.0,117.0,2024-08-29,2024-09-11
-34.0,117.0,2024-09-12,2024-09-23
-34.0,117.0,2024-09-30,2024-10-02
-34.0,117.0,2024-11-17,2024-11-17
-34.0,117.0,2025-01-15,2025-01-15
-34.0,117.0,2025-03-19,2025-04-01
-34.0,117.0,2025-04-06,2025-04-19
-34.0,117.0,2025-04-20,2025-05-03
-34.0,117.0,2025-05-05,2025-05-18
-34.0,117.0,2025-05-19,2025-06-01
-34.0,117.0,2025-06-04,2025-06-11
-34.0,117.0,2025-06-19,2025-07-01
-34.0,117.0,2025-07-08,2025-07-17
-34.0,117.0,2025-07-30,2025-08-12
-34.0,117.0,2025-08-13,2025-08-18
-34.0,117.0,2025-09-04,2025-09-13
-34.0,117.0,2025-09-23,2025-09-29
-34.0,117.0,2025-10-13,2025-10-13
-34.0,117.0,2026-01-12,2026-01-12
-34.0,117.0,2026-03-25,2026-04-07
-34.0,117.0,2026-04-09,2026-04-22
-34.0,117.0,2026-04-24,2026-04-26
-34.0,117.5,2024-02-13,2024-02-13
-34.0,117.5,2024-03-14,2024-03-27
-34.0,117.5,2024-04-02,2024-04-15
-34.0,117.5,2024-04-16,2024-04-20
-34.0,117.5,2024-05-06,2024-05-18
-34.0,117.5,2024-05-21,2024-05-23
-34.0,117.5,2024-06-11,2024-06-23
-34.0,117.5,2024-06-27,2024-07-02
-34.0,117.5,2024-07-21,2024-08-03
-34.0,117.5,2024-08-04,2024-08-16
-34.0,117.5,2024-09-17,2024-09-29
-34.0,117.5,2024-10-01,2024-10-01
-34.0,117.5,2024-12-03,2024-12-03
-34.0,117.5,2025-01-01,2025-01-01
-34.0,117.5,2025-03-20,2025-04-02
-34.0,117.5,2025-04-09,2025-04-21
-34.0,117.5,2025-04-25,2025-05-08
-34.0,117.5,2025-05-09,2025-05-20
-34.0,117.5,2025-06-03,2025-06-03
-34.0,117.5,2025-07-02,2025-07-14
-34.0,117.5,2025-07-16,2025-07-21
-34.0,117.5,2025-08-01,2025-08-01
-34.0,117.5,2025-08-22,2025-08-29
-34.0,117.5,2025-09-07,2025-09-15
-34.0,117.5,2025-09-22,2025-09-25
-34.0,117.5,2026-03-31,2026-04-13
-34.0,117.5,2026-04-14,2026-04-26
-34.0,118.0,2024-03-26,2024-04-03
-34.0,118.0,2024-04-10,2024-04-16
-34.0,118.0,2024-04-26,2024-05-08
-34.0,118.0,2024-05-24,2024-06-04
-34.0,118.0,2024-06-20,2024-06-20
-34.0,118.0,2024-07-09,2024-07-09
-34.0,118.0,2024-08-12,2024-08-12
-34.0,118.0,2024-09-10,2024-09-10
-34.0,118.0,2024-09-25,2024-09-25
-34.0,118.0,2025-04-08,2025-04-15
-34.0,118.0,2025-04-24,2025-05-07
-34.0,118.0,2025-05-12,2025-05-21
-34.0,118.0,2025-05-27,2025-05-28
-34.0,118.0,2025-06-19,2025-06-19
-34.0,118.0,2025-08-27,2025-09-03
-34.0,118.0,2025-09-10,2025-09-23
-34.0,118.0,2025-10-01,2025-10-14
-34.0,118.0,2025-12-05,2025-12-16
-34.0,118.0,2026-04-08,2026-04-19
-34.0,118.0,2026-04-25,2026-04-25
-34.0,118.5,2024-03-20,2024-03-26
-34.0,118.5,2024-04-11,2024-04-19
-34.0,118.5,2024-06-13,2024-06-17
-34.0,118.5,2024-08-11,2024-08-11
-34.0,118.5,2024-09-11,2024-09-17
-34.0,118.5,2024-11-18,2024-11-18
-34.0,118.5,2025-04-25,2025-04-30
-34.0,118.5,2025-05-09,2025-05-21
-34.0,118.5,2025-05-27,2025-05-27
-34.0,118.5,2025-07-09,2025-07-09
-34.0,118.5,2025-08-12,2025-08-22
-34.0,118.5,2025-08-29,2025-09-01
-34.0,118.5,2025-09-23,2025-09-29
-34.0,118.5,2025-10-27,2025-10-27
-34.0,118.5,2025-12-16,2025-12-16
-34.0,118.5,2026-01-16,2026-01-16
-34.0,118.5,2026-04-07,2026-04-10
-34.0,119.0,2024-01-07,2024-01-07
-34.0,119.0,2024-02-28,2024-02-28
-34.0,119.0,2024-03-25,2024-04-05
-34.0,119.0,2024-04-17,2024-04-17
-34.0,119.0,2024-05-03,2024-05-03
-34.0,119.0,2024-05-22,2024-05-22
-34.0,119.0,2024-06-11,2024-06-11
-34.0,119.0,2024-08-01,2024-08-02
-34.0,119.0,2024-09-02,2024-09-02
-34.0,119.0,2025-04-29,2025-05-08
-34.0,119.0,2025-05-21,2025-05-21
-34.0,119.0,2025-06-09,2025-06-13
-34.0,119.0,2025-07-12,2025-07-12
-34.0,119.0,2025-08-20,2025-08-20
-34.0,119.0,2025-09-30,2025-09-30
-34.0,119.0,2026-01-16,2026-01-22
-34.0,119.0,2026-04-08,2026-04-16
-34.0,119.5,2025-01-02,2025-01-06
-34.0,119.5,2025-06-09,2025-06-09
-34.0,119.5,2025-12-10,2025-12-10
-34.0,119.5,2025-12-26,2025-12-28
-34.0,119.5,2026-01-16,2026-01-29
-34.0,119.5,2026-01-30,2026-02-07
-34.0,120.0,2024-05-26,2024-05-26
-34.0,120.0,2025-04-11,2025-04-11
-34.0,120.0,2025-05-02,2025-05-09
-34.0,120.0,2025-05-18,2025-05-26
-34.0,120.0,2025-10-29,2025-10-29
-34.0,120.0,2026-01-22,2026-02-02
-34.0,120.0,2026-04-11,2026-04-19
-34.0,120.5,2024-03-07,2024-03-20
-34.0,120.5,2024-03-21,2024-04-03
-34.0,120.5,2024-04-05,2024-04-09
-34.0,120.5,2024-04-21,2024-04-27
-34.0,120.5,2024-05-11,2024-05-22
-34.0,120.5,2024-05-27,2024-05-27
-34.0,120.5,2024-07-19,2024-07-19
-34.0,120.5,2024-08-06,2024-08-09
-34.0,120.5,2024-08-26,2024-09-08
-34.0,120.5,2024-09-10,2024-09-17
-34.0,120.5,2025-03-14,2025-03-21
-34.0,120.5,2025-04-02,2025-04-09
-34.0,120.5,2025-04-26,2025-05-05
-34.0,120.5,2025-09-10,2025-09-10
-34.0,120.5,2025-10-17,2025-10-17
-34.0,120.5,2026-03-04,2026-03-04
-34.0,120.5,2026-03-25,2026-04-01
-34.0,120.5,2026-04-12,2026-04-22
-34.0,121.0,2024-03-17,2024-03-20
-34.0,121.0,2024-04-02,2024-04-10
-34.0,121.0,2024-04-16,2024-04-16
-34.0,121.0,2024-09-08,2024-09-21
-34.0,121.0,2024-09-23,2024-10-01
-34.0,121.0,2025-03-12,2025-03-21
-34.0,121.0,2025-04-01,2025-04-10
-34.0,121.0,2025-05-16,2025-05-22
-34.0,121.0,2025-08-12,2025-08-12
-34.0,121.0,2025-08-27,2025-09-01
-34.0,121.0,2025-09-10,2025-09-22
-34.0,121.0,2026-03-03,2026-03-04
-34.0,121.0,2026-04-20,2026-04-23
-34.0,121.5,2024-04-17,2024-04-17
-34.0,121.5,2024-05-14,2024-05-14
-34.0,121.5,2024-09-10,2024-09-10
-34.0,121.5,2025-01-31,2025-02-13
-34.0,121.5,2025-02-14,2025-02-24
-34.0,121.5,2025-03-05,2025-03-05
-34.0,121.5,2025-04-28,2025-04-28
-34.0,121.5,2025-08-30,2025-08-30
-34.0,121.5,2026-03-16,2026-03-16
-34.0,121.5,2026-04-22,2026-04-22
-34.0,122.0,2024-02-13,2024-02-13
-34.0,122.0,2024-04-02,2024-04-15
-34.0,122.0,2024-04-16,2024-04-19
-34.0,122.0,2024-05-18,2024-05-26
-34.0,122.0,2024-06-14,2024-06-24
-34.0,122.0,2024-07-17,2024-07-17
-34.0,122.0,2024-08-09,2024-08-16
-34.0,122.0,2024-09-12,2024-09-12
-34.0,122.0,2024-10-05,2024-10-05
-34.0,122.0,2024-12-04,2024-12-04
-34.0,122.0,2025-01-20,2025-01-22
-34.0,122.0,2025-02-05,2025-02-05
-34.0,122.0,2025-03-24,2025-04-05
-34.0,122.0,2025-05-18,2025-05-31
-34.0,122.0,2025-07-02,2025-07-02
-34.0,122.0,2025-08-15,2025-08-16
-34.0,122.0,2025-10-06,2025-10-07
-34.0,122.0,2025-12-29,2025-12-29
-34.0,122.0,2026-03-15,2026-03-25
-34.0,122.0,2026-03-30,2026-04-12
-34.0,122.0,2026-04-18,2026-04-21
-34.0,122.5,2024-03-09,2024-03-09
-34.0,122.5,2024-03-25,2024-03-28
-34.0,122.5,2024-04-19,2024-05-01
-34.0,122.5,2024-06-15,2024-06-28
-34.0,122.5,2024-07-07,2024-07-09
-34.0,122.5,2024-07-30,2024-08-11
-34.0,122.5,2024-09-09,2024-09-12
-34.0,122.5,2025-04-15,2025-04-28
-34.0,122.5,2025-04-29,2025-05-12
-34.0,122.5,2025-05-18,2025-05-28
-34.0,122.5,2025-06-04,2025-06-10
-34.0,122.5,2025-06-19,2025-06-27
-34.0,122.5,2025-08-09,2025-08-09
-34.0,122.5,2025-08-31,2025-09-05
-34.0,122.5,2025-09-23,2025-09-23
-34.0,122.5,2025-10-22,2025-10-23
-34.0,122.5,2025-11-29,2025-11-29
-34.0,122.5,2025-12-31,2025-12-31
-34.0,122.5,2026-03-15,2026-03-18
-34.0,122.5,2026-04-14,2026-04-24
-34.0,123.0,2024-04-09,2024-04-20
-34.0,123.0,2024-05-12,2024-05-12
-34.0,123.0,2024-09-16,2024-09-16
-34.0,123.0,2026-04-21,2026-04-22
-34.0,123.5,2026-01-16,2026-01-18
-34.0,135.0,2024-04-20,2024-04-22
-34.0,135.0,2025-04-16,2025-04-16
-34.0,135.5,2024-02-05,2024-02-05
-34.0,135.5,2024-03-26,2024-03-26
-34.0,135.5,2024-04-10,2024-04-22
-34.0,135.5,2024-04-28,2024-05-04
-34.0,135.5,2024-05-13,2024-05-25
-34.0,135.5,2024-05-28,2024-06-07
-34.0,135.5,2024-06-22,2024-06-22
-34.0,135.5,2024-10-06,2024-10-09
-34.0,135.5,2025-04-01,2025-04-07
-34.0,135.5,2025-04-27,2025-04-27
-34.0,135.5,2025-05-20,2025-05-30
-34.0,135.5,2025-08-22,2025-08-22
-34.0,135.5,2025-09-22,2025-10-04
-34.0,135.5,2026-03-26,2026-04-02
-34.0,135.5,2026-04-15,2026-04-27
-34.0,136.0,2024-03-25,2024-03-25
-34.0,136.0,2024-04-15,2024-04-22
-34.0,136.0,2024-05-03,2024-05-10
-34.0,136.0,2024-05-20,2024-05-20
-34.0,136.0,2024-09-18,2024-09-18
-34.0,136.0,2025-03-04,2025-03-04
-34.0,136.0,2025-04-23,2025-04-23
-34.0,136.0,2025-05-08,2025-05-19
-34.0,136.0,2025-05-23,2025-06-02
-34.0,136.0,2025-06-29,2025-06-29
-34.0,136.0,2026-02-17,2026-02-17
-34.0,136.0,2026-04-16,2026-04-27
-34.0,136.5,2024-04-16,2024-04-19
-34.0,136.5,2024-06-11,2024-06-11
-34.0,136.5,2025-04-16,2025-04-16
-34.0,137.5,2024-03-28,2024-03-28
-34.0,137.5,2024-04-12,2024-04-15
-34.0,137.5,2024-05-04,2024-05-04
-34.0,137.5,2024-12-13,2024-12-24
-34.0,137.5,2024-12-29,2024-12-29
-34.0,137.5,2025-04-11,2025-04-11
-34.0,137.5,2025-07-19,2025-07-19
-34.0,137.5,2025-09-01,2025-09-01
-34.0,137.5,2025-11-19,2025-11-30
-34.0,137.5,2025-12-16,2025-12-27
-34.0,137.5,2026-01-01,2026-01-01
-34.0,137.5,2026-04-16,2026-04-17
-34.0,138.0,2024-01-07,2024-01-07
-34.0,138.0,2024-03-25,2024-04-02
-34.0,138.0,2024-04-12,2024-04-16
-34.0,138.0,2024-05-07,2024-05-07
-34.0,138.0,2024-06-27,2024-06-27
-34.0,138.0,2024-08-30,2024-08-30
-34.0,138.0,2024-10-31,2024-10-31
-34.0,138.0,2024-12-24,2024-12-24
-34.0,138.0,2025-01-09,2025-01-09
-34.0,138.0,2025-03-18,2025-03-26
-34.0,138.0,2025-04-22,2025-04-23
-34.0,138.0,2025-08-01,2025-08-01
-34.0,138.0,2025-09-08,2025-09-08
-34.0,138.0,2025-12-27,2025-12-27
-34.0,138.0,2026-01-12,2026-01-12
-34.0,138.0,2026-04-16,2026-04-24
-34.0,138.5,2024-01-07,2024-01-07
-34.0,138.5,2024-03-22,2024-04-04
-34.0,138.5,2024-04-05,2024-04-17
-34.0,138.5,2024-04-26,2024-05-06
-34.0,138.5,2024-05-26,2024-05-27
-34.0,138.5,2024-06-19,2024-06-19
-34.0,138.5,2024-07-09,2024-07-09
-34.0,138.5,2024-08-07,2024-08-07
-34.0,138.5,2024-09-06,2024-09-06
-34.0,138.5,2024-10-06,2024-10-11
-34.0,138.5,2024-12-01,2024-12-07
-34.0,138.5,2024-12-24,2025-01-06
-34.0,138.5,2025-01-07,2025-01-09
-34.0,138.5,2025-04-30,2025-05-12
-34.0,138.5,2025-09-06,2025-09-06
-34.0,138.5,2025-10-31,2025-10-31
-34.0,138.5,2026-01-12,2026-01-12
-34.0,138.5,2026-04-20,2026-04-20
-34.0,139.0,2024-03-25,2024-04-05
-34.0,139.0,2024-04-12,2024-04-24
-34.0,139.0,2024-04-26,2024-05-07
-34.0,139.0,2024-05-13,2024-05-25
-34.0,139.0,2024-05-27,2024-06-09
-34.0,139.0,2024-06-16,2024-06-16
-34.0,139.0,2024-09-30,2024-09-30
-34.0,139.0,2025-05-01,2025-05-14
-34.0,139.0,2025-06-02,2025-06-02
-34.0,139.0,2026-04-14,2026-04-27
-34.0,139.5,2024-01-18,2024-01-18
-34.0,139.5,2024-07-22,2024-07-22
-34.0,140.0,2024-02-13,2024-02-19
-34.0,140.0,2024-04-19,2024-05-01
-34.0,140.0,2024-05-03,2024-05-16
-34.0,140.0,2024-05-17,2024-05-29
-34.0,140.0,2024-06-05,2024-06-07
-34.0,140.0,2024-07-30,2024-08-11
-34.0,140.0,2025-01-29,2025-02-03
-34.0,140.0,2025-04-24,2025-04-24
-34.0,140.0,2025-06-04,2025-06-16
-34.0,140.0,2025-07-24,2025-07-24
-34.0,140.0,2025-08-17,2025-08-17
-34.0,140.0,2025-09-13,2025-09-13
-34.0,140.0,2025-10-23,2025-10-23
-34.0,140.0,2026-01-10,2026-01-10
-34.0,140.5,2024-04-26,2024-04-30
-34.0,140.5,2024-05-15,2024-05-28
-34.0,140.5,2024-07-02,2024-07-02
-34.0,140.5,2024-08-12,2024-08-14
-34.0,140.5,2024-09-07,2024-09-16
-34.0,140.5,2024-10-16,2024-10-16
-34.0,140.5,2024-11-17,2024-11-17
-34.0,140.5,2024-12-03,2024-12-03
-34.0,140.5,2025-05-02,2025-05-13
-34.0,140.5,2025-05-23,2025-06-02
-34.0,140.5,2025-07-01,2025-07-08
-34.0,140.5,2025-08-12,2025-08-12
-34.0,140.5,2025-09-20,2025-10-03
-34.0,140.5,2025-10-04,2025-10-15
-34.0,140.5,2025-10-24,2025-10-24
-34.0,140.5,2025-11-09,2025-11-20
-34.0,140.5,2025-11-24,2025-11-24
-34.0,140.5,2025-12-22,2025-12-22
-34.0,141.0,2024-04-17,2024-04-30
-34.0,141.0,2024-05-01,2024-05-10
-34.0,141.0,2024-05-23,2024-06-05
-34.0,141.0,2024-06-06,2024-06-17
-34.0,141.0,2024-06-27,2024-06-27
-34.0,141.0,2024-08-09,2024-08-09
-34.0,141.0,2024-08-30,2024-09-07
-34.0,141.0,2024-10-19,2024-10-19
-34.0,141.0,2025-05-01,2025-05-01
-34.0,141.0,2025-05-29,2025-05-29
-34.0,141.0,2025-06-19,2025-06-19
-34.0,141.0,2025-09-07,2025-09-07
-34.0,141.0,2025-09-26,2025-09-26
-34.0,141.0,2025-10-12,2025-10-12
-34.0,141.0,2026-03-24,2026-03-24
-34.0,141.5,2024-04-25,2024-04-25
-34.0,141.5,2024-05-16,2024-05-16
-34.0,141.5,2025-05-08,2025-05-08
-34.0,141.5,2025-06-20,2025-06-20
-34.0,142.0,2024-02-09,2024-02-16
-34.0,142.0,2024-03-02,2024-03-02
-34.0,142.0,2024-04-03,2024-04-14
-34.0,142.0,2024-04-22,2024-05-05
-34.0,142.0,2024-06-06,2024-06-06
-34.0,142.0,2024-07-03,2024-07-05
-34.0,142.0,2024-08-10,2024-08-10
-34.0,142.0,2024-09-08,2024-09-20
-34.0,142.0,2024-09-29,2024-10-09
-34.0,142.0,2024-11-13,2024-11-21
-34.0,142.0,2024-12-12,2024-12-12
-34.0,142.0,2025-01-31,2025-02-01
-34.0,142.0,2025-03-31,2025-04-06
-34.0,142.0,2025-04-23,2025-05-03
-34.0,142.0,2025-05-12,2025-05-21
-34.0,142.0,2025-05-30,2025-05-30
-34.0,142.0,2025-06-20,2025-06-21
-34.0,142.0,2025-07-04,2025-07-17
-34.0,142.0,2025-08-08,2025-08-21
-34.0,142.0,2025-08-23,2025-09-05
-34.0,142.0,2025-09-12,2025-09-20
-34.0,142.0,2025-09-26,2025-10-07
-34.0,142.0,2026-01-16,2026-01-19
-34.0,142.0,2026-02-18,2026-02-18
-34.0,142.0,2026-03-27,2026-04-08
-34.0,142.0,2026-04-13,2026-04-22
-34.0,142.0,2026-04-27,2026-04-27
-34.0,142.5,2024-02-29,2024-03-05
-34.0,142.5,2024-04-14,2024-04-25
-34.0,142.5,2024-05-06,2024-05-14
-34.0,142.5,2024-05-27,2024-05-29
-34.0,142.5,2024-07-03,2024-07-05
-34.0,142.5,2024-08-27,2024-09-07
-34.0,142.5,2024-09-13,2024-09-13
-34.0,142.5,2024-10-30,2024-10-30
-34.0,142.5,2025-02-14,2025-02-17
-34.0,142.5,2025-03-10,2025-03-19
-34.0,142.5,2025-04-02,2025-04-11
-34.0,142.5,2025-04-16,2025-04-16
-34.0,142.5,2025-05-03,2025-05-16
-34.0,142.5,2025-05-19,2025-05-19
-34.0,142.5,2025-06-19,2025-06-21
-34.0,142.5,2025-07-15,2025-07-15
-34.0,142.5,2025-08-07,2025-08-20
-34.0,142.5,2025-08-21,2025-08-24
-34.0,142.5,2025-09-04,2025-09-04
-34.0,142.5,2026-03-31,2026-03-31
-34.0,143.0,2024-02-20,2024-03-04
-34.0,143.0,2024-03-26,2024-04-04
-34.0,143.0,2024-04-18,2024-05-01
-34.0,143.0,2024-06-07,2024-06-07
-34.0,143.0,2024-10-01,2024-10-12
-34.0,143.0,2024-10-19,2024-10-23
-34.0,143.0,2024-11-27,2024-12-10
-34.0,143.0,2025-01-19,2025-01-30
-34.0,143.0,2025-03-03,2025-03-03
-34.0,143.0,2025-03-17,2025-03-17
-34.0,143.0,2025-04-02,2025-04-15
-34.0,143.0,2025-04-16,2025-04-23
-34.0,143.0,2025-05-06,2025-05-06
-34.0,143.0,2025-05-20,2025-05-23
-34.0,143.0,2025-06-30,2025-07-12
-34.0,143.0,2025-07-16,2025-07-18
-34.0,143.0,2025-08-07,2025-08-07
-34.0,143.0,2025-09-13,2025-09-21
-34.0,143.0,2025-09-28,2025-10-11
-34.0,143.0,2025-10-17,2025-10-19
-34.0,143.0,2025-11-11,2025-11-21
-34.0,143.0,2025-11-25,2025-12-07
-34.0,143.0,2025-12-09,2025-12-12
-34.0,143.0,2026-01-17,2026-01-19
-34.0,143.0,2026-02-06,2026-02-18
-34.0,143.0,2026-03-29,2026-04-05
-34.0,143.0,2026-04-12,2026-04-12
-34.0,143.5,2025-12-01,2025-12-01
-34.0,143.5,2025-12-28,2026-01-06
-34.0,144.5,2024-06-25,2024-06-25
-34.0,145.0,2024-07-30,2024-08-02
-34.0,145.5,2024-01-01,2024-01-05
-34.0,145.5,2024-02-02,2024-02-02
-34.0,145.5,2024-02-21,2024-03-05
-34.0,145.5,2024-03-06,2024-03-06
-34.0,145.5,2024-03-25,2024-04-02
-34.0,145.5,2024-04-09,2024-04-22
-34.0,145.5,2024-04-23,2024-05-01
-34.0,145.5,2024-05-07,2024-05-07
-34.0,145.5,2024-05-27,2024-05-29
-34.0,145.5,2024-06-23,2024-07-04
-34.0,145.5,2024-08-19,2024-08-30
-34.0,145.5,2024-09-03,2024-09-16
-34.0,145.5,2024-09-18,2024-09-28
-34.0,145.5,2024-10-29,2024-10-29
-34.0,145.5,2024-11-18,2024-11-21
-34.0,145.5,2024-12-04,2024-12-04
-34.0,145.5,2024-12-27,2025-01-08
-34.0,145.5,2025-02-09,2025-02-09
-34.0,145.5,2025-03-04,2025-03-06
-34.0,145.5,2025-03-27,2025-04-03
-34.0,145.5,2025-04-11,2025-04-23
-34.0,145.5,2025-05-01,2025-05-10
-34.0,145.5,2025-05-20,2025-05-21
-34.0,145.5,2025-06-14,2025-06-20
-34.0,145.5,2025-07-14,2025-07-14
-34.0,145.5,2025-09-04,2025-09-09
-34.0,145.5,2025-09-18,2025-09-22
-34.0,145.5,2025-11-10,2025-11-10
-34.0,145.5,2025-12-05,2025-12-07
-34.0,145.5,2026-01-08,2026-01-16
-34.0,145.5,2026-03-06,2026-03-06
-34.0,145.5,2026-04-08,2026-04-21
-34.0,145.5,2026-04-27,2026-04-27
-34.0,146.0,2024-01-22,2024-02-02
-34.0,146.0,2024-02-06,2024-02-19
-34.0,146.0,2024-03-25,2024-04-01
-34.0,146.0,2024-04-08,2024-04-13
-34.0,146.0,2024-04-22,2024-05-02
-34.0,146.0,2024-05-06,2024-05-18
-34.0,146.0,2024-05-26,2024-05-29
-34.0,146.0,2024-06-19,2024-06-28
-34.0,146.0,2024-07-05,2024-07-05
-34.0,146.0,2024-07-30,2024-08-12
-34.0,146.0,2024-08-13,2024-08-13
-34.0,146.0,2024-08-30,2024-09-10
-34.0,146.0,2024-09-16,2024-09-18
-34.0,146.0,2024-09-30,2024-09-30
-34.0,146.0,2024-10-28,2024-10-28
-34.0,146.0,2024-11-14,2024-11-14
-34.0,146.0,2024-12-13,2024-12-18
-34.0,146.0,2024-12-27,2025-01-08
-34.0,146.0,2025-02-01,2025-02-14
-34.0,146.0,2025-02-17,2025-02-27
-34.0,146.0,2025-03-05,2025-03-18
-34.0,146.0,2025-03-19,2025-04-01
-34.0,146.0,2025-04-08,2025-04-17
-34.0,146.0,2025-04-22,2025-05-05
-34.0,146.0,2025-05-08,2025-05-19
-34.0,146.0,2025-05-29,2025-06-11
-34.0,146.0,2025-07-18,2025-07-24
-34.0,146.0,2025-08-09,2025-08-16
-34.0,146.0,2025-08-23,2025-09-05
-34.0,146.0,2025-09-06,2025-09-07
-34.0,146.0,2025-09-23,2025-09-29
-34.0,146.0,2025-12-08,2025-12-08
-34.0,146.0,2026-01-10,2026-01-22
-34.0,146.0,2026-02-04,2026-02-06
-34.0,146.0,2026-02-18,2026-02-18
-34.0,146.0,2026-03-24,2026-03-24
-34.0,146.0,2026-04-07,2026-04-17
-34.0,146.0,2026-04-22,2026-04-27
-34.0,146.5,2024-01-22,2024-01-23
-34.0,146.5,2024-02-17,2024-02-19
-34.0,146.5,2024-03-19,2024-03-26
-34.0,146.5,2024-04-03,2024-04-13
-34.0,146.5,2024-04-18,2024-04-30
-34.0,146.5,2024-05-13,2024-05-18
-34.0,146.5,2024-07-30,2024-08-12
-34.0,146.5,2024-08-22,2024-09-04
-34.0,146.5,2024-09-05,2024-09-10
-34.0,146.5,2024-09-20,2024-09-23
-34.0,146.5,2024-10-31,2024-11-01
-34.0,146.5,2024-11-14,2024-11-14
-34.0,146.5,2025-02-25,2025-03-08
-34.0,146.5,2025-03-17,2025-03-27
-34.0,146.5,2025-04-02,2025-04-15
-34.0,146.5,2025-04-17,2025-04-25
-34.0,146.5,2025-05-01,2025-05-12
-34.0,146.5,2025-05-16,2025-05-25
-34.0,146.5,2025-05-31,2025-05-31
-34.0,146.5,2025-07-01,2025-07-01
-34.0,146.5,2025-07-19,2025-07-31
-34.0,146.5,2025-08-04,2025-08-05
-34.0,146.5,2025-08-19,2025-08-25
-34.0,146.5,2025-09-17,2025-09-29
-34.0,146.5,2026-04-01,2026-04-14
-34.0,146.5,2026-04-15,2026-04-21
-34.0,147.0,2024-02-10,2024-02-23
-34.0,147.0,2024-02-24,2024-03-05
-34.0,147.0,2024-03-10,2024-03-19
-34.0,147.0,2024-03-26,2024-04-04
-34.0,147.0,2024-04-10,2024-04-23
-34.0,147.0,2024-04-30,2024-05-01
-34.0,147.0,2024-05-25,2024-05-25
-34.0,147.0,2024-06-08,2024-06-08
-34.0,147.0,2024-07-04,2024-07-04
-34.0,147.0,2024-07-30,2024-08-09
-34.0,147.0,2024-09-02,2024-09-09
-34.0,147.0,2024-12-24,2024-12-24
-34.0,147.0,2025-03-05,2025-03-18
-34.0,147.0,2025-03-20,2025-04-02
-34.0,147.0,2025-04-03,2025-04-16
-34.0,147.0,2025-04-21,2025-05-04
-34.0,147.0,2025-05-08,2025-05-21
-34.0,147.0,2025-05-25,2025-06-05
-34.0,147.0,2025-07-03,2025-07-15
-34.0,147.0,2025-08-09,2025-08-09
-34.0,147.0,2025-08-25,2025-09-04
-34.0,147.0,2025-09-15,2025-09-25
-34.0,147.0,2025-09-30,2025-10-04
-34.0,147.0,2025-12-09,2025-12-09
-34.0,147.0,2026-02-13,2026-02-13
-34.0,147.0,2026-03-15,2026-03-25
-34.0,147.0,2026-03-30,2026-04-09
-34.0,147.0,2026-04-14,2026-04-23
-34.0,147.5,2024-01-09,2024-01-09
-34.0,147.5,2024-02-09,2024-02-21
-34.0,147.5,2024-02-27,2024-03-08
-34.0,147.5,2024-03-12,2024-03-25
-34.0,147.5,2024-03-26,2024-04-04
-34.0,147.5,2024-04-10,2024-04-23
-34.0,147.5,2024-04-24,2024-05-02
-34.0,147.5,2024-05-08,2024-05-21
-34.0,147.5,2024-05-22,2024-05-28
-34.0,147.5,2024-06-08,2024-06-08
-34.0,147.5,2024-08-03,2024-08-05
-34.0,147.5,2024-08-27,2024-09-08
-34.0,147.5,2024-09-10,2024-09-10
-34.0,147.5,2024-09-28,2024-09-28
-34.0,147.5,2024-11-02,2024-11-13
-34.0,147.5,2024-11-18,2024-11-29
-34.0,147.5,2024-12-10,2024-12-15
-34.0,147.5,2024-12-26,2024-12-31
-34.0,147.5,2025-01-11,2025-01-16
-34.0,147.5,2025-02-18,2025-02-28
-34.0,147.5,2025-03-04,2025-03-17
-34.0,147.5,2025-03-18,2025-03-27
-34.0,147.5,2025-04-01,2025-04-14
-34.0,147.5,2025-04-15,2025-04-25
-34.0,147.5,2025-04-29,2025-05-12
-34.0,147.5,2025-05-14,2025-05-15
-34.0,147.5,2025-05-29,2025-06-05
-34.0,147.5,2025-06-14,2025-06-23
-34.0,147.5,2025-07-18,2025-07-18
-34.0,147.5,2025-08-04,2025-08-04
-34.0,147.5,2025-08-18,2025-08-18
-34.0,147.5,2025-09-03,2025-09-04
-34.0,147.5,2025-09-26,2025-09-27
-34.0,147.5,2025-11-05,2025-11-16
-34.0,147.5,2025-11-21,2025-12-02
-34.0,147.5,2025-12-18,2025-12-29
-34.0,147.5,2026-01-03,2026-01-14
-34.0,147.5,2026-03-13,2026-03-25
-34.0,147.5,2026-04-01,2026-04-14
-34.0,147.5,2026-04-15,2026-04-27
-34.0,148.0,2024-02-20,2024-03-04
-34.0,148.0,2024-03-05,2024-03-18
-34.0,148.0,2024-03-19,2024-04-01
-34.0,148.0,2024-04-03,2024-04-16
-34.0,148.0,2024-04-17,2024-04-28
-34.0,148.0,2024-05-01,2024-05-14
-34.0,148.0,2024-05-15,2024-05-28
-34.0,148.0,2024-06-17,2024-06-25
-34.0,148.0,2024-07-23,2024-08-01
-34.0,148.0,2024-08-06,2024-08-06
-34.0,148.0,2024-08-30,2024-09-10
-34.0,148.0,2024-09-16,2024-09-23
-34.0,148.0,2025-01-18,2025-01-18
-34.0,148.0,2025-02-05,2025-02-18
-34.0,148.0,2025-02-20,2025-03-05
-34.0,148.0,2025-03-06,2025-03-18
-34.0,148.0,2025-03-20,2025-04-02
-34.0,148.0,2025-04-03,2025-04-16
-34.0,148.0,2025-04-17,2025-04-30
-34.0,148.0,2025-05-01,2025-05-14
-34.0,148.0,2025-05-15,2025-05-21
-34.0,148.0,2025-05-30,2025-06-05
-34.0,148.0,2025-06-18,2025-06-20
-34.0,148.0,2025-07-02,2025-07-13
-34.0,148.0,2025-07-20,2025-08-02
-34.0,148.0,2025-08-03,2025-08-08
-34.0,148.0,2025-08-30,2025-09-04
-34.0,148.0,2025-09-20,2025-09-29
-34.0,148.0,2025-10-14,2025-10-14
-34.0,148.0,2026-03-08,2026-03-19
-34.0,148.0,2026-03-23,2026-04-05
-34.0,148.0,2026-04-07,2026-04-20
-34.0,148.0,2026-04-21,2026-04-27
-34.0,148.5,2024-02-19,2024-02-22
-34.0,148.5,2024-03-05,2024-03-18
-34.0,148.5,2024-03-19,2024-04-01
-34.0,148.5,2024-04-03,2024-04-16
-34.0,148.5,2024-04-17,2024-04-28
-34.0,148.5,2024-05-01,2024-05-09
-34.0,148.5,2024-05-17,2024-05-28
-34.0,148.5,2024-06-12,2024-06-24
-34.0,148.5,2024-07-04,2024-07-04
-34.0,148.5,2024-08-02,2024-08-11
-34.0,148.5,2024-09-04,2024-09-17
-34.0,148.5,2024-09-18,2024-09-30
-34.0,148.5,2024-10-04,2024-10-04
-34.0,148.5,2025-01-29,2025-01-29
-34.0,148.5,2025-02-21,2025-03-06
-34.0,148.5,2025-03-09,2025-03-17
-34.0,148.5,2025-03-24,2025-04-04
-34.0,148.5,2025-04-07,2025-04-19
-34.0,148.5,2025-04-21,2025-05-02
-34.0,148.5,2025-05-05,2025-05-11
-34.0,148.5,2025-05-20,2025-05-31
-34.0,148.5,2025-06-03,2025-06-14
-34.0,148.5,2025-06-20,2025-06-29
-34.0,148.5,2025-07-09,2025-07-18
-34.0,148.5,2025-07-31,2025-07-31
-34.0,148.5,2025-08-22,2025-09-02
-34.0,148.5,2025-09-08,2025-09-14
-34.0,148.5,2026-02-16,2026-02-16
-34.0,148.5,2026-03-08,2026-03-14
-34.0,148.5,2026-03-23,2026-04-03
-34.0,148.5,2026-04-07,2026-04-20
-34.0,148.5,2026-04-21,2026-04-27
-34.0,149.0,2024-01-29,2024-02-08
-34.0,149.0,2024-02-21,2024-02-21
-34.0,149.0,2024-03-06,2024-03-13
-34.0,149.0,2024-03-22,2024-04-03
-34.0,149.0,2024-04-12,2024-04-22
-34.0,149.0,2024-05-01,2024-05-01
-34.0,149.0,2024-05-16,2024-05-23
-34.0,149.0,2024-06-15,2024-06-26
-34.0,149.0,2024-07-04,2024-07-04
-34.0,149.0,2024-09-04,2024-09-14
-34.0,149.0,2024-09-23,2024-09-30
-34.0,149.0,2024-12-13,2024-12-13
-34.0,149.0,2025-03-03,2025-03-05
-34.0,149.0,2025-03-18,2025-03-18
-34.0,149.0,2025-04-11,2025-04-18
-34.0,149.0,2025-05-03,2025-05-08
-34.0,149.0,2025-05-17,2025-05-17
-34.0,149.0,2025-05-31,2025-06-04
-34.0,149.0,2025-06-14,2025-06-27
-34.0,149.0,2025-08-11,2025-08-14
-34.0,149.0,2025-08-26,2025-09-05
-34.0,149.0,2025-09-14,2025-09-25
-34.0,149.0,2026-03-25,2026-04-07
-34.0,149.0,2026-04-08,2026-04-08
-34.0,149.0,2026-04-26,2026-04-26
-34.0,149.5,2024-04-13,2024-04-23
-34.0,149.5,2024-05-01,2024-05-01
-34.0,149.5,2024-05-15,2024-05-27
-34.0,149.5,2024-05-29,2024-05-29
-34.0,149.5,2024-06-19,2024-06-19
-34.0,149.5,2024-08-09,2024-08-09
-34.0,149.5,2024-08-31,2024-09-13
-34.0,149.5,2024-09-20,2024-09-22
-34.0,149.5,2025-03-19,2025-03-20
-34.0,149.5,2025-04-04,2025-04-05
-34.0,149.5,2025-05-03,2025-05-16
-34.0,149.5,2025-05-20,2025-05-30
-34.0,149.5,2025-06-03,2025-06-16
-34.0,149.5,2025-06-17,2025-06-30
-34.0,149.5,2025-08-04,2025-08-12
-34.0,149.5,2025-09-02,2025-09-13
-34.0,149.5,2025-09-25,2025-09-28
-34.0,149.5,2025-10-11,2025-10-11
-34.0,149.5,2026-01-08,2026-01-08
-34.0,149.5,2026-03-13,2026-03-13
-34.0,149.5,2026-04-05,2026-04-16
-34.0,149.5,2026-04-19,2026-04-27
-34.0,150.0,2024-02-28,2024-02-28
-34.0,150.0,2024-03-13,2024-03-14
-34.0,150.0,2024-04-13,2024-04-26
-34.0,150.0,2024-05-09,2024-05-09
-34.0,150.0,2024-05-28,2024-05-28
-34.0,150.0,2024-06-27,2024-06-27
-34.0,150.0,2024-09-20,2024-09-22
-34.0,150.0,2024-11-22,2024-11-22
-34.0,150.0,2024-12-10,2024-12-10
-34.0,150.0,2025-05-05,2025-05-12
-34.0,150.0,2025-06-17,2025-06-21
-34.0,150.0,2025-07-23,2025-07-24
-34.0,150.0,2025-09-18,2025-09-30
-34.0,150.0,2025-10-24,2025-11-06
-34.0,150.0,2025-11-10,2025-11-10
-34.0,150.0,2025-11-24,2025-11-24
-34.0,150.0,2026-03-31,2026-04-13
-34.0,150.0,2026-04-19,2026-04-20
-34.0,150.5,2024-01-23,2024-01-29
-34.0,150.5,2024-03-08,2024-03-21
-34.0,150.5,2024-03-26,2024-04-07
-34.0,150.5,2024-04-09,2024-04-09
-34.0,150.5,2024-04-23,2024-04-28
-34.0,150.5,2024-05-08,2024-05-08
-34.0,150.5,2024-05-29,2024-05-29
-34.0,150.5,2024-06-15,2024-06-28
-34.0,150.5,2024-07-17,2024-07-18
-34.0,150.5,2024-08-27,2024-09-04
-34.0,150.5,2024-09-10,2024-09-11
-34.0,150.5,2024-10-03,2024-10-03
-34.0,150.5,2024-10-24,2024-10-30
-34.0,150.5,2024-11-08,2024-11-12
-34.0,150.5,2025-01-20,2025-01-20
-34.0,150.5,2025-03-04,2025-03-04
-34.0,150.5,2025-03-19,2025-03-27
-34.0,150.5,2025-04-06,2025-04-19
-34.0,150.5,2025-04-24,2025-04-24
-34.0,150.5,2025-05-23,2025-05-23
-34.0,150.5,2025-06-16,2025-06-28
-34.0,150.5,2025-07-04,2025-07-04
-34.0,150.5,2025-08-12,2025-08-14
-34.0,150.5,2025-08-31,2025-09-04
-34.0,150.5,2025-09-25,2025-09-26
-34.0,150.5,2026-02-02,2026-02-02
-34.0,150.5,2026-02-24,2026-02-24
-34.0,150.5,2026-04-01,2026-04-12
-34.0,150.5,2026-04-16,2026-04-26
-34.0,151.0,2024-01-12,2024-01-25
-34.0,151.0,2024-01-27,2024-02-03
-34.0,151.0,2024-02-10,2024-02-22
-34.0,151.0,2024-02-24,2024-03-08
-34.0,151.0,2024-03-09,2024-03-22
-34.0,151.0,2024-03-25,2024-04-06
-34.0,151.0,2024-04-08,2024-04-20
-34.0,151.0,2024-04-23,2024-04-29
-34.0,151.0,2024-05-07,2024-05-20
-34.0,151.0,2024-05-21,2024-05-28
-34.0,151.0,2024-06-09,2024-06-22
-34.0,151.0,2024-06-25,2024-06-30
-34.0,151.0,2024-07-18,2024-07-30
-34.0,151.0,2024-08-03,2024-08-09
-34.0,151.0,2024-08-17,2024-08-30
-34.0,151.0,2024-09-01,2024-09-13
-34.0,151.0,2024-09-15,2024-09-28
-34.0,151.0,2024-09-30,2024-10-12
-34.0,151.0,2024-10-22,2024-11-02
-34.0,151.0,2024-11-08,2024-11-21
-34.0,151.0,2024-11-22,2024-12-01
-34.0,151.0,2024-12-07,2024-12-20
-34.0,151.0,2024-12-22,2024-12-29
-34.0,151.0,2025-01-11,2025-01-21
-34.0,151.0,2025-01-26,2025-02-06
-34.0,151.0,2025-02-12,2025-02-23
-34.0,151.0,2025-02-27,2025-03-12
-34.0,151.0,2025-03-13,2025-03-23
-34.0,151.0,2025-03-31,2025-04-13
-34.0,151.0,2025-04-16,2025-04-25
-34.0,151.0,2025-05-02,2025-05-13
-34.0,151.0,2025-05-27,2025-06-09
-34.0,151.0,2025-06-11,2025-06-22
-34.0,151.0,2025-06-25,2025-07-08
-34.0,151.0,2025-07-10,2025-07-21
-34.0,151.0,2025-07-26,2025-08-06
-34.0,151.0,2025-08-11,2025-08-16
-34.0,151.0,2025-08-25,2025-09-07
-34.0,151.0,2025-09-08,2025-09-21
-34.0,151.0,2025-09-22,2025-10-03
-34.0,151.0,2025-10-09,2025-10-20
-34.0,151.0,2025-10-25,2025-11-07
-34.0,151.0,2025-11-08,2025-11-19
-34.0,151.0,2025-11-23,2025-12-05
-34.0,151.0,2025-12-12,2025-12-22
-34.0,151.0,2025-12-26,2026-01-08
-34.0,151.0,2026-01-09,2026-01-13
-34.0,151.0,2026-01-23,2026-02-05
-34.0,151.0,2026-02-09,2026-02-21
-34.0,151.0,2026-02-23,2026-03-08
-34.0,151.0,2026-03-09,2026-03-22
-34.0,151.0,2026-03-23,2026-04-05
-34.0,151.0,2026-04-06,2026-04-19
-34.0,151.0,2026-04-21,2026-04-27
-34.0,151.5,2024-04-29,2024-04-29
-34.0,151.5,2024-09-23,2024-09-23
-33.5,115.0,2024-05-21,2024-05-22
-33.5,115.0,2024-06-14,2024-06-14
-33.5,115.0,2024-06-29,2024-07-04
-33.5,115.0,2024-08-03,2024-08-16
-33.5,115.0,2024-09-10,2024-09-21
-33.5,115.0,2024-09-30,2024-10-10
-33.5,115.0,2025-02-16,2025-02-16
-33.5,115.0,2025-05-15,2025-05-26
-33.5,115.0,2025-06-09,2025-06-21
-33.5,115.0,2025-07-08,2025-07-11
-33.5,115.0,2025-08-16,2025-08-19
-33.5,115.0,2026-04-15,2026-04-15
-33.5,115.5,2024-01-02,2024-01-02
-33.5,115.5,2024-02-27,2024-03-11
-33.5,115.5,2024-03-12,2024-03-21
-33.5,115.5,2024-05-06,2024-05-18
-33.5,115.5,2024-05-22,2024-05-28
-33.5,115.5,2024-06-14,2024-06-18
-33.5,115.5,2024-06-29,2024-06-29
-33.5,115.5,2024-08-03,2024-08-03
-33.5,115.5,2024-09-09,2024-09-22
-33.5,115.5,2024-09-24,2024-10-01
-33.5,115.5,2024-10-12,2024-10-25
-33.5,115.5,2024-10-26,2024-10-28
-33.5,115.5,2024-11-18,2024-11-18
-33.5,115.5,2024-12-13,2024-12-13
-33.5,115.5,2025-01-16,2025-01-18
-33.5,115.5,2025-02-03,2025-02-03
-33.5,115.5,2025-04-01,2025-04-10
-33.5,115.5,2025-04-23,2025-04-26
-33.5,115.5,2025-05-10,2025-05-17
-33.5,115.5,2025-05-28,2025-06-09
-33.5,115.5,2025-06-24,2025-06-24
-33.5,115.5,2025-07-31,2025-08-12
-33.5,115.5,2025-08-23,2025-08-27
-33.5,115.5,2025-09-11,2025-09-23
-33.5,115.5,2025-09-25,2025-09-25
-33.5,115.5,2025-10-14,2025-10-14
-33.5,115.5,2025-10-28,2025-10-29
-33.5,115.5,2026-02-16,2026-02-24
-33.5,115.5,2026-04-12,2026-04-22
-33.5,116.0,2024-01-11,2024-01-17
-33.5,116.0,2024-02-01,2024-02-01
-33.5,116.0,2024-03-04,2024-03-14
-33.5,116.0,2024-03-19,2024-03-23
-33.5,116.0,2024-05-06,2024-05-19
-33.5,116.0,2024-05-20,2024-05-24
-33.5,116.0,2024-06-04,2024-06-15
-33.5,116.0,2024-06-20,2024-07-03
-33.5,116.0,2024-08-09,2024-08-09
-33.5,116.0,2024-09-14,2024-09-25
-33.5,116.0,2024-09-30,2024-10-13
-33.5,116.0,2024-10-23,2024-10-28
-33.5,116.0,2024-11-09,2024-11-18
-33.5,116.0,2024-11-23,2024-12-04
-33.5,116.0,2025-01-01,2025-01-01
-33.5,116.0,2025-01-16,2025-01-16
-33.5,116.0,2025-02-23,2025-02-23
-33.5,116.0,2025-03-10,2025-03-10
-33.5,116.0,2025-04-16,2025-04-29
-33.5,116.0,2025-04-30,2025-05-11
-33.5,116.0,2025-05-14,2025-05-27
-33.5,116.0,2025-05-30,2025-06-10
-33.5,116.0,2025-06-13,2025-06-26
-33.5,116.0,2025-06-27,2025-06-27
-33.5,116.0,2025-08-07,2025-08-07
-33.5,116.0,2025-09-11,2025-09-24
-33.5,116.0,2025-09-25,2025-10-06
-33.5,116.0,2025-10-10,2025-10-23
-33.5,116.0,2025-10-26,2025-11-08
-33.5,116.0,2025-11-09,2025-11-18
-33.5,116.0,2025-12-07,2025-12-09
-33.5,116.0,2025-12-22,2025-12-29
-33.5,116.0,2026-01-17,2026-01-21
-33.5,116.0,2026-02-07,2026-02-08
-33.5,116.0,2026-03-19,2026-03-19
-33.5,116.0,2026-04-07,2026-04-15
-33.5,116.0,2026-04-21,2026-04-25
-33.5,116.5,2024-01-02,2024-01-05
-33.5,116.5,2024-01-17,2024-01-29
-33.5,116.5,2024-03-19,2024-03-19
-33.5,116.5,2024-04-03,2024-04-16
-33.5,116.5,2024-04-18,2024-04-30
-33.5,116.5,2024-05-03,2024-05-16
-33.5,116.5,2024-05-17,2024-05-25
-33.5,116.5,2024-06-04,2024-06-15
-33.5,116.5,2024-06-19,2024-07-02
-33.5,116.5,2024-07-04,2024-07-08
-33.5,116.5,2024-07-30,2024-07-31
-33.5,116.5,2024-09-12,2024-09-25
-33.5,116.5,2024-09-30,2024-09-30
-33.5,116.5,2024-10-16,2024-10-28
-33.5,116.5,2025-01-11,2025-01-11
-33.5,116.5,2025-01-27,2025-01-27
-33.5,116.5,2025-03-01,2025-03-01
-33.5,116.5,2025-04-06,2025-04-19
-33.5,116.5,2025-04-20,2025-05-03
-33.5,116.5,2025-05-06,2025-05-19
-33.5,116.5,2025-05-20,2025-05-31
-33.5,116.5,2025-06-10,2025-06-22
-33.5,116.5,2025-06-25,2025-07-08
-33.5,116.5,2025-07-11,2025-07-16
-33.5,116.5,2025-07-31,2025-08-12
-33.5,116.5,2025-08-14,2025-08-27
-33.5,116.5,2025-08-30,2025-09-11
-33.5,116.5,2025-09-22,2025-10-02
-33.5,116.5,2025-10-15,2025-10-27
-33.5,116.5,2025-11-02,2025-11-02
-33.5,116.5,2025-12-14,2025-12-14
-33.5,116.5,2026-01-04,2026-01-05
-33.5,116.5,2026-02-08,2026-02-09
-33.5,116.5,2026-03-03,2026-03-03
-33.5,116.5,2026-03-31,2026-04-11
-33.5,116.5,2026-04-14,2026-04-26
-33.5,117.0,2024-03-21,2024-04-02
-33.5,117.0,2024-04-06,2024-04-19
-33.5,117.0,2024-04-20,2024-05-03
-33.5,117.0,2024-05-04,2024-05-17
-33.5,117.0,2024-05-18,2024-05-29
-33.5,117.0,2024-06-05,2024-06-18
-33.5,117.0,2024-06-20,2024-07-03
-33.5,117.0,2024-07-04,2024-07-09
-33.5,117.0,2024-07-20,2024-08-01
-33.5,117.0,2024-08-03,2024-08-16
-33.5,117.0,2024-08-30,2024-09-12
-33.5,117.0,2024-09-13,2024-09-22
-33.5,117.0,2024-12-15,2024-12-15
-33.5,117.0,2025-01-24,2025-01-24
-33.5,117.0,2025-03-15,2025-03-27
-33.5,117.0,2025-03-30,2025-04-12
-33.5,117.0,2025-04-14,2025-04-27
-33.5,117.0,2025-04-28,2025-05-10
-33.5,117.0,2025-05-12,2025-05-24
-33.5,117.0,2025-05-26,2025-05-31
-33.5,117.0,2025-06-09,2025-06-21
-33.5,117.0,2025-06-24,2025-06-30
-33.5,117.0,2025-07-10,2025-07-22
-33.5,117.0,2025-07-26,2025-08-07
-33.5,117.0,2025-08-12,2025-08-12
-33.5,117.0,2025-08-28,2025-08-31
-33.5,117.0,2025-09-21,2025-09-29
-33.5,117.0,2026-03-16,2026-03-19
-33.5,117.0,2026-03-30,2026-04-12
-33.5,117.0,2026-04-14,2026-04-26
-33.5,117.5,2024-03-04,2024-03-17
-33.5,117.5,2024-03-25,2024-04-04
-33.5,117.5,2024-04-09,2024-04-21
-33.5,117.5,2024-04-26,2024-05-08
-33.5,117.5,2024-05-11,2024-05-24
-33.5,117.5,2024-05-29,2024-06-07
-33.5,117.5,2024-06-12,2024-06-22
-33.5,117.5,2024-06-30,2024-07-04
-33.5,117.5,2024-08-05,2024-08-05
-33.5,117.5,2024-09-06,2024-09-16
-33.5,117.5,2025-03-18,2025-03-31
-33.5,117.5,2025-04-06,2025-04-18
-33.5,117.5,2025-04-20,2025-05-02
-33.5,117.5,2025-05-04,2025-05-16
-33.5,117.5,2025-05-18,2025-05-21
-33.5,117.5,2025-06-13,2025-06-13
-33.5,117.5,2025-07-01,2025-07-01
-33.5,117.5,2025-07-19,2025-07-25
-33.5,117.5,2025-08-06,2025-08-12
-33.5,117.5,2025-09-24,2025-09-25
-33.5,117.5,2026-04-01,2026-04-14
-33.5,117.5,2026-04-16,2026-04-26
-33.5,118.0,2024-03-21,2024-04-03
-33.5,118.0,2024-04-04,2024-04-17
-33.5,118.0,2024-04-18,2024-04-26
-33.5,118.0,2024-05-08,2024-05-18
-33.5,118.0,2024-05-22,2024-05-26
-33.5,118.0,2024-06-21,2024-06-27
-33.5,118.0,2024-07-30,2024-08-11
-33.5,118.0,2024-09-17,2024-09-17
-33.5,118.0,2024-12-19,2024-12-19
-33.5,118.0,2025-01-24,2025-01-24
-33.5,118.0,2025-04-01,2025-04-11
-33.5,118.0,2025-04-15,2025-04-28
-33.5,118.0,2025-04-29,2025-05-12
-33.5,118.0,2025-05-20,2025-05-28
-33.5,118.0,2025-06-09,2025-06-09
-33.5,118.0,2025-08-15,2025-08-15
-33.5,118.0,2025-09-01,2025-09-11
-33.5,118.0,2025-09-25,2025-09-25
-33.5,118.0,2025-10-11,2025-10-11
-33.5,118.0,2025-12-03,2025-12-04
-33.5,118.0,2026-03-31,2026-04-12
-33.5,118.0,2026-04-14,2026-04-25
-33.5,118.5,2024-03-21,2024-03-27
-33.5,118.5,2024-04-04,2024-04-17
-33.5,118.5,2024-04-18,2024-04-25
-33.5,118.5,2024-05-06,2024-05-17
-33.5,118.5,2024-09-20,2024-09-20
-33.5,118.5,2025-01-07,2025-01-07
-33.5,118.5,2025-04-02,2025-04-15
-33.5,118.5,2025-05-05,2025-05-15
-33.5,118.5,2025-05-21,2025-05-28
-33.5,118.5,2025-06-28,2025-06-28
-33.5,118.5,2025-08-13,2025-08-13
-33.5,118.5,2025-08-29,2025-08-29
-33.5,118.5,2025-09-24,2025-09-24
-33.5,118.5,2026-04-07,2026-04-14
-33.5,118.5,2026-04-26,2026-04-26
-33.5,119.0,2024-03-21,2024-03-21
-33.5,119.0,2024-04-17,2024-04-27
-33.5,119.0,2024-05-23,2024-05-23
-33.5,119.0,2024-08-31,2024-09-11
-33.5,119.0,2024-11-27,2024-11-27
-33.5,119.0,2025-03-25,2025-04-03
-33.5,119.0,2025-04-09,2025-04-10
-33.5,119.0,2025-04-25,2025-04-25
-33.5,119.0,2025-05-12,2025-05-12
-33.5,119.0,2025-08-31,2025-08-31
-33.5,119.0,2026-04-01,2026-04-10
-33.5,119.5,2024-03-07,2024-03-20
-33.5,119.5,2024-03-26,2024-04-08
-33.5,119.5,2024-04-17,2024-04-27
-33.5,119.5,2024-05-14,2024-05-14
-33.5,119.5,2024-08-09,2024-08-09
-33.5,119.5,2025-03-21,2025-03-25
-33.5,119.5,2025-04-10,2025-04-10
-33.5,119.5,2025-06-26,2025-06-26
-33.5,119.5,2025-07-17,2025-07-17
-33.5,119.5,2025-08-12,2025-08-21
-33.5,119.5,2025-10-07,2025-10-07
-33.5,119.5,2025-12-01,2025-12-10
-33.5,119.5,2026-01-16,2026-01-24
-33.5,119.5,2026-03-18,2026-03-18
-33.5,119.5,2026-04-13,2026-04-26
-33.5,120.0,2024-03-25,2024-04-04
-33.5,120.0,2024-04-19,2024-04-29
-33.5,120.0,2024-05-11,2024-05-22
-33.5,120.0,2025-03-17,2025-03-17
-33.5,120.0,2025-04-23,2025-04-23
-33.5,120.0,2025-05-17,2025-05-19
-33.5,120.0,2025-08-29,2025-09-11
-33.5,120.0,2025-09-23,2025-09-23
-33.5,120.0,2026-01-22,2026-02-02
-33.5,120.0,2026-04-04,2026-04-11
-33.5,120.0,2026-04-20,2026-04-22
-33.5,120.5,2024-03-15,2024-03-19
-33.5,120.5,2024-04-10,2024-04-16
-33.5,120.5,2024-05-18,2024-05-21
-33.5,120.5,2024-07-01,2024-07-01
-33.5,120.5,2024-08-08,2024-08-21
-33.5,120.5,2024-09-13,2024-09-13
-33.5,120.5,2024-09-30,2024-09-30
-33.5,120.5,2024-12-14,2024-12-14
-33.5,120.5,2025-03-17,2025-03-17
-33.5,120.5,2025-04-10,2025-04-10
-33.5,120.5,2025-05-02,2025-05-12
-33.5,120.5,2025-05-18,2025-05-18
-33.5,120.5,2025-08-01,2025-08-01
-33.5,120.5,2026-04-22,2026-04-22
-33.5,121.0,2024-03-25,2024-04-03
-33.5,121.0,2024-04-16,2024-04-18
-33.5,121.0,2024-05-14,2024-05-27
-33.5,121.0,2024-07-30,2024-07-30
-33.5,121.0,2024-10-15,2024-10-15
-33.5,121.0,2024-11-07,2024-11-07
-33.5,121.0,2025-01-04,2025-01-04
-33.5,121.0,2025-01-31,2025-02-11
-33.5,121.0,2025-04-10,2025-04-11
-33.5,121.0,2025-04-30,2025-05-13
-33.5,121.0,2025-05-21,2025-05-31
-33.5,121.0,2025-08-26,2025-08-26
-33.5,121.0,2025-09-26,2025-09-26
-33.5,121.0,2025-12-01,2025-12-01
-33.5,121.0,2026-04-08,2026-04-21
-33.5,121.0,2026-04-24,2026-04-25
-33.5,121.5,2024-03-09,2024-03-22
-33.5,121.5,2024-03-24,2024-04-03
-33.5,121.5,2024-04-17,2024-04-17
-33.5,121.5,2024-05-05,2024-05-17
-33.5,121.5,2024-05-22,2024-05-22
-33.5,121.5,2024-06-05,2024-06-05
-33.5,121.5,2024-06-27,2024-07-04
-33.5,121.5,2024-08-05,2024-08-16
-33.5,121.5,2024-08-26,2024-09-06
-33.5,121.5,2024-09-13,2024-09-25
-33.5,121.5,2024-12-02,2024-12-02
-33.5,121.5,2025-04-10,2025-04-11
-33.5,121.5,2025-04-29,2025-05-12
-33.5,121.5,2025-05-31,2025-06-13
-33.5,121.5,2025-06-26,2025-07-01
-33.5,121.5,2025-09-01,2025-09-11
-33.5,121.5,2025-09-22,2025-09-22
-33.5,121.5,2025-10-07,2025-10-15
-33.5,121.5,2026-03-31,2026-04-04
-33.5,121.5,2026-04-14,2026-04-26
-33.5,122.0,2024-03-20,2024-04-02
-33.5,122.0,2024-04-04,2024-04-17
-33.5,122.0,2024-04-18,2024-05-01
-33.5,122.0,2024-05-03,2024-05-14
-33.5,122.0,2024-05-17,2024-05-27
-33.5,122.0,2024-06-04,2024-06-05
-33.5,122.0,2024-06-18,2024-07-01
-33.5,122.0,2024-07-02,2024-07-08
-33.5,122.0,2024-07-21,2024-07-31
-33.5,122.0,2024-08-10,2024-08-10
-33.5,122.0,2024-09-04,2024-09-17
-33.5,122.0,2025-04-01,2025-04-12
-33.5,122.0,2025-04-21,2025-04-22
-33.5,122.0,2025-05-07,2025-05-16
-33.5,122.0,2025-05-21,2025-05-29
-33.5,122.0,2025-07-17,2025-07-30
-33.5,122.0,2025-08-17,2025-08-24
-33.5,122.0,2025-09-03,2025-09-12
-33.5,122.0,2025-09-22,2025-09-28
-33.5,122.0,2025-10-07,2025-10-17
-33.5,122.0,2025-10-29,2025-11-04
-33.5,122.0,2025-11-15,2025-11-15
-33.5,122.0,2025-12-14,2025-12-14
-33.5,122.0,2026-01-21,2026-01-21
-33.5,122.0,2026-03-17,2026-03-17
-33.5,122.0,2026-04-12,2026-04-20
-33.5,122.5,2024-02-27,2024-02-27
-33.5,122.5,2024-03-20,2024-04-02
-33.5,122.5,2024-04-05,2024-04-17
-33.5,122.5,2024-04-26,2024-05-04
-33.5,122.5,2024-05-14,2024-05-22
-33.5,122.5,2024-06-05,2024-06-05
-33.5,122.5,2024-08-31,2024-09-12
-33.5,122.5,2024-10-02,2024-10-02
-33.5,122.5,2024-12-04,2024-12-04
-33.5,122.5,2025-04-01,2025-04-11
-33.5,122.5,2025-04-21,2025-05-04
-33.5,122.5,2025-05-12,2025-05-19
-33.5,122.5,2025-09-23,2025-10-04
-33.5,122.5,2025-10-29,2025-11-04
-33.5,122.5,2026-03-03,2026-03-16
-33.5,122.5,2026-03-18,2026-03-22
-33.5,122.5,2026-04-01,2026-04-13
-33.5,122.5,2026-04-16,2026-04-26
-33.5,123.0,2024-02-06,2024-02-06
-33.5,123.0,2024-03-07,2024-03-19
-33.5,123.0,2024-04-03,2024-04-04
-33.5,123.0,2024-04-17,2024-04-17
-33.5,123.0,2024-05-03,2024-05-03
-33.5,123.0,2024-08-01,2024-08-13
-33.5,123.0,2024-09-02,2024-09-02
-33.5,123.0,2024-09-17,2024-09-28
-33.5,123.0,2025-04-09,2025-04-10
-33.5,123.0,2025-05-11,2025-05-21
-33.5,123.0,2025-05-27,2025-06-04
-33.5,123.0,2025-07-08,2025-07-08
-33.5,123.0,2025-08-21,2025-08-21
-33.5,123.0,2025-09-05,2025-09-05
-33.5,123.0,2025-09-24,2025-09-24
-33.5,123.0,2026-01-16,2026-01-18
-33.5,123.0,2026-04-01,2026-04-11
-33.5,123.5,2026-01-17,2026-01-18
-33.5,124.0,2026-04-21,2026-04-21
-33.5,135.0,2024-04-15,2024-04-22
-33.5,135.0,2024-05-03,2024-05-06
-33.5,135.0,2024-05-28,2024-05-28
-33.5,135.0,2024-07-31,2024-07-31
-33.5,135.0,2025-06-21,2025-06-21
-33.5,135.0,2025-07-15,2025-07-15
-33.5,135.0,2025-08-22,2025-08-22
-33.5,135.5,2024-05-10,2024-05-10
-33.5,135.5,2024-05-26,2024-05-26
-33.5,135.5,2025-10-20,2025-10-20
-33.5,136.0,2024-04-26,2024-05-06
-33.5,136.0,2024-05-23,2024-05-23
-33.5,136.0,2025-04-11,2025-04-23
-33.5,136.0,2025-09-23,2025-09-23
-33.5,136.0,2025-10-08,2025-10-08
-33.5,136.5,2024-03-18,2024-03-25
-33.5,136.5,2024-04-06,2024-04-13
-33.5,136.5,2024-05-06,2024-05-19
-33.5,136.5,2024-05-27,2024-05-27
-33.5,136.5,2024-08-24,2024-08-24
-33.5,136.5,2024-09-16,2024-09-16
-33.5,136.5,2024-10-24,2024-10-24
-33.5,136.5,2025-03-25,2025-03-26
-33.5,136.5,2025-04-09,2025-04-09
-33.5,136.5,2025-05-13,2025-05-13
-33.5,136.5,2025-08-16,2025-08-16
-33.5,136.5,2026-04-20,2026-04-20
-33.5,137.0,2024-04-05,2024-04-05
-33.5,137.0,2024-05-07,2024-05-09
-33.5,137.0,2024-08-23,2024-08-23
-33.5,137.0,2025-03-20,2025-03-20
-33.5,137.0,2025-06-20,2025-06-20
-33.5,137.0,2025-08-11,2025-08-11
-33.5,137.0,2025-09-22,2025-09-24
-33.5,137.0,2026-03-14,2026-03-14
-33.5,137.0,2026-04-15,2026-04-15
-33.5,138.0,2024-04-05,2024-04-15
-33.5,138.0,2024-04-22,2024-05-04
-33.5,138.0,2024-05-28,2024-05-28
-33.5,138.0,2024-08-23,2024-08-23
-33.5,138.0,2025-05-12,2025-05-12
-33.5,138.0,2025-06-08,2025-06-08
-33.5,138.0,2025-08-02,2025-08-02
-33.5,138.0,2025-08-23,2025-08-23
-33.5,138.0,2026-04-20,2026-04-22
-33.5,138.5,2024-04-05,2024-04-17
-33.5,138.5,2024-04-22,2024-05-03
-33.5,138.5,2024-05-07,2024-05-19
-33.5,138.5,2024-05-21,2024-05-21
-33.5,138.5,2024-06-07,2024-06-07
-33.5,138.5,2024-07-02,2024-07-03
-33.5,138.5,2024-08-07,2024-08-11
-33.5,138.5,2024-09-07,2024-09-07
-33.5,138.5,2024-10-14,2024-10-14
-33.5,138.5,2024-11-19,2024-11-19
-33.5,138.5,2025-01-03,2025-01-09
-33.5,138.5,2025-04-30,2025-05-12
-33.5,138.5,2025-05-19,2025-05-19
-33.5,138.5,2025-06-13,2025-06-23
-33.5,138.5,2025-08-23,2025-08-23
-33.5,138.5,2025-09-08,2025-09-08
-33.5,138.5,2026-04-16,2026-04-22
-33.5,139.0,2024-04-11,2024-04-16
-33.5,139.0,2024-05-02,2024-05-02
-33.5,139.0,2024-09-09,2024-09-09
-33.5,139.0,2025-12-01,2025-12-08
-33.5,139.0,2025-12-15,2025-12-15
-33.5,139.0,2026-04-22,2026-04-22
-33.5,140.5,2024-04-23,2024-04-23
-33.5,140.5,2025-10-26,2025-10-26
-33.5,140.5,2026-03-30,2026-03-31
-33.5,141.0,2025-05-03,2025-05-04
-33.5,141.0,2026-03-31,2026-03-31
-33.5,141.5,2024-03-22,2024-03-26
-33.5,141.5,2025-07-11,2025-07-11
-33.5,141.5,2025-09-13,2025-09-13
-33.5,141.5,2026-04-26,2026-04-26
-33.5,142.0,2024-09-09,2024-09-09
-33.5,142.0,2025-04-23,2025-04-23
-33.5,142.0,2025-06-10,2025-06-20
-33.5,142.0,2025-07-03,2025-07-03
-33.5,142.0,2025-09-04,2025-09-08
-33.5,142.0,2025-10-07,2025-10-07
-33.5,142.0,2026-03-24,2026-03-30
-33.5,142.5,2024-03-25,2024-04-04
-33.5,142.5,2024-04-15,2024-04-15
-33.5,142.5,2024-05-27,2024-05-29
-33.5,142.5,2024-06-25,2024-07-04
-33.5,142.5,2024-07-30,2024-07-30
-33.5,142.5,2024-08-13,2024-08-14
-33.5,142.5,2024-09-05,2024-09-12
-33.5,142.5,2025-02-09,2025-02-09
-33.5,142.5,2025-03-23,2025-04-04
-33.5,142.5,2025-04-08,2025-04-17
-33.5,142.5,2025-04-22,2025-05-01
-33.5,142.5,2025-05-11,2025-05-20
-33.5,142.5,2025-05-30,2025-06-04
-33.5,142.5,2025-06-28,2025-07-10
-33.5,142.5,2025-07-16,2025-07-17
-33.5,142.5,2025-08-15,2025-08-20
-33.5,142.5,2025-09-09,2025-09-18
-33.5,142.5,2025-10-02,2025-10-14
-33.5,142.5,2025-11-10,2025-11-14
-33.5,142.5,2025-12-14,2025-12-14
-33.5,142.5,2026-02-03,2026-02-07
-33.5,142.5,2026-02-18,2026-02-19
-33.5,142.5,2026-04-23,2026-04-23
-33.5,143.0,2024-05-27,2024-05-27
-33.5,143.5,2024-01-02,2024-01-05
-33.5,143.5,2024-05-18,2024-05-18
-33.5,143.5,2024-06-27,2024-07-06
-33.5,143.5,2024-08-03,2024-08-03
-33.5,143.5,2024-09-05,2024-09-05
-33.5,143.5,2026-01-02,2026-01-02
-33.5,144.5,2025-04-10,2025-04-10
-33.5,145.0,2025-01-13,2025-01-13
-33.5,145.0,2025-04-09,2025-04-09
-33.5,145.0,2025-06-13,2025-06-13
-33.5,145.0,2025-07-12,2025-07-12
-33.5,145.5,2024-01-03,2024-01-03
-33.5,145.5,2024-01-19,2024-02-01
-33.5,145.5,2024-02-07,2024-02-10
-33.5,145.5,2024-02-22,2024-02-27
-33.5,145.5,2024-03-08,2024-03-18
-33.5,145.5,2024-03-26,2024-04-04
-33.5,145.5,2024-04-09,2024-04-20
-33.5,145.5,2024-04-24,2024-05-07
-33.5,145.5,2024-09-01,2024-09-04
-33.5,145.5,2024-09-28,2024-09-28
-33.5,145.5,2024-10-25,2024-11-02
-33.5,145.5,2024-11-18,2024-11-23
-33.5,145.5,2024-12-04,2024-12-15
-33.5,145.5,2024-12-20,2024-12-31
-33.5,145.5,2025-01-16,2025-01-23
-33.5,145.5,2025-02-24,2025-02-24
-33.5,145.5,2025-03-13,2025-03-19
-33.5,145.5,2025-04-02,2025-04-15
-33.5,145.5,2025-04-16,2025-04-24
-33.5,145.5,2025-05-05,2025-05-14
-33.5,145.5,2025-06-05,2025-06-05
-33.5,145.5,2025-07-16,2025-07-24
-33.5,145.5,2025-08-19,2025-08-19
-33.5,145.5,2025-09-04,2025-09-17
-33.5,145.5,2025-09-20,2025-09-26
-33.5,145.5,2025-10-13,2025-10-19
-33.5,145.5,2025-11-10,2025-11-10
-33.5,145.5,2025-12-07,2025-12-07
-33.5,145.5,2025-12-23,2025-12-23
-33.5,145.5,2026-01-08,2026-01-14
-33.5,145.5,2026-01-24,2026-01-29
-33.5,145.5,2026-03-25,2026-03-25
-33.5,145.5,2026-04-13,2026-04-23
-33.5,146.0,2024-03-19,2024-03-29
-33.5,146.0,2024-04-03,2024-04-16
-33.5,146.0,2024-04-18,2024-05-01
-33.5,146.0,2024-07-04,2024-07-06
-33.5,146.0,2024-08-01,2024-08-06
-33.5,146.0,2024-09-05,2024-09-17
-33.5,146.0,2024-09-23,2024-10-02
-33.5,146.0,2025-01-24,2025-01-26
-33.5,146.0,2025-02-12,2025-02-12
-33.5,146.0,2025-03-06,2025-03-18
-33.5,146.0,2025-03-27,2025-04-07
-33.5,146.0,2025-04-10,2025-04-23
-33.5,146.0,2025-04-24,2025-05-05
-33.5,146.0,2025-05-10,2025-05-17
-33.5,146.0,2025-06-03,2025-06-13
-33.5,146.0,2025-06-30,2025-07-02
-33.5,146.0,2025-08-09,2025-08-22
-33.5,146.0,2025-08-24,2025-09-06
-33.5,146.0,2025-09-09,2025-09-09
-33.5,146.0,2025-09-25,2025-09-30
-33.5,146.0,2026-03-13,2026-03-13
-33.5,146.0,2026-03-29,2026-04-09
-33.5,146.0,2026-04-14,2026-04-21
-33.5,146.5,2024-01-12,2024-01-22
-33.5,146.5,2024-02-08,2024-02-20
-33.5,146.5,2024-02-27,2024-03-07
-33.5,146.5,2024-03-12,2024-03-25
-33.5,146.5,2024-03-27,2024-04-03
-33.5,146.5,2024-04-11,2024-04-24
-33.5,146.5,2024-04-28,2024-05-08
-33.5,146.5,2024-07-31,2024-07-31
-33.5,146.5,2024-09-23,2024-09-30
-33.5,146.5,2024-10-11,2024-10-11
-33.5,146.5,2025-02-12,2025-02-24
-33.5,146.5,2025-02-26,2025-03-11
-33.5,146.5,2025-03-12,2025-03-24
-33.5,146.5,2025-03-26,2025-04-08
-33.5,146.5,2025-04-09,2025-04-17
-33.5,146.5,2025-04-23,2025-05-04
-33.5,146.5,2025-05-09,2025-05-15
-33.5,146.5,2025-06-03,2025-06-11
-33.5,146.5,2025-06-26,2025-06-26
-33.5,146.5,2025-07-11,2025-07-24
-33.5,146.5,2025-08-03,2025-08-14
-33.5,146.5,2025-08-19,2025-08-30
-33.5,146.5,2025-09-04,2025-09-09
-33.5,146.5,2025-09-26,2025-09-26
-33.5,146.5,2026-04-02,2026-04-14
-33.5,146.5,2026-04-21,2026-04-27
-33.5,147.0,2024-02-01,2024-02-10
-33.5,147.0,2024-03-07,2024-03-19
-33.5,147.0,2024-03-22,2024-04-03
-33.5,147.0,2024-04-14,2024-04-27
-33.5,147.0,2024-04-28,2024-05-01
-33.5,147.0,2024-05-17,2024-05-18
-33.5,147.0,2024-07-29,2024-08-11
-33.5,147.0,2024-08-16,2024-08-29
-33.5,147.0,2024-09-03,2024-09-16
-33.5,147.0,2024-09-17,2024-09-30
-33.5,147.0,2025-02-12,2025-02-13
-33.5,147.0,2025-03-03,2025-03-13
-33.5,147.0,2025-03-18,2025-03-27
-33.5,147.0,2025-04-01,2025-04-13
-33.5,147.0,2025-04-15,2025-04-25
-33.5,147.0,2025-04-30,2025-05-12
-33.5,147.0,2025-05-15,2025-05-20
-33.5,147.0,2025-05-31,2025-06-04
-33.5,147.0,2025-06-18,2025-07-01
-33.5,147.0,2025-07-23,2025-08-03
-33.5,147.0,2025-08-09,2025-08-18
-33.5,147.0,2025-08-28,2025-09-06
-33.5,147.0,2025-09-12,2025-09-24
-33.5,147.0,2025-09-26,2025-10-01
-33.5,147.0,2025-10-16,2025-10-24
-33.5,147.0,2026-03-09,2026-03-14
-33.5,147.0,2026-03-30,2026-04-09
-33.5,147.0,2026-04-13,2026-04-25
-33.5,147.5,2024-01-09,2024-01-15
-33.5,147.5,2024-01-29,2024-02-01
-33.5,147.5,2024-02-12,2024-02-21
-33.5,147.5,2024-02-27,2024-03-07
-33.5,147.5,2024-03-13,2024-03-26
-33.5,147.5,2024-03-27,2024-04-09
-33.5,147.5,2024-04-10,2024-04-23
-33.5,147.5,2024-04-30,2024-05-07
-33.5,147.5,2024-05-17,2024-05-27
-33.5,147.5,2024-07-01,2024-07-04
-33.5,147.5,2024-08-01,2024-08-12
-33.5,147.5,2024-08-15,2024-08-28
-33.5,147.5,2024-09-03,2024-09-16
-33.5,147.5,2024-09-17,2024-09-23
-33.5,147.5,2024-11-13,2024-11-13
-33.5,147.5,2024-12-10,2024-12-17
-33.5,147.5,2024-12-26,2024-12-26
-33.5,147.5,2025-01-11,2025-01-11
-33.5,147.5,2025-01-25,2025-02-07
-33.5,147.5,2025-02-17,2025-02-28
-33.5,147.5,2025-03-03,2025-03-15
-33.5,147.5,2025-03-17,2025-03-30
-33.5,147.5,2025-03-31,2025-04-13
-33.5,147.5,2025-04-14,2025-04-25
-33.5,147.5,2025-04-29,2025-05-09
-33.5,147.5,2025-05-14,2025-05-21
-33.5,147.5,2025-05-29,2025-06-11
-33.5,147.5,2025-06-18,2025-07-01
-33.5,147.5,2025-07-04,2025-07-04
-33.5,147.5,2025-07-18,2025-07-21
-33.5,147.5,2025-08-05,2025-08-15
-33.5,147.5,2025-08-22,2025-09-03
-33.5,147.5,2025-09-15,2025-09-28
-33.5,147.5,2025-10-01,2025-10-01
-33.5,147.5,2025-11-16,2025-11-27
-33.5,147.5,2025-12-02,2025-12-07
-33.5,147.5,2025-12-29,2025-12-29
-33.5,147.5,2026-01-14,2026-01-14
-33.5,147.5,2026-02-19,2026-02-19
-33.5,147.5,2026-03-24,2026-04-06
-33.5,147.5,2026-04-07,2026-04-16
-33.5,147.5,2026-04-21,2026-04-27
-33.5,148.0,2024-01-22,2024-02-02
-33.5,148.0,2024-02-12,2024-02-22
-33.5,148.0,2024-03-04,2024-03-13
-33.5,148.0,2024-03-19,2024-04-01
-33.5,148.0,2024-04-02,2024-04-13
-33.5,148.0,2024-04-21,2024-05-02
-33.5,148.0,2024-05-08,2024-05-14
-33.5,148.0,2024-05-22,2024-05-29
-33.5,148.0,2024-06-08,2024-06-17
-33.5,148.0,2024-06-27,2024-07-02
-33.5,148.0,2024-07-22,2024-07-22
-33.5,148.0,2024-08-11,2024-08-12
-33.5,148.0,2024-08-28,2024-09-05
-33.5,148.0,2024-09-17,2024-09-30
-33.5,148.0,2024-10-25,2024-10-26
-33.5,148.0,2025-02-13,2025-02-20
-33.5,148.0,2025-03-03,2025-03-15
-33.5,148.0,2025-03-18,2025-03-27
-33.5,148.0,2025-04-01,2025-04-14
-33.5,148.0,2025-04-16,2025-04-25
-33.5,148.0,2025-05-06,2025-05-18
-33.5,148.0,2025-05-30,2025-06-06
-33.5,148.0,2025-06-16,2025-06-27
-33.5,148.0,2025-06-30,2025-07-13
-33.5,148.0,2025-08-07,2025-08-08
-33.5,148.0,2025-09-05,2025-09-06
-33.5,148.0,2025-10-03,2025-10-03
-33.5,148.0,2026-01-10,2026-01-10
-33.5,148.0,2026-03-07,2026-03-13
-33.5,148.0,2026-04-02,2026-04-14
-33.5,148.0,2026-04-16,2026-04-27
-33.5,148.5,2024-01-25,2024-01-25
-33.5,148.5,2024-02-26,2024-03-05
-33.5,148.5,2024-03-11,2024-03-22
-33.5,148.5,2024-03-25,2024-04-03
-33.5,148.5,2024-04-08,2024-04-21
-33.5,148.5,2024-04-22,2024-05-03
-33.5,148.5,2024-05-06,2024-05-17
-33.5,148.5,2024-05-20,2024-05-28
-33.5,148.5,2024-06-28,2024-06-28
-33.5,148.5,2024-07-22,2024-08-02
-33.5,148.5,2024-08-07,2024-08-07
-33.5,148.5,2024-09-10,2024-09-20
-33.5,148.5,2025-02-27,2025-03-06
-33.5,148.5,2025-03-17,2025-03-27
-33.5,148.5,2025-04-02,2025-04-15
-33.5,148.5,2025-04-16,2025-04-29
-33.5,148.5,2025-05-01,2025-05-14
-33.5,148.5,2025-05-15,2025-05-21
-33.5,148.5,2025-05-31,2025-06-05
-33.5,148.5,2025-07-09,2025-07-21
-33.5,148.5,2025-08-07,2025-08-14
-33.5,148.5,2025-08-24,2025-09-06
-33.5,148.5,2025-09-12,2025-09-25
-33.5,148.5,2025-09-26,2025-09-26
-33.5,148.5,2025-11-10,2025-11-10
-33.5,148.5,2026-03-14,2026-03-25
-33.5,148.5,2026-03-30,2026-04-11
-33.5,148.5,2026-04-13,2026-04-23
-33.5,149.0,2024-02-02,2024-02-02
-33.5,149.0,2024-03-13,2024-03-26
-33.5,149.0,2024-03-27,2024-04-01
-33.5,149.0,2024-04-10,2024-04-23
-33.5,149.0,2024-04-25,2024-04-28
-33.5,149.0,2024-05-13,2024-05-22
-33.5,149.0,2024-05-27,2024-05-29
-33.5,149.0,2024-06-28,2024-07-05
-33.5,149.0,2024-07-22,2024-07-30
-33.5,149.0,2024-08-10,2024-08-14
-33.5,149.0,2024-08-30,2024-09-10
-33.5,149.0,2024-09-18,2024-09-28
-33.5,149.0,2024-10-07,2024-10-07
-33.5,149.0,2024-10-30,2024-10-30
-33.5,149.0,2025-03-07,2025-03-07
-33.5,149.0,2025-04-01,2025-04-11
-33.5,149.0,2025-04-15,2025-04-25
-33.5,149.0,2025-05-03,2025-05-12
-33.5,149.0,2025-05-18,2025-05-31
-33.5,149.0,2025-06-05,2025-06-05
-33.5,149.0,2025-06-21,2025-06-21
-33.5,149.0,2025-07-18,2025-07-23
-33.5,149.0,2025-08-24,2025-09-04
-33.5,149.0,2025-09-09,2025-09-09
-33.5,149.0,2025-09-26,2025-10-05
-33.5,149.0,2025-10-25,2025-10-25
-33.5,149.0,2025-12-19,2025-12-19
-33.5,149.0,2026-02-11,2026-02-11
-33.5,149.0,2026-03-30,2026-04-11
-33.5,149.0,2026-04-14,2026-04-27
-33.5,149.5,2024-04-27,2024-04-27
-33.5,149.5,2024-05-15,2024-05-28
-33.5,149.5,2024-05-29,2024-05-29
-33.5,149.5,2024-06-25,2024-07-03
-33.5,149.5,2024-07-21,2024-07-21
-33.5,149.5,2024-08-05,2024-08-07
-33.5,149.5,2024-08-21,2024-08-31
-33.5,149.5,2024-09-04,2024-09-16
-33.5,149.5,2024-09-20,2024-09-22
-33.5,149.5,2025-03-20,2025-03-20
-33.5,149.5,2025-04-05,2025-04-05
-33.5,149.5,2025-04-21,2025-04-21
-33.5,149.5,2025-05-15,2025-05-15
-33.5,149.5,2025-05-31,2025-05-31
-33.5,149.5,2025-06-21,2025-06-23
-33.5,149.5,2025-07-18,2025-07-18
-33.5,149.5,2025-08-04,2025-08-15
-33.5,149.5,2025-08-19,2025-08-28
-33.5,149.5,2025-09-08,2025-09-08
-33.5,149.5,2025-09-29,2025-10-11
-33.5,149.5,2025-10-24,2025-10-24
-33.5,149.5,2026-01-09,2026-01-09
-33.5,149.5,2026-04-01,2026-04-01
-33.5,149.5,2026-04-26,2026-04-26
-33.5,150.0,2024-01-21,2024-01-21
-33.5,150.0,2024-04-21,2024-04-21
-33.5,150.0,2024-05-14,2024-05-23
-33.5,150.0,2024-05-28,2024-06-09
-33.5,150.0,2024-07-06,2024-07-06
-33.5,150.0,2024-08-27,2024-09-05
-33.5,150.0,2024-09-13,2024-09-22
-33.5,150.0,2024-11-09,2024-11-09
-33.5,150.0,2024-12-11,2024-12-11
-33.5,150.0,2025-03-01,2025-03-02
-33.5,150.0,2025-04-08,2025-04-19
-33.5,150.0,2025-04-29,2025-05-12
-33.5,150.0,2025-05-14,2025-05-17
-33.5,150.0,2025-06-11,2025-06-21
-33.5,150.0,2025-07-16,2025-07-22
-33.5,150.0,2025-08-24,2025-08-31
-33.5,150.0,2025-09-21,2025-09-28
-33.5,150.0,2025-10-19,2025-10-19
-33.5,150.0,2026-04-05,2026-04-18
-33.5,150.0,2026-04-19,2026-04-27
-33.5,150.5,2024-03-09,2024-03-09
-33.5,150.5,2024-04-18,2024-04-27
-33.5,150.5,2024-05-22,2024-05-22
-33.5,150.5,2024-06-25,2024-06-25
-33.5,150.5,2024-08-02,2024-08-02
-33.5,150.5,2024-09-03,2024-09-11
-33.5,150.5,2024-09-22,2024-09-22
-33.5,150.5,2024-10-10,2024-10-10
-33.5,150.5,2024-11-09,2024-11-09
-33.5,150.5,2024-12-27,2024-12-30
-33.5,150.5,2025-04-05,2025-04-18
-33.5,150.5,2025-04-19,2025-04-25
-33.5,150.5,2025-06-21,2025-06-21
-33.5,150.5,2025-07-18,2025-07-18
-33.5,150.5,2025-09-24,2025-10-04
-33.5,150.5,2025-10-13,2025-10-25
-33.5,150.5,2025-11-19,2025-11-19
-33.5,150.5,2026-04-02,2026-04-15
-33.5,150.5,2026-04-16,2026-04-24
-33.5,151.0,2024-01-18,2024-01-18
-33.5,151.0,2024-02-12,2024-02-17
-33.5,151.0,2024-03-13,2024-03-25
-33.5,151.0,2024-03-31,2024-04-01
-33.5,151.0,2024-04-23,2024-04-28
-33.5,151.0,2024-05-25,2024-05-27
-33.5,151.0,2024-06-08,2024-06-09
-33.5,151.0,2024-08-03,2024-08-03
-33.5,151.0,2024-08-17,2024-08-27
-33.5,151.0,2024-09-07,2024-09-20
-33.5,151.0,2024-09-22,2024-09-22
-33.5,151.0,2024-10-11,2024-10-11
-33.5,151.0,2024-11-20,2024-11-20
-33.5,151.0,2024-12-14,2024-12-14
-33.5,151.0,2025-01-05,2025-01-14
-33.5,151.0,2025-02-01,2025-02-06
-33.5,151.0,2025-03-01,2025-03-01
-33.5,151.0,2025-03-19,2025-03-20
-33.5,151.0,2025-04-06,2025-04-19
-33.5,151.0,2025-05-17,2025-05-17
-33.5,151.0,2025-05-31,2025-06-13
-33.5,151.0,2025-07-04,2025-07-17
-33.5,151.0,2025-09-06,2025-09-10
-33.5,151.0,2025-09-21,2025-10-04
-33.5,151.0,2025-10-10,2025-10-10
-33.5,151.0,2025-11-02,2025-11-14
-33.5,151.0,2025-11-18,2025-11-18
-33.5,151.0,2025-12-15,2025-12-15
-33.5,151.0,2025-12-31,2025-12-31
-33.5,151.0,2026-04-02,2026-04-15
-33.5,151.0,2026-04-16,2026-04-26
-33.5,151.5,2024-03-13,2024-03-13
-33.5,151.5,2024-04-27,2024-04-27
-33.5,151.5,2024-06-08,2024-06-08
-33.5,151.5,2024-09-03,2024-09-13
-33.5,151.5,2024-09-21,2024-09-22
-33.5,151.5,2024-10-26,2024-10-26
-33.5,151.5,2025-04-05,2025-04-05
-33.5,151.5,2025-07-11,2025-07-12
-33.5,151.5,2025-09-18,2025-09-30
-33.5,151.5,2026-04-16,2026-04-16
-33.0,115.5,2024-01-20,2024-02-01
-33.0,115.5,2024-02-03,2024-02-03
-33.0,115.5,2024-03-07,2024-03-07
-33.0,115.5,2024-03-26,2024-04-04
-33.0,115.5,2024-04-19,2024-04-26
-33.0,115.5,2024-05-03,2024-05-08
-33.0,115.5,2024-05-22,2024-05-22
-33.0,115.5,2024-06-06,2024-06-06
-33.0,115.5,2024-06-22,2024-07-05
-33.0,115.5,2024-08-07,2024-08-07
-33.0,115.5,2024-09-14,2024-09-24
-33.0,115.5,2024-10-07,2024-10-18
-33.0,115.5,2024-10-22,2024-10-26
-33.0,115.5,2024-11-10,2024-11-21
-33.0,115.5,2024-11-24,2024-11-24
-33.0,115.5,2025-01-14,2025-01-19
-33.0,115.5,2025-01-29,2025-02-05
-33.0,115.5,2025-02-21,2025-02-22
-33.0,115.5,2025-03-09,2025-03-21
-33.0,115.5,2025-04-25,2025-04-27
-33.0,115.5,2025-05-31,2025-06-13
-33.0,115.5,2025-06-18,2025-06-18
-33.0,115.5,2025-07-29,2025-07-30
-33.0,115.5,2025-09-13,2025-09-13
-33.0,115.5,2025-10-10,2025-10-10
-33.0,115.5,2025-12-28,2025-12-30
-33.0,116.0,2024-01-02,2024-01-15
-33.0,116.0,2024-01-16,2024-01-29
-33.0,116.0,2024-01-31,2024-02-13
-33.0,116.0,2024-02-14,2024-02-24
-33.0,116.0,2024-03-04,2024-03-17
-33.0,116.0,2024-03-18,2024-03-29
-33.0,116.0,2024-04-02,2024-04-14
-33.0,116.0,2024-04-16,2024-04-29
-33.0,116.0,2024-05-02,2024-05-15
-33.0,116.0,2024-05-16,2024-05-29
-33.0,116.0,2024-06-05,2024-06-14
-33.0,116.0,2024-06-19,2024-06-25
-33.0,116.0,2024-07-03,2024-07-04
-33.0,116.0,2024-07-30,2024-08-08
-33.0,116.0,2024-08-13,2024-08-13
-33.0,116.0,2024-08-31,2024-09-12
-33.0,116.0,2024-09-14,2024-09-25
-33.0,116.0,2024-10-06,2024-10-19
-33.0,116.0,2024-10-22,2024-10-29
-33.0,116.0,2024-11-09,2024-11-18
-33.0,116.0,2024-11-26,2024-12-09
-33.0,116.0,2024-12-10,2024-12-23
-33.0,116.0,2024-12-24,2025-01-06
-33.0,116.0,2025-01-23,2025-01-31
-33.0,116.0,2025-02-06,2025-02-17
-33.0,116.0,2025-02-24,2025-03-06
-33.0,116.0,2025-03-11,2025-03-22
-33.0,116.0,2025-04-22,2025-04-28
-33.0,116.0,2025-05-12,2025-05-25
-33.0,116.0,2025-05-28,2025-06-09
-33.0,116.0,2025-06-11,2025-06-18
-33.0,116.0,2025-07-18,2025-07-28
-33.0,116.0,2025-08-21,2025-09-03
-33.0,116.0,2025-09-11,2025-09-24
-33.0,116.0,2025-09-25,2025-10-06
-33.0,116.0,2025-10-12,2025-10-23
-33.0,116.0,2025-10-26,2025-11-08
-33.0,116.0,2025-11-10,2025-11-13
-33.0,116.0,2025-12-15,2025-12-28
-33.0,116.0,2025-12-29,2026-01-03
-33.0,116.0,2026-02-28,2026-03-03
-33.0,116.0,2026-03-15,2026-03-19
-33.0,116.0,2026-04-13,2026-04-25
-33.0,116.5,2024-01-12,2024-01-16
-33.0,116.5,2024-03-26,2024-04-05
-33.0,116.5,2024-04-09,2024-04-21
-33.0,116.5,2024-04-26,2024-05-08
-33.0,116.5,2024-05-10,2024-05-23
-33.0,116.5,2024-05-24,2024-05-26
-33.0,116.5,2024-06-07,2024-06-18
-33.0,116.5,2024-06-27,2024-07-09
-33.0,116.5,2024-07-18,2024-07-30
-33.0,116.5,2024-08-04,2024-08-17
-33.0,116.5,2024-08-19,2024-09-01
-33.0,116.5,2024-09-02,2024-09-15
-33.0,116.5,2024-09-16,2024-09-29
-33.0,116.5,2024-09-30,2024-10-13
-33.0,116.5,2024-10-17,2024-10-28
-33.0,116.5,2024-11-07,2024-11-13
-33.0,116.5,2024-12-17,2024-12-17
-33.0,116.5,2025-01-23,2025-01-24
-33.0,116.5,2025-03-20,2025-04-01
-33.0,116.5,2025-04-08,2025-04-21
-33.0,116.5,2025-04-22,2025-04-30
-33.0,116.5,2025-05-06,2025-05-19
-33.0,116.5,2025-05-20,2025-06-02
-33.0,116.5,2025-06-10,2025-06-22
-33.0,116.5,2025-06-25,2025-07-03
-33.0,116.5,2025-07-09,2025-07-20
-33.0,116.5,2025-07-24,2025-08-01
-33.0,116.5,2025-08-07,2025-08-16
-33.0,116.5,2025-08-22,2025-09-02
-33.0,116.5,2025-09-11,2025-09-24
-33.0,116.5,2025-09-25,2025-10-06
-33.0,116.5,2025-10-10,2025-10-23
-33.0,116.5,2025-10-24,2025-11-06
-33.0,116.5,2025-11-08,2025-11-15
-33.0,116.5,2025-12-15,2025-12-27
-33.0,116.5,2026-01-22,2026-01-24
-33.0,116.5,2026-03-19,2026-03-21
-33.0,116.5,2026-04-02,2026-04-15
-33.0,116.5,2026-04-16,2026-04-25
-33.0,117.0,2024-03-15,2024-03-27
-33.0,117.0,2024-04-02,2024-04-15
-33.0,117.0,2024-04-16,2024-04-28
-33.0,117.0,2024-05-04,2024-05-17
-33.0,117.0,2024-05-18,2024-05-26
-33.0,117.0,2024-06-06,2024-06-19
-33.0,117.0,2024-06-22,2024-07-01
-33.0,117.0,2024-07-16,2024-07-19
-33.0,117.0,2024-08-04,2024-08-16
-33.0,117.0,2024-08-26,2024-09-03
-33.0,117.0,2024-09-11,2024-09-21
-33.0,117.0,2024-09-25,2024-10-08
-33.0,117.0,2024-12-20,2025-01-02
-33.0,117.0,2025-01-13,2025-01-14
-33.0,117.0,2025-02-26,2025-02-27
-33.0,117.0,2025-03-17,2025-03-21
-33.0,117.0,2025-03-31,2025-04-12
-33.0,117.0,2025-04-14,2025-04-27
-33.0,117.0,2025-04-28,2025-05-11
-33.0,117.0,2025-05-12,2025-05-23
-33.0,117.0,2025-05-28,2025-06-09
-33.0,117.0,2025-06-11,2025-06-24
-33.0,117.0,2025-06-25,2025-07-01
-33.0,117.0,2025-07-10,2025-07-21
-33.0,117.0,2025-07-31,2025-08-12
-33.0,117.0,2025-08-16,2025-08-29
-33.0,117.0,2025-08-30,2025-09-11
-33.0,117.0,2025-09-18,2025-10-01
-33.0,117.0,2025-10-06,2025-10-06
-33.0,117.0,2025-12-29,2025-12-29
-33.0,117.0,2026-01-22,2026-02-03
-33.0,117.0,2026-03-18,2026-03-31
-33.0,117.0,2026-04-01,2026-04-14
-33.0,117.0,2026-04-16,2026-04-26
-33.0,117.5,2024-01-04,2024-01-17
-33.0,117.5,2024-03-17,2024-03-27
-33.0,117.5,2024-04-02,2024-04-15
-33.0,117.5,2024-04-16,2024-04-29
-33.0,117.5,2024-05-03,2024-05-16
-33.0,117.5,2024-05-18,2024-05-27
-33.0,117.5,2024-06-04,2024-06-06
-33.0,117.5,2024-07-01,2024-07-01
-33.0,117.5,2024-08-09,2024-08-10
-33.0,117.5,2024-08-26,2024-08-29
-33.0,117.5,2024-09-11,2024-09-22
-33.0,117.5,2024-11-01,2024-11-01
-33.0,117.5,2024-12-12,2024-12-12
-33.0,117.5,2025-01-01,2025-01-01
-33.0,117.5,2025-03-09,2025-03-21
-33.0,117.5,2025-03-27,2025-04-09
-33.0,117.5,2025-04-10,2025-04-22
-33.0,117.5,2025-04-24,2025-05-07
-33.0,117.5,2025-05-08,2025-05-20
-33.0,117.5,2025-05-27,2025-06-05
-33.0,117.5,2025-06-11,2025-06-11
-33.0,117.5,2025-06-26,2025-07-08
-33.0,117.5,2025-07-14,2025-07-14
-33.0,117.5,2025-08-15,2025-08-22
-33.0,117.5,2025-09-13,2025-09-24
-33.0,117.5,2025-09-29,2025-09-29
-33.0,117.5,2025-11-08,2025-11-08
-33.0,117.5,2026-04-01,2026-04-14
-33.0,117.5,2026-04-16,2026-04-26
-33.0,118.0,2024-01-17,2024-01-17
-33.0,118.0,2024-03-07,2024-03-20
-33.0,118.0,2024-03-21,2024-04-03
-33.0,118.0,2024-04-04,2024-04-17
-33.0,118.0,2024-04-18,2024-04-30
-33.0,118.0,2024-05-05,2024-05-17
-33.0,118.0,2024-05-21,2024-05-27
-33.0,118.0,2024-06-18,2024-06-18
-33.0,118.0,2024-09-29,2024-09-29
-33.0,118.0,2025-03-28,2025-04-10
-33.0,118.0,2025-04-11,2025-04-21
-33.0,118.0,2025-04-28,2025-05-09
-33.0,118.0,2025-05-16,2025-05-20
-33.0,118.0,2025-07-29,2025-08-11
-33.0,118.0,2025-08-31,2025-08-31
-33.0,118.0,2025-09-19,2025-09-23
-33.0,118.0,2025-12-30,2025-12-31
-33.0,118.0,2026-02-11,2026-02-11
-33.0,118.0,2026-03-23,2026-04-04
-33.0,118.0,2026-04-07,2026-04-20
-33.0,118.0,2026-04-21,2026-04-26
-33.0,118.5,2024-03-11,2024-03-21
-33.0,118.5,2024-03-25,2024-04-05
-33.0,118.5,2024-04-10,2024-04-21
-33.0,118.5,2024-04-27,2024-04-29
-33.0,118.5,2024-05-17,2024-05-27
-33.0,118.5,2024-08-10,2024-08-15
-33.0,118.5,2024-09-08,2024-09-08
-33.0,118.5,2025-03-17,2025-03-20
-33.0,118.5,2025-04-01,2025-04-10
-33.0,118.5,2025-04-21,2025-05-02
-33.0,118.5,2025-05-07,2025-05-18
-33.0,118.5,2025-05-21,2025-05-21
-33.0,118.5,2025-07-09,2025-07-09
-33.0,118.5,2025-08-12,2025-08-12
-33.0,118.5,2025-09-29,2025-09-29
-33.0,118.5,2026-04-01,2026-04-14
-33.0,118.5,2026-04-18,2026-04-25
-33.0,119.0,2024-01-18,2024-01-19
-33.0,119.0,2024-03-08,2024-03-08
-33.0,119.0,2024-03-25,2024-04-03
-33.0,119.0,2024-04-20,2024-04-21
-33.0,119.0,2024-05-23,2024-05-23
-33.0,119.0,2024-11-14,2024-11-14
-33.0,119.0,2025-03-27,2025-03-31
-33.0,119.0,2025-04-12,2025-04-21
-33.0,119.0,2025-05-16,2025-05-17
-33.0,119.0,2025-08-07,2025-08-16
-33.0,119.0,2026-03-22,2026-04-01
-33.0,119.0,2026-04-13,2026-04-26
-33.0,119.5,2024-03-25,2024-04-03
-33.0,119.5,2024-04-11,2024-04-18
-33.0,119.5,2024-04-26,2024-04-26
-33.0,119.5,2024-05-11,2024-05-15
-33.0,119.5,2024-07-01,2024-07-01
-33.0,119.5,2024-08-05,2024-08-05
-33.0,119.5,2024-09-07,2024-09-07
-33.0,119.5,2024-09-25,2024-09-25
-33.0,119.5,2024-11-28,2024-11-28
-33.0,119.5,2025-04-12,2025-04-21
-33.0,119.5,2025-05-16,2025-05-24
-33.0,119.5,2025-06-11,2025-06-11
-33.0,119.5,2025-09-02,2025-09-11
-33.0,119.5,2026-01-16,2026-01-21
-33.0,119.5,2026-03-25,2026-03-25
-33.0,119.5,2026-04-23,2026-04-26
-33.0,120.0,2024-03-10,2024-03-10
-33.0,120.0,2024-04-19,2024-04-20
-33.0,120.0,2024-08-16,2024-08-16
-33.0,120.0,2025-08-08,2025-08-08
-33.0,120.0,2025-09-16,2025-09-16
-33.0,121.0,2025-04-30,2025-04-30
-33.0,121.5,2024-03-19,2024-03-19
-33.0,121.5,2024-04-04,2024-04-17
-33.0,121.5,2024-04-19,2024-04-19
-33.0,121.5,2024-05-08,2024-05-16
-33.0,121.5,2024-05-23,2024-05-23
-33.0,121.5,2024-07-20,2024-07-31
-33.0,121.5,2024-08-13,2024-08-26
-33.0,121.5,2024-08-28,2024-09-02
-33.0,121.5,2024-09-11,2024-09-17
-33.0,121.5,2024-10-01,2024-10-02
-33.0,121.5,2025-03-20,2025-04-02
-33.0,121.5,2025-04-03,2025-04-03
-33.0,121.5,2025-05-01,2025-05-04
-33.0,121.5,2025-09-30,2025-09-30
-33.0,121.5,2026-02-24,2026-02-24
-33.0,121.5,2026-03-20,2026-04-01
-33.0,121.5,2026-04-10,2026-04-22
-33.0,121.5,2026-04-24,2026-04-24
-33.0,122.0,2024-04-04,2024-04-04
-33.0,122.0,2024-04-21,2024-04-21
-33.0,122.0,2024-05-05,2024-05-05
-33.0,122.0,2024-08-16,2024-08-22
-33.0,122.0,2024-09-02,2024-09-04
-33.0,122.0,2025-03-17,2025-03-17
-33.0,122.0,2025-03-31,2025-04-09
-33.0,122.0,2025-04-19,2025-04-19
-33.0,122.0,2025-05-08,2025-05-16
-33.0,122.0,2025-09-11,2025-09-11
-33.0,122.0,2026-04-18,2026-04-18
-33.0,124.0,2024-12-04,2024-12-05
-33.0,124.0,2026-04-21,2026-04-21
-33.0,134.0,2024-04-17,2024-04-28
-33.0,134.5,2024-04-03,2024-04-12
-33.0,134.5,2024-04-17,2024-04-22
-33.0,134.5,2024-05-01,2024-05-14
-33.0,134.5,2024-05-17,2024-05-28
-33.0,134.5,2024-06-04,2024-06-08
-33.0,134.5,2024-08-28,2024-08-28
-33.0,134.5,2025-03-27,2025-03-27
-33.0,134.5,2025-05-12,2025-05-23
-33.0,134.5,2025-05-31,2025-05-31
-33.0,134.5,2025-09-05,2025-09-05
-33.0,134.5,2025-09-28,2025-09-28
-33.0,134.5,2025-11-24,2025-11-24
-33.0,134.5,2025-12-10,2025-12-10
-33.0,134.5,2026-04-23,2026-04-23
-33.0,135.0,2024-03-28,2024-04-10
-33.0,135.0,2024-04-11,2024-04-20
-33.0,135.0,2024-04-26,2024-05-07
-33.0,135.0,2024-05-10,2024-05-10
-33.0,135.0,2024-05-27,2024-05-27
-33.0,135.0,2024-08-07,2024-08-07
-33.0,135.5,2024-03-16,2024-03-28
-33.0,135.5,2024-04-05,2024-04-15
-33.0,135.5,2024-05-02,2024-05-04
-33.0,135.5,2024-09-02,2024-09-03
-33.0,135.5,2024-12-05,2024-12-05
-33.0,135.5,2025-04-01,2025-04-01
-33.0,135.5,2025-05-09,2025-05-09
-33.0,135.5,2025-11-23,2025-11-23
-33.0,136.0,2024-03-22,2024-03-25
-33.0,136.0,2024-04-15,2024-04-17
-33.0,136.0,2024-05-03,2024-05-10
-33.0,136.0,2024-10-10,2024-10-10
-33.0,136.0,2025-02-04,2025-02-04
-33.0,136.0,2025-05-08,2025-05-08
-33.0,136.0,2025-07-02,2025-07-02
-33.0,136.0,2025-10-03,2025-10-13
-33.0,136.0,2026-03-13,2026-03-13
-33.0,136.0,2026-04-18,2026-04-18
-33.0,136.5,2024-04-16,2024-04-17
-33.0,136.5,2024-05-03,2024-05-10
-33.0,136.5,2024-12-11,2024-12-11
-33.0,136.5,2025-04-24,2025-04-24
-33.0,136.5,2025-06-28,2025-06-28
-33.0,136.5,2025-08-18,2025-08-18
-33.0,137.5,2024-01-01,2024-01-14
-33.0,137.5,2024-01-15,2024-01-28
-33.0,137.5,2024-01-29,2024-02-11
-33.0,137.5,2024-02-12,2024-02-25
-33.0,137.5,2024-02-26,2024-03-10
-33.0,137.5,2024-03-11,2024-03-23
-33.0,137.5,2024-03-25,2024-04-07
-33.0,137.5,2024-04-08,2024-04-19
-33.0,137.5,2024-04-25,2024-05-04
-33.0,137.5,2024-05-26,2024-06-08
-33.0,137.5,2024-06-11,2024-06-22
-33.0,137.5,2024-06-25,2024-07-08
-33.0,137.5,2024-07-09,2024-07-22
-33.0,137.5,2024-07-23,2024-08-05
-33.0,137.5,2024-08-06,2024-08-18
-33.0,137.5,2024-08-23,2024-09-03
-33.0,137.5,2024-09-07,2024-09-19
-33.0,137.5,2024-09-21,2024-09-29
-33.0,137.5,2024-11-08,2024-11-20
-33.0,137.5,2024-12-01,2024-12-12
-33.0,137.5,2024-12-21,2025-01-03
-33.0,137.5,2025-01-04,2025-01-17
-33.0,137.5,2025-01-18,2025-01-31
-33.0,137.5,2025-02-03,2025-02-16
-33.0,137.5,2025-02-17,2025-03-02
-33.0,137.5,2025-03-03,2025-03-16
-33.0,137.5,2025-03-17,2025-03-30
-33.0,137.5,2025-03-31,2025-04-13
-33.0,137.5,2025-04-14,2025-04-26
-33.0,137.5,2025-04-28,2025-05-11
-33.0,137.5,2025-05-12,2025-05-25
-33.0,137.5,2025-05-26,2025-06-08
-33.0,137.5,2025-06-09,2025-06-22
-33.0,137.5,2025-06-23,2025-07-04
-33.0,137.5,2025-07-08,2025-07-20
-33.0,137.5,2025-07-22,2025-08-04
-33.0,137.5,2025-08-05,2025-08-18
-33.0,137.5,2025-08-19,2025-09-01
-33.0,137.5,2025-09-02,2025-09-13
-33.0,137.5,2025-09-16,2025-09-28
-33.0,137.5,2025-09-30,2025-10-13
-33.0,137.5,2025-10-14,2025-10-26
-33.0,137.5,2025-10-28,2025-11-10
-33.0,137.5,2025-11-13,2025-11-25
-33.0,137.5,2025-11-27,2025-12-10
-33.0,137.5,2025-12-11,2025-12-24
-33.0,137.5,2025-12-25,2026-01-07
-33.0,137.5,2026-01-08,2026-01-21
-33.0,137.5,2026-01-22,2026-02-04
-33.0,137.5,2026-02-05,2026-02-17
-33.0,137.5,2026-02-19,2026-03-04
-33.0,137.5,2026-03-05,2026-03-14
-33.0,137.5,2026-03-19,2026-03-30
-33.0,137.5,2026-04-02,2026-04-15
-33.0,137.5,2026-04-16,2026-04-24
-33.0,138.0,2024-01-07,2024-01-19
-33.0,138.0,2024-01-22,2024-02-03
-33.0,138.0,2024-02-07,2024-02-19
-33.0,138.0,2024-02-25,2024-03-07
-33.0,138.0,2024-03-17,2024-03-29
-33.0,138.0,2024-04-01,2024-04-13
-33.0,138.0,2024-04-17,2024-04-27
-33.0,138.0,2024-05-01,2024-05-14
-33.0,138.0,2024-05-19,2024-05-28
-33.0,138.0,2024-06-04,2024-06-16
-33.0,138.0,2024-06-26,2024-07-02
-33.0,138.0,2024-07-23,2024-08-03
-33.0,138.0,2024-08-31,2024-09-12
-33.0,138.0,2024-09-14,2024-09-20
-33.0,138.0,2024-09-29,2024-10-07
-33.0,138.0,2024-10-19,2024-10-27
-33.0,138.0,2024-11-07,2024-11-19
-33.0,138.0,2024-11-28,2024-12-10
-33.0,138.0,2024-12-19,2024-12-30
-33.0,138.0,2025-01-08,2025-01-16
-33.0,138.0,2025-01-22,2025-02-04
-33.0,138.0,2025-02-05,2025-02-15
-33.0,138.0,2025-02-24,2025-03-02
-33.0,138.0,2025-03-12,2025-03-25
-33.0,138.0,2025-03-31,2025-04-10
-33.0,138.0,2025-04-21,2025-05-02
-33.0,138.0,2025-05-07,2025-05-12
-33.0,138.0,2025-05-29,2025-06-03
-33.0,138.0,2025-06-20,2025-06-27
-33.0,138.0,2025-07-20,2025-08-02
-33.0,138.0,2025-08-16,2025-08-23
-33.0,138.0,2025-09-13,2025-09-22
-33.0,138.0,2025-10-03,2025-10-07
-33.0,138.0,2025-10-29,2025-10-29
-33.0,138.0,2025-11-14,2025-11-24
-33.0,138.0,2025-12-17,2025-12-27
-33.0,138.0,2026-01-12,2026-01-18
-33.0,138.0,2026-01-27,2026-02-08
-33.0,138.0,2026-02-14,2026-02-25
-33.0,138.0,2026-03-02,2026-03-02
-33.0,138.0,2026-03-19,2026-03-29
-33.0,138.0,2026-04-04,2026-04-16
-33.0,138.5,2024-04-12,2024-04-12
-33.0,138.5,2024-05-03,2024-05-03
-33.0,138.5,2024-05-27,2024-05-27
-33.0,138.5,2024-06-24,2024-06-26
-33.0,138.5,2024-08-19,2024-08-24
-33.0,138.5,2025-05-14,2025-05-14
-33.0,138.5,2025-06-16,2025-06-17
-33.0,138.5,2025-08-08,2025-08-08
-33.0,138.5,2026-03-31,2026-03-31
-33.0,138.5,2026-04-23,2026-04-24
-33.0,139.0,2024-11-22,2024-11-22
-33.0,139.0,2024-12-19,2024-12-19
-33.0,139.0,2025-10-29,2025-11-09
-33.0,139.0,2025-11-25,2025-11-25
-33.0,139.0,2026-01-07,2026-01-07
-33.0,141.0,2024-04-10,2024-04-10
-33.0,141.0,2024-09-17,2024-09-17
-33.0,141.0,2025-05-04,2025-05-04
-33.0,141.0,2025-08-21,2025-08-21
-33.0,141.5,2026-01-31,2026-01-31
-33.0,142.0,2025-09-04,2025-09-04
-33.0,142.0,2025-09-19,2025-09-19
-33.0,142.0,2026-04-13,2026-04-13
-33.0,142.5,2024-01-11,2024-01-11
-33.0,142.5,2024-04-08,2024-04-08
-33.0,142.5,2024-05-29,2024-05-29
-33.0,142.5,2024-07-30,2024-07-30
-33.0,142.5,2025-04-05,2025-04-18
-33.0,142.5,2025-05-21,2025-05-21
-33.0,143.0,2024-02-18,2024-02-26
-33.0,143.0,2024-03-03,2024-03-05
-33.0,143.0,2024-05-08,2024-05-08
-33.0,143.5,2024-02-02,2024-02-02
-33.0,143.5,2024-03-10,2024-03-10
-33.0,143.5,2025-04-12,2025-04-12
-33.0,143.5,2025-08-20,2025-08-20
-33.0,143.5,2025-12-16,2025-12-16
-33.0,143.5,2026-04-24,2026-04-24
-33.0,144.0,2024-06-28,2024-07-05
-33.0,144.0,2025-07-07,2025-07-07
-33.0,144.0,2025-09-04,2025-09-04
-33.0,144.0,2026-04-02,2026-04-06
-33.0,144.5,2024-02-22,2024-02-22
-33.0,144.5,2024-06-11,2024-06-12
-33.0,144.5,2025-05-14,2025-05-14
-33.0,144.5,2025-07-12,2025-07-12
-33.0,145.0,2025-04-24,2025-04-24
-33.0,145.0,2025-05-16,2025-05-16
-33.0,145.0,2026-04-27,2026-04-27
-33.0,145.5,2024-04-24,2024-04-24
-33.0,145.5,2024-05-14,2024-05-14
-33.0,145.5,2024-05-28,2024-05-28
-33.0,145.5,2024-06-24,2024-07-06
-33.0,145.5,2025-04-01,2025-04-02
-33.0,145.5,2025-05-15,2025-05-15
-33.0,145.5,2025-06-04,2025-06-04
-33.0,145.5,2025-06-18,2025-06-26
-33.0,145.5,2025-07-07,2025-07-14
-33.0,145.5,2026-04-09,2026-04-14
-33.0,146.0,2024-01-15,2024-01-25
-33.0,146.0,2024-02-21,2024-02-27
-33.0,146.0,2024-03-11,2024-03-12
-33.0,146.0,2024-03-26,2024-03-26
-33.0,146.0,2024-04-11,2024-04-17
-33.0,146.0,2024-08-01,2024-08-09
-33.0,146.0,2024-09-04,2024-09-16
-33.0,146.0,2024-09-28,2024-09-30
-33.0,146.0,2025-02-17,2025-02-27
-33.0,146.0,2025-03-03,2025-03-14
-33.0,146.0,2025-03-19,2025-03-31
-33.0,146.0,2025-04-02,2025-04-15
-33.0,146.0,2025-04-16,2025-04-28
-33.0,146.0,2025-05-02,2025-05-15
-33.0,146.0,2025-05-16,2025-05-19
-33.0,146.0,2025-06-01,2025-06-14
-33.0,146.0,2025-06-16,2025-06-27
-33.0,146.0,2025-06-30,2025-07-12
-33.0,146.0,2025-07-17,2025-07-21
-33.0,146.0,2025-08-03,2025-08-15
-33.0,146.0,2025-08-29,2025-09-09
-33.0,146.0,2025-09-17,2025-09-29
-33.0,146.0,2025-10-15,2025-10-20
-33.0,146.0,2025-11-09,2025-11-09
-33.0,146.0,2025-12-02,2025-12-08
-33.0,146.0,2025-12-16,2025-12-16
-33.0,146.0,2026-02-04,2026-02-15
-33.0,146.0,2026-03-04,2026-03-14
-33.0,146.0,2026-03-23,2026-04-05
-33.0,146.0,2026-04-06,2026-04-12
-33.0,146.0,2026-04-22,2026-04-22
-33.0,146.5,2024-01-30,2024-02-12
-33.0,146.5,2024-02-13,2024-02-22
-33.0,146.5,2024-02-28,2024-03-11
-33.0,146.5,2024-03-15,2024-03-28
-33.0,146.5,2024-04-02,2024-04-14
-33.0,146.5,2024-04-17,2024-04-29
-33.0,146.5,2024-05-27,2024-05-29
-33.0,146.5,2024-06-19,2024-06-27
-33.0,146.5,2024-07-29,2024-08-10
-33.0,146.5,2024-08-12,2024-08-25
-33.0,146.5,2024-08-30,2024-09-11
-33.0,146.5,2024-09-16,2024-09-23
-33.0,146.5,2024-10-02,2024-10-15
-33.0,146.5,2024-10-19,2024-10-24
-33.0,146.5,2024-11-15,2024-11-23
-33.0,146.5,2025-01-01,2025-01-01
-33.0,146.5,2025-01-25,2025-02-03
-33.0,146.5,2025-02-08,2025-02-21
-33.0,146.5,2025-02-24,2025-03-08
-33.0,146.5,2025-03-12,2025-03-19
-33.0,146.5,2025-03-26,2025-04-08
-33.0,146.5,2025-04-09,2025-04-22
-33.0,146.5,2025-04-23,2025-05-06
-33.0,146.5,2025-05-08,2025-05-20
-33.0,146.5,2025-06-01,2025-06-12
-33.0,146.5,2025-06-16,2025-06-27
-33.0,146.5,2025-06-30,2025-07-13
-33.0,146.5,2025-07-16,2025-07-24
-33.0,146.5,2025-08-05,2025-08-18
-33.0,146.5,2025-08-24,2025-09-04
-33.0,146.5,2025-09-14,2025-09-27
-33.0,146.5,2025-09-28,2025-10-11
-33.0,146.5,2025-10-13,2025-10-14
-33.0,146.5,2025-11-27,2025-12-09
-33.0,146.5,2025-12-31,2026-01-01
-33.0,146.5,2026-02-14,2026-02-25
-33.0,146.5,2026-03-08,2026-03-20
-33.0,146.5,2026-03-30,2026-04-10
-33.0,146.5,2026-04-13,2026-04-22
-33.0,146.5,2026-04-27,2026-04-27
-33.0,147.0,2024-01-05,2024-01-05
-33.0,147.0,2024-02-20,2024-02-27
-33.0,147.0,2024-03-09,2024-03-12
-33.0,147.0,2024-03-26,2024-04-04
-33.0,147.0,2024-04-26,2024-05-02
-33.0,147.0,2024-05-16,2024-05-28
-33.0,147.0,2024-08-06,2024-08-19
-33.0,147.0,2024-09-15,2024-09-19
-33.0,147.0,2024-11-19,2024-11-19
-33.0,147.0,2024-12-21,2024-12-21
-33.0,147.0,2025-01-26,2025-01-31
-33.0,147.0,2025-02-17,2025-03-01
-33.0,147.0,2025-03-05,2025-03-18
-33.0,147.0,2025-03-24,2025-04-03
-33.0,147.0,2025-04-07,2025-04-19
-33.0,147.0,2025-04-23,2025-05-06
-33.0,147.0,2025-05-07,2025-05-20
-33.0,147.0,2025-05-28,2025-05-31
-33.0,147.0,2025-07-01,2025-07-12
-33.0,147.0,2025-07-17,2025-07-17
-33.0,147.0,2025-08-09,2025-08-22
-33.0,147.0,2025-09-04,2025-09-15
-33.0,147.0,2025-09-20,2025-09-29
-33.0,147.0,2025-12-08,2025-12-08
-33.0,147.0,2025-12-24,2025-12-24
-33.0,147.0,2026-01-17,2026-01-17
-33.0,147.0,2026-02-20,2026-02-26
-33.0,147.0,2026-03-09,2026-03-20
-33.0,147.0,2026-03-23,2026-04-02
-33.0,147.0,2026-04-07,2026-04-20
-33.0,147.0,2026-04-21,2026-04-23
-33.0,147.5,2024-01-04,2024-01-04
-33.0,147.5,2024-02-02,2024-02-02
-33.0,147.5,2024-02-20,2024-02-20
-33.0,147.5,2024-03-08,2024-03-15
-33.0,147.5,2024-03-27,2024-04-04
-33.0,147.5,2024-04-11,2024-04-24
-33.0,147.5,2024-04-27,2024-05-02
-33.0,147.5,2024-05-22,2024-05-27
-33.0,147.5,2024-07-04,2024-07-04
-33.0,147.5,2024-08-03,2024-08-03
-33.0,147.5,2024-08-27,2024-08-27
-33.0,147.5,2024-09-16,2024-09-16
-33.0,147.5,2024-10-19,2024-10-19
-33.0,147.5,2024-12-26,2024-12-31
-33.0,147.5,2025-02-19,2025-03-04
-33.0,147.5,2025-03-05,2025-03-18
-33.0,147.5,2025-03-26,2025-04-07
-33.0,147.5,2025-04-14,2025-04-25
-33.0,147.5,2025-05-01,2025-05-12
-33.0,147.5,2025-05-15,2025-05-20
-33.0,147.5,2025-06-07,2025-06-14
-33.0,147.5,2025-06-21,2025-06-21
-33.0,147.5,2025-07-08,2025-07-08
-33.0,147.5,2025-07-23,2025-07-23
-33.0,147.5,2025-08-07,2025-08-07
-33.0,147.5,2025-08-23,2025-08-23
-33.0,147.5,2025-09-22,2025-09-27
-33.0,147.5,2025-11-16,2025-11-16
-33.0,147.5,2025-12-16,2025-12-29
-33.0,147.5,2025-12-31,2025-12-31
-33.0,147.5,2026-02-05,2026-02-05
-33.0,147.5,2026-03-13,2026-03-25
-33.0,147.5,2026-04-10,2026-04-21
-33.0,148.0,2024-01-09,2024-01-09
-33.0,148.0,2024-02-29,2024-03-12
-33.0,148.0,2024-03-27,2024-04-01
-33.0,148.0,2024-04-10,2024-04-23
-33.0,148.0,2024-04-24,2024-04-28
-33.0,148.0,2024-05-08,2024-05-21
-33.0,148.0,2024-09-28,2024-09-28
-33.0,148.0,2024-11-24,2024-11-24
-33.0,148.0,2024-12-10,2024-12-10
-33.0,148.0,2024-12-26,2024-12-26
-33.0,148.0,2025-01-16,2025-01-16
-33.0,148.0,2025-02-14,2025-02-20
-33.0,148.0,2025-03-05,2025-03-18
-33.0,148.0,2025-03-26,2025-04-07
-33.0,148.0,2025-04-09,2025-04-18
-33.0,148.0,2025-04-24,2025-05-04
-33.0,148.0,2025-05-08,2025-05-19
-33.0,148.0,2025-06-11,2025-06-16
-33.0,148.0,2025-07-01,2025-07-08
-33.0,148.0,2025-07-18,2025-07-19
-33.0,148.0,2025-08-14,2025-08-14
-33.0,148.0,2025-09-02,2025-09-13
-33.0,148.0,2025-11-16,2025-11-27
-33.0,148.0,2025-12-08,2025-12-08
-33.0,148.0,2025-12-24,2025-12-29
-33.0,148.0,2026-01-09,2026-01-09
-33.0,148.0,2026-03-25,2026-04-07
-33.0,148.0,2026-04-08,2026-04-18
-33.0,148.0,2026-04-24,2026-04-27
-33.0,148.5,2024-01-20,2024-01-20
-33.0,148.5,2024-02-19,2024-03-03
-33.0,148.5,2024-03-12,2024-03-25
-33.0,148.5,2024-04-01,2024-04-14
-33.0,148.5,2024-04-15,2024-04-28
-33.0,148.5,2024-05-07,2024-05-17
-33.0,148.5,2024-05-23,2024-05-27
-33.0,148.5,2024-06-10,2024-06-10
-33.0,148.5,2024-06-25,2024-07-04
-33.0,148.5,2024-07-30,2024-07-31
-33.0,148.5,2024-09-17,2024-09-22
-33.0,148.5,2024-10-01,2024-10-01
-33.0,148.5,2024-11-08,2024-11-08
-33.0,148.5,2024-12-05,2024-12-05
-33.0,148.5,2024-12-21,2024-12-21
-33.0,148.5,2025-01-22,2025-01-22
-33.0,148.5,2025-02-07,2025-02-07
-33.0,148.5,2025-03-05,2025-03-17
-33.0,148.5,2025-03-26,2025-04-06
-33.0,148.5,2025-04-11,2025-04-18
-33.0,148.5,2025-04-30,2025-05-10
-33.0,148.5,2025-05-16,2025-05-20
-33.0,148.5,2025-05-31,2025-05-31
-33.0,148.5,2025-06-21,2025-06-30
-33.0,148.5,2025-07-08,2025-07-19
-33.0,148.5,2025-08-04,2025-08-16
-33.0,148.5,2025-08-18,2025-08-25
-33.0,148.5,2025-09-01,2025-09-14
-33.0,148.5,2025-09-16,2025-09-29
-33.0,148.5,2025-10-04,2025-10-17
-33.0,148.5,2025-10-20,2025-10-21
-33.0,148.5,2025-11-04,2025-11-11
-33.0,148.5,2025-11-26,2025-12-08
-33.0,148.5,2025-12-12,2025-12-24
-33.0,148.5,2025-12-29,2026-01-09
-33.0,148.5,2026-01-30,2026-02-05
-33.0,148.5,2026-03-08,2026-03-13
-33.0,148.5,2026-03-25,2026-04-06
-33.0,148.5,2026-04-09,2026-04-22
-33.0,148.5,2026-04-27,2026-04-27
-33.0,149.0,2024-01-09,2024-01-20
-33.0,149.0,2024-03-27,2024-04-01
-33.0,149.0,2024-04-10,2024-04-23
-33.0,149.0,2024-05-01,2024-05-07
-33.0,149.0,2024-05-18,2024-05-29
-33.0,149.0,2024-06-18,2024-06-28
-33.0,149.0,2024-09-04,2024-09-13
-33.0,149.0,2024-11-08,2024-11-08
-33.0,149.0,2024-11-24,2024-12-05
-33.0,149.0,2024-12-10,2024-12-21
-33.0,149.0,2025-01-22,2025-01-22
-33.0,149.0,2025-04-02,2025-04-15
-33.0,149.0,2025-04-16,2025-04-20
-33.0,149.0,2025-04-30,2025-05-12
-33.0,149.0,2025-05-15,2025-05-20
-33.0,149.0,2025-05-31,2025-06-07
-33.0,149.0,2025-06-21,2025-06-21
-33.0,149.0,2025-07-18,2025-07-24
-33.0,149.0,2025-08-14,2025-08-24
-33.0,149.0,2025-08-31,2025-09-04
-33.0,149.0,2025-09-27,2025-09-29
-33.0,149.0,2025-11-16,2025-11-27
-33.0,149.0,2025-12-08,2025-12-08
-33.0,149.0,2025-12-24,2025-12-29
-33.0,149.0,2026-01-09,2026-01-10
-33.0,149.0,2026-01-27,2026-01-30
-33.0,149.0,2026-04-01,2026-04-11
-33.0,149.0,2026-04-18,2026-04-26
-33.0,149.5,2024-04-16,2024-04-16
-33.0,149.5,2024-05-07,2024-05-17
-33.0,149.5,2024-05-22,2024-05-22
-33.0,149.5,2024-06-09,2024-06-19
-33.0,149.5,2024-06-23,2024-06-29
-33.0,149.5,2024-08-11,2024-08-23
-33.0,149.5,2024-08-27,2024-09-09
-33.0,149.5,2024-09-16,2024-09-23
-33.0,149.5,2024-09-30,2024-10-08
-33.0,149.5,2024-11-23,2024-11-23
-33.0,149.5,2024-12-23,2024-12-25
-33.0,149.5,2025-04-07,2025-04-12
-33.0,149.5,2025-04-24,2025-05-04
-33.0,149.5,2025-06-16,2025-06-28
-33.0,149.5,2025-07-04,2025-07-17
-33.0,149.5,2025-07-20,2025-07-20
-33.0,149.5,2025-08-12,2025-08-25
-33.0,149.5,2025-08-26,2025-09-07
-33.0,149.5,2025-09-25,2025-10-01
-33.0,149.5,2025-10-30,2025-10-30
-33.0,149.5,2025-11-27,2025-11-27
-33.0,149.5,2026-04-04,2026-04-04
-33.0,150.0,2024-02-22,2024-02-22
-33.0,150.0,2024-05-18,2024-05-27
-33.0,150.0,2024-06-09,2024-06-17
-33.0,150.0,2024-06-24,2024-06-29
-33.0,150.0,2024-07-30,2024-07-30
-33.0,150.0,2024-09-04,2024-09-17
-33.0,150.0,2024-09-18,2024-09-22
-33.0,150.0,2024-12-27,2025-01-01
-33.0,150.0,2025-03-26,2025-03-26
-33.0,150.0,2025-04-11,2025-04-21
-33.0,150.0,2025-04-25,2025-05-03
-33.0,150.0,2025-06-04,2025-06-04
-33.0,150.0,2025-06-21,2025-06-27
-33.0,150.0,2025-07-08,2025-07-19
-33.0,150.0,2025-08-25,2025-09-06
-33.0,150.0,2025-09-13,2025-09-13
-33.0,150.0,2025-09-28,2025-10-11
-33.0,150.0,2025-10-17,2025-10-17
-33.0,150.0,2025-11-08,2025-11-19
-33.0,150.0,2025-11-26,2025-12-09
-33.0,150.0,2025-12-10,2025-12-10
-33.0,150.0,2026-04-08,2026-04-11
-33.0,150.5,2024-04-01,2024-04-01
-33.0,150.5,2024-06-08,2024-06-08
-33.0,150.5,2024-09-14,2024-09-23
-33.0,150.5,2024-12-28,2025-01-05
-33.0,150.5,2025-04-08,2025-04-21
-33.0,150.5,2025-06-07,2025-06-07
-33.0,150.5,2025-06-21,2025-06-21
-33.0,150.5,2025-07-16,2025-07-16
-33.0,150.5,2025-09-28,2025-10-01
-33.0,150.5,2025-11-25,2025-11-25
-33.0,150.5,2026-03-31,2026-04-02
-33.0,150.5,2026-04-16,2026-04-26
-33.0,151.0,2024-03-10,2024-03-11
-33.0,151.0,2024-03-30,2024-04-06
-33.0,151.0,2024-06-08,2024-06-09
-33.0,151.0,2024-06-28,2024-06-28
-33.0,151.0,2024-08-21,2024-08-21
-33.0,151.0,2024-09-04,2024-09-17
-33.0,151.0,2024-09-18,2024-09-25
-33.0,151.0,2024-12-25,2025-01-04
-33.0,151.0,2025-09-30,2025-09-30
-33.0,151.0,2025-10-22,2025-10-22
-33.0,151.0,2025-11-08,2025-11-08
-33.0,151.0,2025-11-24,2025-12-04
-33.0,151.0,2025-12-08,2025-12-09
-33.0,151.0,2026-04-11,2026-04-20
-33.0,151.5,2024-01-21,2024-01-21
-33.0,151.5,2024-03-04,2024-03-04
-33.0,151.5,2024-04-25,2024-04-26
-33.0,151.5,2024-05-17,2024-05-17
-33.0,151.5,2024-06-19,2024-06-25
-33.0,151.5,2024-08-05,2024-08-05
-33.0,151.5,2024-08-22,2024-09-04
-33.0,151.5,2024-09-07,2024-09-16
-33.0,151.5,2024-09-21,2024-09-23
-33.0,151.5,2025-01-06,2025-01-06
-33.0,151.5,2025-01-26,2025-01-26
-33.0,151.5,2025-03-01,2025-03-02
-33.0,151.5,2025-03-20,2025-03-20
-33.0,151.5,2025-04-03,2025-04-07
-33.0,151.5,2025-04-17,2025-04-19
-33.0,151.5,2025-05-07,2025-05-07
-33.0,151.5,2025-06-28,2025-06-29
-33.0,151.5,2025-07-15,2025-07-15
-33.0,151.5,2025-08-05,2025-08-09
-33.0,151.5,2025-09-02,2025-09-08
-33.0,151.5,2025-09-21,2025-10-03
-33.0,151.5,2025-10-19,2025-10-24
-33.0,151.5,2025-11-07,2025-11-08
-33.0,151.5,2025-12-05,2025-12-08
-33.0,151.5,2026-01-15,2026-01-18
-33.0,151.5,2026-04-01,2026-04-14
-33.0,151.5,2026-04-15,2026-04-27
-33.0,152.0,2024-08-01,2024-08-01
-33.0,152.0,2025-06-21,2025-06-21
-33.0,152.0,2025-08-15,2025-08-15
-33.0,152.0,2025-09-10,2025-09-10
-33.0,152.0,2025-12-03,2025-12-03
-33.0,152.0,2026-01-29,2026-01-30
-33.0,152.0,2026-04-15,2026-04-15
-32.5,115.5,2025-01-29,2025-02-05
-32.5,115.5,2025-05-13,2025-05-14
-32.5,115.5,2025-06-09,2025-06-09
-32.5,115.5,2025-09-29,2025-09-29
-32.5,116.0,2024-01-10,2024-01-10
-32.5,116.0,2024-01-30,2024-01-30
-32.5,116.0,2024-02-29,2024-02-29
-32.5,116.0,2024-04-07,2024-04-07
-32.5,116.0,2024-04-23,2024-04-24
-32.5,116.0,2024-05-16,2024-05-24
-32.5,116.0,2024-06-05,2024-06-17
-32.5,116.0,2024-06-20,2024-06-28
-32.5,116.0,2024-08-09,2024-08-09
-32.5,116.0,2024-09-13,2024-09-25
-32.5,116.0,2024-09-29,2024-10-12
-32.5,116.0,2024-10-13,2024-10-26
-32.5,116.0,2024-11-01,2024-11-10
-32.5,116.0,2024-11-17,2024-11-17
-32.5,116.0,2024-12-09,2024-12-21
-32.5,116.0,2025-01-16,2025-01-16
-32.5,116.0,2025-02-21,2025-03-02
-32.5,116.0,2025-04-17,2025-04-30
-32.5,116.0,2025-05-08,2025-05-21
-32.5,116.0,2025-05-26,2025-06-08
-32.5,116.0,2025-06-09,2025-06-14
-32.5,116.0,2025-06-25,2025-06-25
-32.5,116.0,2025-07-12,2025-07-15
-32.5,116.0,2025-07-31,2025-08-06
-32.5,116.0,2025-08-30,2025-09-12
-32.5,116.0,2025-09-18,2025-10-01
-32.5,116.0,2025-10-02,2025-10-15
-32.5,116.0,2025-10-16,2025-10-17
-32.5,116.0,2025-11-02,2025-11-14
-32.5,116.0,2025-11-21,2025-11-29
-32.5,116.0,2025-12-12,2025-12-25
-32.5,116.0,2025-12-26,2026-01-07
-32.5,116.0,2026-01-09,2026-01-09
-32.5,116.0,2026-02-08,2026-02-08
-32.5,116.0,2026-03-26,2026-03-26
-32.5,116.0,2026-04-15,2026-04-25
-32.5,116.5,2024-01-17,2024-01-18
-32.5,116.5,2024-02-13,2024-02-13
-32.5,116.5,2024-03-01,2024-03-01
-32.5,116.5,2024-03-25,2024-04-04
-32.5,116.5,2024-04-09,2024-04-21
-32.5,116.5,2024-04-26,2024-05-08
-32.5,116.5,2024-05-14,2024-05-25
-32.5,116.5,2024-06-18,2024-06-22
-32.5,116.5,2024-07-04,2024-07-07
-32.5,116.5,2024-08-30,2024-08-30
-32.5,116.5,2024-09-14,2024-09-25
-32.5,116.5,2024-09-30,2024-10-13
-32.5,116.5,2024-10-27,2024-11-09
-32.5,116.5,2024-11-11,2024-11-17
-32.5,116.5,2025-03-31,2025-04-11
-32.5,116.5,2025-04-15,2025-04-22
-32.5,116.5,2025-05-02,2025-05-15
-32.5,116.5,2025-05-17,2025-05-28
-32.5,116.5,2025-05-31,2025-06-07
-32.5,116.5,2025-06-15,2025-06-15
-32.5,116.5,2025-06-30,2025-07-08
-32.5,116.5,2025-08-28,2025-09-10
-32.5,116.5,2025-09-11,2025-09-19
-32.5,116.5,2025-10-02,2025-10-15
-32.5,116.5,2025-10-16,2025-10-23
-32.5,116.5,2025-11-08,2025-11-15
-32.5,116.5,2025-12-14,2025-12-26
-32.5,116.5,2026-01-22,2026-01-25
-32.5,116.5,2026-04-02,2026-04-14
-32.5,116.5,2026-04-16,2026-04-25
-32.5,117.0,2024-03-18,2024-03-26
-32.5,117.0,2024-04-02,2024-04-15
-32.5,117.0,2024-04-16,2024-04-27
-32.5,117.0,2024-05-04,2024-05-17
-32.5,117.0,2024-05-18,2024-05-27
-32.5,117.0,2024-06-05,2024-06-14
-32.5,117.0,2024-07-05,2024-07-05
-32.5,117.0,2024-07-30,2024-08-11
-32.5,117.0,2024-08-26,2024-08-26
-32.5,117.0,2024-09-10,2024-09-23
-32.5,117.0,2024-09-28,2024-10-11
-32.5,117.0,2024-11-30,2024-11-30
-32.5,117.0,2024-12-23,2024-12-23
-32.5,117.0,2025-03-10,2025-03-20
-32.5,117.0,2025-03-25,2025-04-07
-32.5,117.0,2025-04-09,2025-04-22
-32.5,117.0,2025-04-26,2025-05-09
-32.5,117.0,2025-05-12,2025-05-24
-32.5,117.0,2025-05-26,2025-05-30
-32.5,117.0,2025-06-09,2025-06-09
-32.5,117.0,2025-06-30,2025-07-12
-32.5,117.0,2025-07-18,2025-07-18
-32.5,117.0,2025-08-22,2025-08-30
-32.5,117.0,2025-09-16,2025-09-25
-32.5,117.0,2025-09-30,2025-09-30
-32.5,117.0,2026-03-17,2026-03-19
-32.5,117.0,2026-04-01,2026-04-14
-32.5,117.0,2026-04-16,2026-04-26
-32.5,117.5,2024-01-16,2024-01-20
-32.5,117.5,2024-03-11,2024-03-21
-32.5,117.5,2024-03-25,2024-04-07
-32.5,117.5,2024-04-10,2024-04-20
-32.5,117.5,2024-04-24,2024-05-07
-32.5,117.5,2024-05-08,2024-05-18
-32.5,117.5,2024-05-22,2024-05-27
-32.5,117.5,2024-07-02,2024-07-02
-32.5,117.5,2024-08-14,2024-08-14
-32.5,117.5,2024-09-15,2024-09-16
-32.5,117.5,2024-12-23,2024-12-23
-32.5,117.5,2025-03-03,2025-03-03
-32.5,117.5,2025-03-17,2025-03-28
-32.5,117.5,2025-03-31,2025-04-12
-32.5,117.5,2025-04-15,2025-04-27
-32.5,117.5,2025-04-29,2025-05-12
-32.5,117.5,2025-05-13,2025-05-21
-32.5,117.5,2025-05-27,2025-06-02
-32.5,117.5,2025-06-11,2025-06-24
-32.5,117.5,2025-06-25,2025-06-26
-32.5,117.5,2025-07-10,2025-07-11
-32.5,117.5,2025-09-01,2025-09-11
-32.5,117.5,2025-09-26,2025-09-30
-32.5,117.5,2026-03-21,2026-04-01
-32.5,117.5,2026-04-07,2026-04-17
-32.5,117.5,2026-04-21,2026-04-26
-32.5,118.0,2024-03-21,2024-04-03
-32.5,118.0,2024-04-04,2024-04-17
-32.5,118.0,2024-04-18,2024-04-29
-32.5,118.0,2024-05-11,2024-05-22
-32.5,118.0,2024-05-26,2024-05-26
-32.5,118.0,2024-07-05,2024-07-05
-32.5,118.0,2024-09-11,2024-09-11
-32.5,118.0,2024-09-25,2024-09-25
-32.5,118.0,2024-10-13,2024-10-13
-32.5,118.0,2025-03-04,2025-03-10
-32.5,118.0,2025-03-18,2025-03-31
-32.5,118.0,2025-04-01,2025-04-12
-32.5,118.0,2025-04-15,2025-04-28
-32.5,118.0,2025-04-29,2025-05-12
-32.5,118.0,2025-05-14,2025-05-14
-32.5,118.0,2025-06-16,2025-06-16
-32.5,118.0,2025-08-31,2025-09-10
-32.5,118.0,2026-02-26,2026-02-26
-32.5,118.0,2026-03-17,2026-03-25
-32.5,118.0,2026-03-31,2026-04-13
-32.5,118.0,2026-04-14,2026-04-26
-32.5,118.5,2024-03-06,2024-03-19
-32.5,118.5,2024-03-21,2024-04-03
-32.5,118.5,2024-04-04,2024-04-17
-32.5,118.5,2024-04-19,2024-04-20
-32.5,118.5,2024-05-07,2024-05-07
-32.5,118.5,2024-05-23,2024-05-23
-32.5,118.5,2025-03-18,2025-03-31
-32.5,118.5,2025-04-01,2025-04-12
-32.5,118.5,2025-04-22,2025-04-30
-32.5,118.5,2025-05-08,2025-05-21
-32.5,118.5,2025-06-26,2025-06-26
-32.5,118.5,2025-07-14,2025-07-14
-32.5,118.5,2025-09-08,2025-09-08
-32.5,118.5,2025-12-24,2025-12-24
-32.5,118.5,2026-03-17,2026-03-30
-32.5,118.5,2026-03-31,2026-04-13
-32.5,118.5,2026-04-14,2026-04-26
-32.5,119.0,2024-01-18,2024-01-20
-32.5,119.0,2024-03-20,2024-04-01
-32.5,119.0,2024-04-03,2024-04-16
-32.5,119.0,2024-04-17,2024-04-27
-32.5,119.0,2024-05-16,2024-05-16
-32.5,119.0,2024-09-16,2024-09-16
-32.5,119.0,2025-04-01,2025-04-03
-32.5,119.0,2025-04-21,2025-04-22
-32.5,119.0,2025-05-08,2025-05-12
-32.5,119.0,2025-10-02,2025-10-02
-32.5,119.0,2025-12-10,2025-12-10
-32.5,119.0,2026-03-17,2026-03-18
-32.5,119.0,2026-03-31,2026-04-09
-32.5,119.0,2026-04-18,2026-04-26
-32.5,119.5,2024-03-27,2024-04-04
-32.5,119.5,2024-05-07,2024-05-17
-32.5,119.5,2024-09-20,2024-09-20
-32.5,119.5,2025-04-03,2025-04-03
-32.5,119.5,2025-05-30,2025-05-30
-32.5,119.5,2026-04-02,2026-04-02
-32.5,119.5,2026-04-19,2026-04-21
-32.5,120.0,2026-04-20,2026-04-26
-32.5,121.5,2025-04-28,2025-04-28
-32.5,121.5,2025-12-16,2025-12-17
-32.5,122.0,2025-03-08,2025-03-08
-32.5,122.0,2025-03-23,2025-03-23
-32.5,123.0,2025-03-31,2025-03-31
-32.5,123.5,2024-02-07,2024-02-20
-32.5,123.5,2024-02-21,2024-02-24
-32.5,124.0,2024-02-21,2024-02-23
-32.5,124.5,2025-12-25,2025-12-25
-32.5,125.0,2024-10-22,2024-10-22
-32.5,125.0,2025-02-22,2025-02-26
-32.5,125.5,2026-01-25,2026-01-25
-32.5,134.0,2024-03-05,2024-03-05
-32.5,134.0,2024-03-21,2024-03-27
-32.5,134.0,2024-04-22,2024-04-29
-32.5,134.0,2025-08-18,2025-08-18
-32.5,134.0,2026-03-30,2026-03-30
-32.5,134.5,2024-03-16,2024-03-16
-32.5,134.5,2024-04-04,2024-04-04
-32.5,134.5,2024-04-18,2024-04-25
-32.5,134.5,2024-05-16,2024-05-16
-32.5,134.5,2024-08-10,2024-08-10
-32.5,134.5,2024-09-12,2024-09-12
-32.5,134.5,2025-04-16,2025-04-16
-32.5,134.5,2025-05-12,2025-05-12
-32.5,134.5,2026-02-25,2026-02-25
-32.5,134.5,2026-03-23,2026-03-23
-32.5,134.5,2026-04-23,2026-04-23
-32.5,135.0,2024-05-28,2024-05-28
-32.5,135.0,2025-09-19,2025-09-22
-32.5,136.0,2024-12-16,2024-12-17
-32.5,136.5,2025-07-12,2025-07-12
-32.5,136.5,2025-07-31,2025-07-31
-32.5,137.0,2024-11-07,2024-11-07
-32.5,137.0,2025-11-07,2025-11-08
-32.5,137.5,2025-04-10,2025-04-10
-32.5,137.5,2025-11-14,2025-11-14
-32.5,138.0,2024-01-07,2024-01-07
-32.5,138.0,2024-02-05,2024-02-05
-32.5,138.0,2024-04-19,2024-04-19
-32.5,138.0,2024-08-25,2024-08-25
-32.5,138.0,2024-10-14,2024-10-14
-32.5,138.0,2024-12-24,2024-12-29
-32.5,138.0,2025-01-09,2025-01-09
-32.5,138.0,2025-02-03,2025-02-12
-32.5,138.0,2025-02-17,2025-02-22
-32.5,138.0,2025-04-22,2025-04-22
-32.5,138.0,2025-08-28,2025-09-02
-32.5,138.0,2025-10-09,2025-10-09
-32.5,138.0,2025-11-14,2025-11-25
-32.5,138.0,2025-11-30,2025-11-30
-32.5,138.0,2025-12-27,2026-01-01
-32.5,138.0,2026-01-12,2026-01-12
-32.5,138.0,2026-04-16,2026-04-20
-32.5,138.5,2026-04-18,2026-04-18
-32.5,142.5,2024-04-15,2024-04-17
-32.5,142.5,2025-05-08,2025-05-08
-32.5,143.0,2025-10-31,2025-11-05
-32.5,143.5,2025-09-06,2025-09-06
-32.5,144.0,2024-01-03,2024-01-03
-32.5,144.0,2024-07-06,2024-07-09
-32.5,144.0,2025-07-12,2025-07-12
-32.5,144.0,2025-08-28,2025-09-04
-32.5,144.0,2026-04-15,2026-04-15
-32.5,144.5,2024-07-04,2024-07-04
-32.5,144.5,2025-04-23,2025-04-23
-32.5,144.5,2025-06-20,2025-06-20
-32.5,144.5,2025-08-29,2025-08-29
-32.5,145.0,2024-03-27,2024-04-07
-32.5,145.0,2024-06-08,2024-06-08
-32.5,145.0,2025-04-03,2025-04-03
-32.5,145.0,2025-05-10,2025-05-10
-32.5,145.0,2025-07-02,2025-07-13
-32.5,145.0,2025-08-23,2025-08-31
-32.5,145.0,2025-09-18,2025-09-30
-32.5,145.0,2025-12-16,2025-12-18
-32.5,145.0,2026-02-19,2026-02-20
-32.5,145.0,2026-03-21,2026-03-21
-32.5,145.0,2026-04-13,2026-04-22
-32.5,145.5,2024-03-04,2024-03-06
-32.5,145.5,2024-04-12,2024-04-25
-32.5,145.5,2024-04-26,2024-04-28
-32.5,145.5,2024-07-20,2024-07-20
-32.5,145.5,2024-08-10,2024-08-10
-32.5,145.5,2024-09-21,2024-09-29
-32.5,145.5,2025-01-13,2025-01-16
-32.5,145.5,2025-02-21,2025-02-24
-32.5,145.5,2025-05-31,2025-06-08
-32.5,145.5,2025-06-15,2025-06-23
-32.5,145.5,2025-07-12,2025-07-12
-32.5,145.5,2025-08-13,2025-08-13
-32.5,145.5,2026-03-07,2026-03-20
-32.5,145.5,2026-03-25,2026-04-07
-32.5,145.5,2026-04-10,2026-04-17
-32.5,146.0,2024-02-27,2024-02-27
-32.5,146.0,2024-03-21,2024-03-25
-32.5,146.0,2024-04-14,2024-04-27
-32.5,146.0,2024-04-29,2024-04-29
-32.5,146.0,2024-05-20,2024-05-21
-32.5,146.0,2024-07-20,2024-08-02
-32.5,146.0,2024-08-11,2024-08-11
-32.5,146.0,2024-08-28,2024-09-06
-32.5,146.0,2024-09-13,2024-09-20
-32.5,146.0,2024-09-30,2024-10-02
-32.5,146.0,2024-10-29,2024-11-10
-32.5,146.0,2024-11-13,2024-11-17
-32.5,146.0,2025-02-16,2025-02-27
-32.5,146.0,2025-03-05,2025-03-15
-32.5,146.0,2025-04-09,2025-04-17
-32.5,146.0,2025-04-23,2025-04-25
-32.5,146.0,2025-05-07,2025-05-07
-32.5,146.0,2025-06-03,2025-06-07
-32.5,146.0,2025-07-02,2025-07-11
-32.5,146.0,2025-07-23,2025-07-23
-32.5,146.0,2025-08-19,2025-08-29
-32.5,146.0,2025-09-02,2025-09-08
-32.5,146.0,2025-09-22,2025-10-05
-32.5,146.0,2025-12-07,2025-12-16
-32.5,146.0,2026-01-12,2026-01-12
-32.5,146.0,2026-02-04,2026-02-17
-32.5,146.0,2026-02-18,2026-02-20
-32.5,146.0,2026-03-09,2026-03-14
-32.5,146.0,2026-03-23,2026-03-23
-32.5,146.0,2026-04-11,2026-04-20
-32.5,146.5,2024-05-27,2024-05-29
-32.5,146.5,2024-06-22,2024-06-25
-32.5,146.5,2024-07-06,2024-07-06
-32.5,146.5,2024-07-21,2024-08-01
-32.5,146.5,2024-08-07,2024-08-10
-32.5,146.5,2024-09-03,2024-09-06
-32.5,146.5,2024-09-17,2024-09-22
-32.5,146.5,2025-01-17,2025-01-30
-32.5,146.5,2025-01-31,2025-02-12
-32.5,146.5,2025-02-19,2025-03-04
-32.5,146.5,2025-03-05,2025-03-18
-32.5,146.5,2025-03-19,2025-03-31
-32.5,146.5,2025-04-05,2025-04-16
-32.5,146.5,2025-04-19,2025-04-24
-32.5,146.5,2025-05-16,2025-05-16
-32.5,146.5,2025-06-18,2025-07-01
-32.5,146.5,2025-07-02,2025-07-12
-32.5,146.5,2025-07-22,2025-08-03
-32.5,146.5,2025-08-14,2025-08-26
-32.5,146.5,2025-09-01,2025-09-13
-32.5,146.5,2025-09-21,2025-09-29
-32.5,146.5,2025-10-15,2025-10-15
-32.5,146.5,2026-02-17,2026-02-27
-32.5,146.5,2026-03-09,2026-03-22
-32.5,146.5,2026-03-23,2026-04-02
-32.5,146.5,2026-04-06,2026-04-18
-32.5,146.5,2026-04-20,2026-04-24
-32.5,147.0,2024-02-17,2024-02-19
-32.5,147.0,2024-03-08,2024-03-15
-32.5,147.0,2024-03-26,2024-04-03
-32.5,147.0,2024-04-15,2024-04-27
-32.5,147.0,2024-04-29,2024-04-29
-32.5,147.0,2024-05-27,2024-05-29
-32.5,147.0,2024-06-11,2024-06-11
-32.5,147.0,2024-06-25,2024-07-06
-32.5,147.0,2024-07-31,2024-08-12
-32.5,147.0,2024-08-18,2024-08-30
-32.5,147.0,2024-09-02,2024-09-13
-32.5,147.0,2024-09-17,2024-09-23
-32.5,147.0,2024-10-10,2024-10-10
-32.5,147.0,2024-12-27,2024-12-27
-32.5,147.0,2025-02-13,2025-02-22
-32.5,147.0,2025-03-04,2025-03-17
-32.5,147.0,2025-03-18,2025-03-31
-32.5,147.0,2025-04-03,2025-04-16
-32.5,147.0,2025-04-18,2025-05-01
-32.5,147.0,2025-05-02,2025-05-15
-32.5,147.0,2025-05-16,2025-05-25
-32.5,147.0,2025-06-04,2025-06-15
-32.5,147.0,2025-06-21,2025-07-04
-32.5,147.0,2025-07-07,2025-07-20
-32.5,147.0,2025-07-21,2025-08-03
-32.5,147.0,2025-08-04,2025-08-16
-32.5,147.0,2025-08-18,2025-08-29
-32.5,147.0,2025-09-01,2025-09-12
-32.5,147.0,2025-09-17,2025-09-30
-32.5,147.0,2025-10-01,2025-10-07
-32.5,147.0,2025-10-15,2025-10-23
-32.5,147.0,2026-03-07,2026-03-15
-32.5,147.0,2026-03-24,2026-04-05
-32.5,147.0,2026-04-08,2026-04-16
-32.5,147.0,2026-04-22,2026-04-27
-32.5,147.5,2024-01-20,2024-01-20
-32.5,147.5,2024-02-14,2024-02-27
-32.5,147.5,2024-02-29,2024-03-11
-32.5,147.5,2024-03-21,2024-04-01
-32.5,147.5,2024-04-15,2024-04-27
-32.5,147.5,2024-05-07,2024-05-07
-32.5,147.5,2024-05-22,2024-05-28
-32.5,147.5,2024-06-11,2024-06-23
-32.5,147.5,2024-06-26,2024-07-05
-32.5,147.5,2024-07-21,2024-07-21
-32.5,147.5,2024-08-22,2024-09-03
-32.5,147.5,2024-09-05,2024-09-10
-32.5,147.5,2024-09-21,2024-09-23
-32.5,147.5,2024-10-19,2024-10-19
-32.5,147.5,2024-12-26,2024-12-27
-32.5,147.5,2025-01-23,2025-01-23
-32.5,147.5,2025-02-10,2025-02-23
-32.5,147.5,2025-03-04,2025-03-17
-32.5,147.5,2025-03-18,2025-03-31
-32.5,147.5,2025-04-03,2025-04-15
-32.5,147.5,2025-04-17,2025-04-30
-32.5,147.5,2025-05-05,2025-05-17
-32.5,147.5,2025-05-19,2025-06-01
-32.5,147.5,2025-06-16,2025-06-27
-32.5,147.5,2025-06-30,2025-07-12
-32.5,147.5,2025-07-17,2025-07-20
-32.5,147.5,2025-08-04,2025-08-16
-32.5,147.5,2025-08-18,2025-08-31
-32.5,147.5,2025-09-01,2025-09-14
-32.5,147.5,2025-09-15,2025-09-25
-32.5,147.5,2025-09-29,2025-10-01
-32.5,147.5,2025-10-23,2025-10-24
-32.5,147.5,2026-01-23,2026-02-05
-32.5,147.5,2026-02-21,2026-03-05
-32.5,147.5,2026-03-19,2026-04-01
-32.5,147.5,2026-04-02,2026-04-15
-32.5,147.5,2026-04-16,2026-04-27
-32.5,148.0,2024-03-12,2024-03-21
-32.5,148.0,2024-03-28,2024-04-10
-32.5,148.0,2024-04-13,2024-04-26
-32.5,148.0,2024-04-27,2024-05-02
-32.5,148.0,2024-05-22,2024-05-29
-32.5,148.0,2024-06-24,2024-06-28
-32.5,148.0,2024-08-01,2024-08-10
-32.5,148.0,2024-08-22,2024-08-29
-32.5,148.0,2024-09-12,2024-09-22
-32.5,148.0,2024-09-30,2024-10-06
-32.5,148.0,2024-12-10,2024-12-10
-32.5,148.0,2025-01-26,2025-02-04
-32.5,148.0,2025-02-21,2025-03-06
-32.5,148.0,2025-03-07,2025-03-20
-32.5,148.0,2025-03-26,2025-04-07
-32.5,148.0,2025-04-09,2025-04-22
-32.5,148.0,2025-04-23,2025-05-05
-32.5,148.0,2025-05-09,2025-05-20
-32.5,148.0,2025-05-28,2025-06-05
-32.5,148.0,2025-06-11,2025-06-24
-32.5,148.0,2025-06-25,2025-07-07
-32.5,148.0,2025-07-09,2025-07-20
-32.5,148.0,2025-08-03,2025-08-14
-32.5,148.0,2025-08-19,2025-08-28
-32.5,148.0,2025-09-04,2025-09-08
-32.5,148.0,2025-09-21,2025-09-27
-32.5,148.0,2025-10-05,2025-10-18
-32.5,148.0,2025-10-19,2025-10-19
-32.5,148.0,2025-12-24,2025-12-24
-32.5,148.0,2026-02-19,2026-03-04
-32.5,148.0,2026-03-05,2026-03-13
-32.5,148.0,2026-03-23,2026-04-03
-32.5,148.0,2026-04-06,2026-04-18
-32.5,148.0,2026-04-21,2026-04-27
-32.5,148.5,2024-01-04,2024-01-09
-32.5,148.5,2024-02-24,2024-02-24
-32.5,148.5,2024-03-27,2024-04-09
-32.5,148.5,2024-04-13,2024-04-26
-32.5,148.5,2024-04-27,2024-05-08
-32.5,148.5,2024-05-14,2024-05-27
-32.5,148.5,2024-05-28,2024-05-28
-32.5,148.5,2024-06-22,2024-06-26
-32.5,148.5,2024-07-20,2024-08-02
-32.5,148.5,2024-08-07,2024-08-10
-32.5,148.5,2024-08-31,2024-08-31
-32.5,148.5,2024-09-16,2024-09-23
-32.5,148.5,2024-10-01,2024-10-01
-32.5,148.5,2024-12-10,2024-12-21
-32.5,148.5,2024-12-26,2024-12-26
-32.5,148.5,2025-01-20,2025-01-20
-32.5,148.5,2025-03-07,2025-03-15
-32.5,148.5,2025-04-02,2025-04-14
-32.5,148.5,2025-04-18,2025-04-30
-32.5,148.5,2025-05-03,2025-05-16
-32.5,148.5,2025-05-17,2025-05-18
-32.5,148.5,2025-06-04,2025-06-17
-32.5,148.5,2025-06-19,2025-06-27
-32.5,148.5,2025-07-12,2025-07-24
-32.5,148.5,2025-08-03,2025-08-14
-32.5,148.5,2025-08-18,2025-08-26
-32.5,148.5,2025-09-02,2025-09-04
-32.5,148.5,2025-09-26,2025-09-29
-32.5,148.5,2025-11-05,2025-11-16
-32.5,148.5,2025-11-27,2025-12-08
-32.5,148.5,2025-12-24,2025-12-24
-32.5,148.5,2026-01-09,2026-01-19
-32.5,148.5,2026-02-16,2026-02-26
-32.5,148.5,2026-03-06,2026-03-06
-32.5,148.5,2026-04-03,2026-04-11
-32.5,148.5,2026-04-24,2026-04-27
-32.5,149.0,2024-01-04,2024-01-09
-32.5,149.0,2024-01-20,2024-01-29
-32.5,149.0,2024-02-10,2024-02-10
-32.5,149.0,2024-02-26,2024-02-26
-32.5,149.0,2024-03-18,2024-03-27
-32.5,149.0,2024-04-11,2024-04-23
-32.5,149.0,2024-04-27,2024-04-27
-32.5,149.0,2024-05-20,2024-05-27
-32.5,149.0,2024-06-25,2024-07-01
-32.5,149.0,2024-07-21,2024-07-21
-32.5,149.0,2024-08-10,2024-08-11
-32.5,149.0,2024-09-06,2024-09-06
-32.5,149.0,2024-09-20,2024-10-01
-32.5,149.0,2024-10-12,2024-10-20
-32.5,149.0,2024-10-28,2024-11-08
-32.5,149.0,2024-11-19,2024-11-24
-32.5,149.0,2024-12-05,2024-12-10
-32.5,149.0,2024-12-21,2024-12-26
-32.5,149.0,2025-01-06,2025-01-11
-32.5,149.0,2025-01-22,2025-01-22
-32.5,149.0,2025-02-07,2025-02-12
-32.5,149.0,2025-03-05,2025-03-17
-32.5,149.0,2025-04-03,2025-04-16
-32.5,149.0,2025-04-17,2025-04-25
-32.5,149.0,2025-05-02,2025-05-10
-32.5,149.0,2025-05-16,2025-05-16
-32.5,149.0,2025-05-31,2025-06-13
-32.5,149.0,2025-06-21,2025-06-21
-32.5,149.0,2025-07-17,2025-07-17
-32.5,149.0,2025-08-09,2025-08-09
-32.5,149.0,2025-09-04,2025-09-04
-32.5,149.0,2025-09-18,2025-09-29
-32.5,149.0,2025-10-04,2025-10-15
-32.5,149.0,2025-10-20,2025-10-20
-32.5,149.0,2025-11-05,2025-11-16
-32.5,149.0,2025-11-27,2025-12-08
-32.5,149.0,2025-12-24,2026-01-04
-32.5,149.0,2026-01-09,2026-01-09
-32.5,149.0,2026-01-25,2026-01-30
-32.5,149.0,2026-03-13,2026-03-13
-32.5,149.0,2026-03-28,2026-04-09
-32.5,149.0,2026-04-11,2026-04-17
-32.5,149.5,2024-02-26,2024-02-26
-32.5,149.5,2024-03-11,2024-03-11
-32.5,149.5,2024-03-25,2024-03-25
-32.5,149.5,2024-04-22,2024-05-01
-32.5,149.5,2024-05-08,2024-05-08
-32.5,149.5,2024-05-22,2024-05-29
-32.5,149.5,2024-06-09,2024-06-09
-32.5,149.5,2024-07-30,2024-07-31
-32.5,149.5,2024-09-02,2024-09-15
-32.5,149.5,2024-10-07,2024-10-07
-32.5,149.5,2024-11-14,2024-11-24
-32.5,149.5,2024-12-05,2024-12-10
-32.5,149.5,2024-12-21,2025-01-02
-32.5,149.5,2025-01-06,2025-01-06
-32.5,149.5,2025-02-07,2025-02-17
-32.5,149.5,2025-02-23,2025-02-28
-32.5,149.5,2025-03-25,2025-04-07
-32.5,149.5,2025-04-12,2025-04-12
-32.5,149.5,2025-05-08,2025-05-14
-32.5,149.5,2025-06-11,2025-06-11
-32.5,149.5,2025-07-08,2025-07-19
-32.5,149.5,2025-08-18,2025-08-25
-32.5,149.5,2025-09-01,2025-09-06
-32.5,149.5,2025-09-18,2025-09-29
-32.5,149.5,2025-10-02,2025-10-10
-32.5,149.5,2025-11-11,2025-11-16
-32.5,149.5,2025-11-27,2025-12-08
-32.5,149.5,2025-12-24,2026-01-03
-32.5,149.5,2026-01-09,2026-01-09
-32.5,149.5,2026-01-25,2026-01-30
-32.5,149.5,2026-02-10,2026-02-10
-32.5,149.5,2026-03-28,2026-03-30
-32.5,150.0,2024-03-27,2024-04-01
-32.5,150.0,2024-05-17,2024-05-17
-32.5,150.0,2024-06-08,2024-06-18
-32.5,150.0,2024-06-28,2024-06-28
-32.5,150.0,2024-08-07,2024-08-07
-32.5,150.0,2024-09-20,2024-09-23
-32.5,150.0,2024-10-29,2024-10-31
-32.5,150.0,2024-11-14,2024-11-14
-32.5,150.0,2024-12-16,2024-12-16
-32.5,150.0,2025-02-07,2025-02-10
-32.5,150.0,2025-04-21,2025-04-21
-32.5,150.0,2025-05-31,2025-06-07
-32.5,150.0,2025-07-13,2025-07-13
-32.5,150.0,2025-08-02,2025-08-02
-32.5,150.0,2025-08-16,2025-08-16
-32.5,150.0,2025-09-01,2025-09-13
-32.5,150.0,2025-09-18,2025-09-18
-32.5,150.0,2025-11-01,2025-11-10
-32.5,150.0,2025-11-17,2025-11-17
-32.5,150.0,2025-12-03,2025-12-08
-32.5,150.0,2025-12-19,2025-12-24
-32.5,150.0,2026-01-09,2026-01-09
-32.5,150.0,2026-01-25,2026-01-30
-32.5,150.0,2026-02-10,2026-02-10
-32.5,150.0,2026-03-19,2026-03-31
-32.5,150.0,2026-04-12,2026-04-12
-32.5,150.5,2024-03-27,2024-03-30
-32.5,150.5,2024-04-28,2024-04-28
-32.5,150.5,2024-06-08,2024-06-18
-32.5,150.5,2024-06-28,2024-06-28
-32.5,150.5,2024-09-03,2024-09-16
-32.5,150.5,2024-12-27,2025-01-04
-32.5,150.5,2025-02-28,2025-02-28
-32.5,150.5,2025-05-06,2025-05-06
-32.5,150.5,2025-06-02,2025-06-02
-32.5,150.5,2025-07-24,2025-07-24
-32.5,150.5,2025-08-15,2025-08-15
-32.5,150.5,2025-11-27,2025-12-10
-32.5,150.5,2025-12-23,2025-12-30
-32.5,150.5,2026-04-06,2026-04-18
-32.5,150.5,2026-04-25,2026-04-27
-32.5,151.0,2024-02-03,2024-02-03
-32.5,151.0,2024-02-29,2024-02-29
-32.5,151.0,2024-03-19,2024-03-19
-32.5,151.0,2024-04-11,2024-04-22
-32.5,151.0,2024-04-27,2024-05-07
-32.5,151.0,2024-05-13,2024-05-19
-32.5,151.0,2024-06-29,2024-06-29
-32.5,151.0,2024-07-20,2024-07-20
-32.5,151.0,2024-08-20,2024-08-21
-32.5,151.0,2024-09-03,2024-09-03
-32.5,151.0,2024-09-28,2024-10-09
-32.5,151.0,2024-10-14,2024-10-14
-32.5,151.0,2024-11-02,2024-11-02
-32.5,151.0,2024-11-26,2024-11-26
-32.5,151.0,2024-12-16,2024-12-16
-32.5,151.0,2025-03-29,2025-04-09
-32.5,151.0,2025-04-13,2025-04-25
-32.5,151.0,2025-04-30,2025-05-10
-32.5,151.0,2025-05-16,2025-05-23
-32.5,151.0,2025-06-06,2025-06-06
-32.5,151.0,2025-06-20,2025-06-20
-32.5,151.0,2025-07-06,2025-07-06
-32.5,151.0,2025-07-23,2025-07-23
-32.5,151.0,2025-08-06,2025-08-15
-32.5,151.0,2025-09-02,2025-09-12
-32.5,151.0,2025-09-24,2025-10-01
-32.5,151.0,2025-12-30,2025-12-30
-32.5,151.0,2026-01-21,2026-01-27
-32.5,151.0,2026-02-10,2026-02-23
-32.5,151.0,2026-02-24,2026-03-05
-32.5,151.0,2026-03-14,2026-03-27
-32.5,151.0,2026-03-30,2026-04-12
-32.5,151.0,2026-04-13,2026-04-26
-32.5,151.0,2026-04-27,2026-04-27
-32.5,151.5,2024-03-11,2024-03-11
-32.5,151.5,2024-04-16,2024-04-26
-32.5,151.5,2024-05-28,2024-06-08
-32.5,151.5,2024-06-26,2024-06-26
-32.5,151.5,2024-07-21,2024-07-24
-32.5,151.5,2024-08-08,2024-08-08
-32.5,151.5,2024-08-22,2024-09-04
-32.5,151.5,2024-09-05,2024-09-18
-32.5,151.5,2024-09-19,2024-09-25
-32.5,151.5,2024-10-30,2024-11-09
-32.5,151.5,2024-12-12,2024-12-12
-32.5,151.5,2025-04-06,2025-04-19
-32.5,151.5,2025-07-13,2025-07-18
-32.5,151.5,2025-07-28,2025-07-28
-32.5,151.5,2025-08-17,2025-08-26
-32.5,151.5,2025-09-01,2025-09-14
-32.5,151.5,2025-09-15,2025-09-26
-32.5,151.5,2025-09-29,2025-10-11
-32.5,151.5,2025-10-31,2025-10-31
-32.5,151.5,2025-11-18,2025-11-22
-32.5,151.5,2025-12-21,2025-12-21
-32.5,151.5,2026-03-14,2026-03-15
-32.5,151.5,2026-04-01,2026-04-13
-32.5,151.5,2026-04-15,2026-04-25
-32.5,152.0,2024-02-03,2024-02-04
-32.5,152.0,2024-03-07,2024-03-08
-32.5,152.0,2024-03-26,2024-04-02
-32.5,152.0,2024-04-11,2024-04-17
-32.5,152.0,2024-04-27,2024-04-27
-32.5,152.0,2024-05-29,2024-05-29
-32.5,152.0,2024-07-20,2024-07-24
-32.5,152.0,2024-08-09,2024-08-20
-32.5,152.0,2024-08-26,2024-09-08
-32.5,152.0,2024-09-10,2024-09-23
-32.5,152.0,2024-09-25,2024-09-25
-32.5,152.0,2024-10-30,2024-10-30
-32.5,152.0,2024-12-25,2025-01-01
-32.5,152.0,2025-04-03,2025-04-07
-32.5,152.0,2025-04-19,2025-04-21
-32.5,152.0,2025-05-05,2025-05-05
-32.5,152.0,2025-06-11,2025-06-19
-32.5,152.0,2025-07-13,2025-07-19
-32.5,152.0,2025-08-12,2025-08-12
-32.5,152.0,2025-08-31,2025-09-07
-32.5,152.0,2025-09-14,2025-09-27
-32.5,152.0,2025-09-28,2025-10-11
-32.5,152.0,2025-10-12,2025-10-23
-32.5,152.0,2025-11-10,2025-11-20
-32.5,152.0,2025-12-04,2025-12-09
-32.5,152.0,2025-12-27,2025-12-27
-32.5,152.0,2026-01-27,2026-02-05
-32.5,152.0,2026-02-18,2026-02-18
-32.5,152.0,2026-03-15,2026-03-15
-32.5,152.0,2026-04-01,2026-04-14
-32.5,152.0,2026-04-15,2026-04-27
-32.5,152.5,2024-08-27,2024-09-03
-32.5,152.5,2024-09-10,2024-09-10
-32.5,152.5,2024-12-23,2024-12-24
-32.5,152.5,2025-04-19,2025-04-19
-32.5,152.5,2025-09-16,2025-09-16
-32.5,152.5,2025-12-06,2025-12-08
-32.5,152.5,2026-02-04,2026-02-04
-32.5,152.5,2026-04-12,2026-04-14
-32.0,115.5,2025-09-20,2025-09-20
-32.0,116.0,2024-01-03,2024-01-10
-32.0,116.0,2024-01-17,2024-01-26
-32.0,116.0,2024-02-06,2024-02-13
-32.0,116.0,2024-02-20,2024-02-20
-32.0,116.0,2024-03-09,2024-03-22
-32.0,116.0,2024-03-23,2024-03-31
-32.0,116.0,2024-04-08,2024-04-21
-32.0,116.0,2024-04-22,2024-05-05
-32.0,116.0,2024-05-06,2024-05-10
-32.0,116.0,2024-06-05,2024-06-18
-32.0,116.0,2024-06-19,2024-07-01
-32.0,116.0,2024-07-03,2024-07-03
-32.0,116.0,2024-07-19,2024-07-20
-32.0,116.0,2024-08-03,2024-08-09
-32.0,116.0,2024-09-02,2024-09-14
-32.0,116.0,2024-09-17,2024-09-30
-32.0,116.0,2024-10-01,2024-10-13
-32.0,116.0,2024-10-18,2024-10-31
-32.0,116.0,2024-11-01,2024-11-11
-32.0,116.0,2024-11-25,2024-12-07
-32.0,116.0,2024-12-09,2024-12-21
-32.0,116.0,2024-12-25,2025-01-02
-32.0,116.0,2025-01-12,2025-01-19
-32.0,116.0,2025-01-28,2025-02-05
-32.0,116.0,2025-02-14,2025-02-17
-32.0,116.0,2025-03-02,2025-03-05
-32.0,116.0,2025-04-20,2025-04-20
-32.0,116.0,2025-05-08,2025-05-21
-32.0,116.0,2025-06-01,2025-06-14
-32.0,116.0,2025-06-19,2025-06-29
-32.0,116.0,2025-07-09,2025-07-17
-32.0,116.0,2025-07-25,2025-08-02
-32.0,116.0,2025-08-23,2025-09-03
-32.0,116.0,2025-09-09,2025-09-22
-32.0,116.0,2025-09-23,2025-10-02
-32.0,116.0,2025-10-08,2025-10-17
-32.0,116.0,2025-10-23,2025-11-03
-32.0,116.0,2025-11-06,2025-11-15
-32.0,116.0,2025-11-29,2025-12-11
-32.0,116.0,2025-12-15,2025-12-28
-32.0,116.0,2025-12-29,2026-01-07
-32.0,116.0,2026-01-13,2026-01-21
-32.0,116.0,2026-01-28,2026-02-06
-32.0,116.0,2026-02-23,2026-03-04
-32.0,116.0,2026-03-14,2026-03-23
-32.0,116.0,2026-04-23,2026-04-26
-32.0,116.5,2024-01-14,2024-01-14
-32.0,116.5,2024-02-13,2024-02-13
-32.0,116.5,2024-03-16,2024-03-26
-32.0,116.5,2024-03-31,2024-04-13
-32.0,116.5,2024-04-14,2024-04-27
-32.0,116.5,2024-05-07,2024-05-18
-32.0,116.5,2024-05-22,2024-05-27
-32.0,116.5,2024-06-06,2024-06-19
-32.0,116.5,2024-06-21,2024-07-04
-32.0,116.5,2024-07-05,2024-07-05
-32.0,116.5,2024-09-10,2024-09-21
-32.0,116.5,2024-09-28,2024-10-10
-32.0,116.5,2024-10-12,2024-10-25
-32.0,116.5,2024-10-26,2024-10-30
-32.0,116.5,2024-11-24,2024-11-26
-32.0,116.5,2024-12-16,2024-12-16
-32.0,116.5,2025-01-01,2025-01-03
-32.0,116.5,2025-02-17,2025-02-24
-32.0,116.5,2025-03-09,2025-03-21
-32.0,116.5,2025-03-28,2025-04-10
-32.0,116.5,2025-04-12,2025-04-25
-32.0,116.5,2025-04-26,2025-05-09
-32.0,116.5,2025-05-11,2025-05-21
-32.0,116.5,2025-05-27,2025-06-09
-32.0,116.5,2025-06-10,2025-06-23
-32.0,116.5,2025-06-25,2025-06-30
-32.0,116.5,2025-07-11,2025-07-23
-32.0,116.5,2025-07-25,2025-08-01
-32.0,116.5,2025-08-23,2025-09-04
-32.0,116.5,2025-09-08,2025-09-20
-32.0,116.5,2025-09-22,2025-10-02
-32.0,116.5,2025-10-08,2025-10-18
-32.0,116.5,2025-12-15,2025-12-15
-32.0,116.5,2025-12-31,2026-01-10
-32.0,116.5,2026-01-19,2026-01-19
-32.0,116.5,2026-03-18,2026-03-31
-32.0,116.5,2026-04-01,2026-04-14
-32.0,116.5,2026-04-15,2026-04-26
-32.0,117.0,2024-02-13,2024-02-13
-32.0,117.0,2024-03-07,2024-03-20
-32.0,117.0,2024-03-21,2024-04-03
-32.0,117.0,2024-04-04,2024-04-17
-32.0,117.0,2024-04-18,2024-04-29
-32.0,117.0,2024-05-03,2024-05-16
-32.0,117.0,2024-05-17,2024-05-27
-32.0,117.0,2024-07-05,2024-07-08
-32.0,117.0,2024-09-10,2024-09-18
-32.0,117.0,2024-09-29,2024-09-29
-32.0,117.0,2024-10-21,2024-10-24
-32.0,117.0,2024-12-18,2024-12-21
-32.0,117.0,2025-01-01,2025-01-01
-32.0,117.0,2025-02-24,2025-03-05
-32.0,117.0,2025-03-17,2025-03-28
-32.0,117.0,2025-03-31,2025-04-12
-32.0,117.0,2025-04-14,2025-04-27
-32.0,117.0,2025-04-28,2025-05-10
-32.0,117.0,2025-05-12,2025-05-21
-32.0,117.0,2025-05-26,2025-06-08
-32.0,117.0,2025-06-25,2025-06-27
-32.0,117.0,2025-07-14,2025-07-19
-32.0,117.0,2025-07-30,2025-08-07
-32.0,117.0,2025-09-02,2025-09-02
-32.0,117.0,2025-09-18,2025-09-21
-32.0,117.0,2025-11-03,2025-11-13
-32.0,117.0,2025-12-11,2025-12-11
-32.0,117.0,2026-03-16,2026-03-24
-32.0,117.0,2026-03-31,2026-04-13
-32.0,117.0,2026-04-14,2026-04-26
-32.0,117.5,2024-03-13,2024-03-26
-32.0,117.5,2024-03-27,2024-04-08
-32.0,117.5,2024-04-10,2024-04-22
-32.0,117.5,2024-04-26,2024-05-08
-32.0,117.5,2024-05-11,2024-05-23
-32.0,117.5,2024-05-26,2024-05-26
-32.0,117.5,2024-09-11,2024-09-11
-32.0,117.5,2024-10-01,2024-10-01
-32.0,117.5,2024-11-17,2024-11-17
-32.0,117.5,2025-03-10,2025-03-21
-32.0,117.5,2025-03-25,2025-04-06
-32.0,117.5,2025-04-08,2025-04-16
-32.0,117.5,2025-04-22,2025-05-04
-32.0,117.5,2025-05-06,2025-05-18
-32.0,117.5,2025-05-20,2025-05-26
-32.0,117.5,2025-06-25,2025-07-08
-32.0,117.5,2025-07-11,2025-07-11
-32.0,117.5,2025-09-08,2025-09-08
-32.0,117.5,2025-10-13,2025-10-13
-32.0,117.5,2026-01-16,2026-01-16
-32.0,117.5,2026-03-16,2026-03-17
-32.0,117.5,2026-03-30,2026-04-11
-32.0,117.5,2026-04-13,2026-04-26
-32.0,118.0,2024-03-26,2024-04-06
-32.0,118.0,2024-04-09,2024-04-19
-32.0,118.0,2024-04-24,2024-05-01
-32.0,118.0,2024-05-11,2024-05-24
-32.0,118.0,2024-07-03,2024-07-03
-32.0,118.0,2024-09-10,2024-09-18
-32.0,118.0,2024-10-29,2024-10-29
-32.0,118.0,2024-11-17,2024-11-17
-32.0,118.0,2024-12-11,2024-12-11
-32.0,118.0,2025-01-02,2025-01-02
-32.0,118.0,2025-01-24,2025-01-24
-32.0,118.0,2025-03-06,2025-03-19
-32.0,118.0,2025-03-20,2025-04-02
-32.0,118.0,2025-04-09,2025-04-11
-32.0,118.0,2025-04-29,2025-05-09
-32.0,118.0,2025-05-13,2025-05-26
-32.0,118.0,2025-05-28,2025-05-28
-32.0,118.0,2025-06-11,2025-06-11
-32.0,118.0,2025-07-03,2025-07-03
-32.0,118.0,2025-09-03,2025-09-03
-32.0,118.0,2025-09-24,2025-09-30
-32.0,118.0,2025-11-13,2025-11-13
-32.0,118.0,2026-04-01,2026-04-14
-32.0,118.0,2026-04-15,2026-04-25
-32.0,118.5,2024-02-28,2024-03-08
-32.0,118.5,2024-03-21,2024-04-03
-32.0,118.5,2024-04-05,2024-04-18
-32.0,118.5,2024-04-19,2024-04-21
-32.0,118.5,2024-05-07,2024-05-07
-32.0,118.5,2024-05-26,2024-06-05
-32.0,118.5,2024-09-12,2024-09-12
-32.0,118.5,2025-02-14,2025-02-14
-32.0,118.5,2025-03-14,2025-03-24
-32.0,118.5,2025-04-01,2025-04-12
-32.0,118.5,2025-04-21,2025-05-01
-32.0,118.5,2025-05-21,2025-05-24
-32.0,118.5,2025-06-15,2025-06-27
-32.0,118.5,2025-08-18,2025-08-18
-32.0,118.5,2026-03-14,2026-03-26
-32.0,118.5,2026-03-31,2026-04-13
-32.0,118.5,2026-04-14,2026-04-26
-32.0,119.0,2024-01-17,2024-01-17
